!DATEITYP;WINDGESCHWINDIGKEIT_100m*
!!DATUM_ERSTELLUNG;20261005
!!VERSION_SCHNITTSTELLE;14
!LAND;DE;DE;DE;DE;DE;DE;DE;DE;DE;DE;DE;DE;DE;DE;DE;DE;DE;DE;DE;DE;DE;DE;DE;DE;DE;DE;DE;DE;DE;DE;DE;DE;DE;DE;DE;DE;DE;DE;DE;DE;DE;DE;DE;DE;DE;DE;DE;DE;DE;DE;DE;DE;DE;DE;DE;DE;DE;DE;DE;DE;DE;DE;DE;DE;DE;DE;DE;DE;DE;DE;DE;DE;DE;DE;DE;DE;DE;DE;DE;DE;DE;DE;DE;DE;DE;DE;DE;DE;DE;DE;DE;DE;DE;DE;DE;DE;DE;DE;DE;DE;DE;DE;DE;DE;DE;DE;DE;DE;DE;DE;DE;DE;DE;DE;DE;DE;DE;DE;DE;DE;DE;DE;DE;DE;DE;DE;DE;DE;DE;DE;DE;DE;DE;DE;DE;DE;DE;DE;DE;DE;DE;DE;DE;DE;DE;DE;DE;DE;DE;DE;DE;DE;DE;DE;DE;DE;DE;DE;DE;DE;DE;DE;DE;DE;DE;DE;DE;DE;DE
!MESSHOEHE_M;100;100;100;100;100;100;100;100;100;100;100;100;100;100;100;100;100;100;100;100;100;100;100;100;100;100;100;100;100;100;100;100;100;100;100;100;100;100;100;100;100;100;100;100;100;100;100;100;100;100;100;100;100;100;100;100;100;100;100;100;100;100;100;100;100;100;100;100;100;100;100;100;100;100;100;100;100;100;100;100;100;100;100;100;100;100;100;100;100;100;100;100;100;100;100;100;100;100;100;100;100;100;100;100;100;100;100;100;100;100;100;100;100;100;100;100;100;100;100;100;100;100;100;100;100;100;100;100;100;100;100;100;100;100;100;100;100;100;100;100;100;100;100;100;100;100;100;100;100;100;100;100;100;100;100;100;100;100;100;100;100;100;100;100;100;100;100;100;100
!BREITENGRAD_DEG_N;53,00;53,00;53,00;53,00;53,00;53,00;53,00;53,00;53,00;53,00;53,00;53,00;53,00;53,25;53,25;53,25;53,25;53,25;53,25;53,25;53,25;53,25;53,25;53,25;53,25;53,25;53,50;53,50;53,50;53,50;53,50;53,50;53,50;53,50;53,50;53,50;53,50;53,50;53,50;53,75;53,75;53,75;53,75;53,75;53,75;53,75;53,75;53,75;53,75;53,75;53,75;53,75;54,00;54,00;54,00;54,00;54,00;54,00;54,00;54,00;54,00;54,00;54,00;54,00;54,00;54,25;54,25;54,25;54,25;54,25;54,25;54,25;54,25;54,25;54,25;54,25;54,25;54,25;54,50;54,50;54,50;54,50;54,50;54,50;54,50;54,50;54,50;54,50;54,50;54,50;54,50;54,75;54,75;54,75;54,75;54,75;54,75;54,75;54,75;54,75;54,75;54,75;54,75;54,75;55,00;55,00;55,00;55,00;55,00;55,00;55,00;55,00;55,00;55,00;55,00;55,00;55,00;55,25;55,25;55,25;55,25;55,25;55,25;55,25;55,25;55,25;55,25;55,25;55,25;55,25;55,50;55,50;55,50;55,50;55,50;55,50;55,50;55,50;55,50;55,50;55,50;55,50;55,50;55,75;55,75;55,75;55,75;55,75;55,75;55,75;55,75;55,75;55,75;55,75;55,75;55,75;56,00;56,00;56,00;56,00;56,00;56,00;56,00;56,00;56,00;56,00;56,00;56,00;56,00
!LAENGENGRAD_DEG_E;3,00;3,25;3,50;3,75;4,00;4,25;4,50;4,75;5,00;5,25;5,50;5,75;6,00;3,00;3,25;3,50;3,75;4,00;4,25;4,50;4,75;5,00;5,25;5,50;5,75;6,00;3,00;3,25;3,50;3,75;4,00;4,25;4,50;4,75;5,00;5,25;5,50;5,75;6,00;3,00;3,25;3,50;3,75;4,00;4,25;4,50;4,75;5,00;5,25;5,50;5,75;6,00;3,00;3,25;3,50;3,75;4,00;4,25;4,50;4,75;5,00;5,25;5,50;5,75;6,00;3,00;3,25;3,50;3,75;4,00;4,25;4,50;4,75;5,00;5,25;5,50;5,75;6,00;3,00;3,25;3,50;3,75;4,00;4,25;4,50;4,75;5,00;5,25;5,50;5,75;6,00;3,00;3,25;3,50;3,75;4,00;4,25;4,50;4,75;5,00;5,25;5,50;5,75;6,00;3,00;3,25;3,50;3,75;4,00;4,25;4,50;4,75;5,00;5,25;5,50;5,75;6,00;3,00;3,25;3,50;3,75;4,00;4,25;4,50;4,75;5,00;5,25;5,50;5,75;6,00;3,00;3,25;3,50;3,75;4,00;4,25;4,50;4,75;5,00;5,25;5,50;5,75;6,00;3,00;3,25;3,50;3,75;4,00;4,25;4,50;4,75;5,00;5,25;5,50;5,75;6,00;3,00;3,25;3,50;3,75;4,00;4,25;4,50;4,75;5,00;5,25;5,50;5,75;6,00
NNF_ID;1;2;3;4;5;6;7;8;9;10;11;12;13;26;27;28;29;30;31;32;33;34;35;36;37;38;51;52;53;54;55;56;57;58;59;60;61;62;63;76;77;78;79;80;81;82;83;84;85;86;87;88;101;102;103;104;105;106;107;108;109;110;111;112;113;126;127;128;129;130;131;132;133;134;135;136;137;138;151;152;153;154;155;156;157;158;159;160;161;162;163;176;177;178;179;180;181;182;183;184;185;186;187;188;201;202;203;204;205;206;207;208;209;210;211;212;213;226;227;228;229;230;231;232;233;234;235;236;237;238;251;252;253;254;255;256;257;258;259;260;261;262;263;276;277;278;279;280;281;282;283;284;285;286;287;288;301;302;303;304;305;306;307;308;309;310;311;312;313
1;1,8;2,0;2,1;2,2;1,8;2,4;2,5;2,4;2,2;2,2;2,0;2,0;1,6;2,3;2,4;2,2;1,8;2,1;2,4;2,4;2,3;2,3;2,0;1,9;1,6;1,8;2,1;2,2;2,1;2,4;2,7;2,8;2,4;2,1;2,0;1,9;2,5;3,1;3,5;2,6;2,6;2,7;2,9;3,0;2,9;2,9;2,7;3,4;3,3;3,3;3,6;3,9;3,2;3,0;2,9;2,8;2,9;2,8;3,3;3,5;3,5;3,5;3,7;4,3;4,5;3,6;3,6;3,3;3,2;3,1;3,0;3,3;3,5;3,6;4,2;4,5;5,0;5,6;3,7;3,5;3,3;3,2;3,2;3,5;3,6;4,2;4,8;5,1;5,3;5,7;6,1;3,7;3,8;3,7;3,9;4,2;4,5;5,0;5,4;5,5;6,0;6,2;6,9;7,1;4,3;4,4;4,5;4,8;5,5;5,6;5,9;6,0;6,3;7,1;7,5;7,9;8,4;5,0;5,5;5,8;5,8;6,0;6,3;6,7;6,9;7,6;8,1;8,3;8,9;9,1;5,5;5,7;6,0;6,0;6,6;6,9;7,4;8,1;8,5;9,0;9,3;10,0;10,3;6,2;6,5;6,7;7,2;7,8;8,1;8,5;9,1;9,4;9,8;10,1;10,6;10,9;7,1;7,3;7,5;7,8;8,4;8,7;9,2;9,7;10,3;10,7;11,0;11,5;11,7
2;2,3;1,9;2,1;2,1;2,3;2,3;1,5;1,5;1,6;1,5;1,4;1,3;1,2;1,6;1,8;0,1;2,3;1,4;0,8;0,5;0,7;0,8;0,1;1,1;1,7;2,1;1,9;1,8;0,8;1,3;1,5;1,3;1,1;1,1;1,1;1,3;1,5;2,5;3,2;2,2;2,1;2,0;2,8;2,9;2,9;2,8;2,7;1,8;2,0;2,9;3,0;3,6;3,1;2,4;2,6;2,6;2,7;2,8;2,8;2,7;2,8;2,9;3,3;3,7;4,1;3,4;3,1;3,1;2,8;2,7;2,5;2,8;3,0;3,1;3,5;3,8;4,1;4,7;3,2;3,1;2,7;2,7;2,5;3,0;3,2;3,7;3,9;4,3;4,9;5,3;5,7;3,1;3,2;3,2;3,0;3,0;3,5;4,0;4,3;4,9;5,4;5,7;6,3;6,8;3,7;3,7;3,8;3,8;4,3;5,1;5,3;5,4;5,9;6,3;6,7;7,3;7,8;4,5;4,8;4,8;5,3;5,3;5,8;5,9;6,2;6,7;7,4;7,6;8,1;8,6;5,0;5,2;5,4;5,5;5,7;6,3;6,6;7,1;7,9;8,3;8,8;9,1;9,8;5,1;5,7;5,9;6,2;7,0;7,2;8,0;8,5;8,7;9,2;9,9;10,2;10,4;6,0;6,4;6,9;7,1;7,5;8,1;8,6;9,2;9,8;10,2;10,5;11,1;11,5
3;3,1;3,4;3,2;3,1;2,7;1,7;1,5;1,5;1,5;1,2;1,2;1,1;1,3;2,6;1,9;1,1;2,0;2,0;1,5;0,3;0,1;0,3;0,3;0,2;1,7;2,1;1,9;1,9;1,8;1,2;0,6;0,3;0,2;0,1;0,3;0,7;1,2;2,0;2,2;2,3;2,1;1,8;1,8;2,3;1,2;2,1;1,1;1,1;1,6;2,1;2,3;3,2;2,7;2,4;2,5;2,5;2,1;2,1;2,2;2,5;2,5;2,5;2,5;3,1;3,3;3,2;3,1;3,0;2,6;2,3;2,3;2,1;2,2;2,2;2,7;3,4;3,8;4,2;3,1;2,5;2,5;2,3;2,2;2,3;2,1;2,3;2,9;3,9;4,1;5,1;5,3;2,8;3,0;2,8;2,6;2,3;3,0;3,4;4,0;4,2;4,9;5,2;5,3;5,9;3,2;3,1;3,5;3,4;3,9;4,1;4,4;5,2;5,0;5,4;6,1;6,6;7,1;3,7;3,8;4,2;4,5;4,7;5,0;5,3;5,6;5,9;6,7;7,2;7,6;7,7;4,2;4,4;4,7;4,8;5,2;5,4;5,7;6,2;6,9;7,6;8,0;8,4;8,8;4,8;4,8;5,0;5,4;5,9;6,6;6,6;7,3;7,9;8,7;9,2;9,4;10,1;5,5;5,6;5,9;6,6;7,0;7,4;8,0;8,5;9,3;9,5;10,0;10,5;10,8
4;3,8;4,0;4,1;3,8;3,3;2,6;2,4;2,5;1,3;1,7;1,4;1,3;1,0;3,2;3,0;3,1;2,7;2,3;2,1;1,8;1,7;1,4;0,1;0,4;0,5;1,5;2,4;2,3;2,3;2,0;2,3;2,2;1,7;1,7;0,5;1,3;0,6;1,3;2,2;2,4;2,0;2,1;2,1;2,4;2,1;1,4;1,3;1,8;1,8;1,0;0,7;1,0;2,5;2,4;3,1;2,4;2,3;2,2;2,0;1,9;2,0;1,4;2,3;2,1;2,4;3,5;3,3;2,9;2,8;2,3;2,2;2,1;2,1;1,8;2,1;2,3;2,6;3,3;3,4;2,6;2,5;2,1;1,9;1,5;1,7;1,7;2,0;2,5;3,4;4,2;4,6;2,9;2,2;1,7;1,8;1,7;2,2;1,7;2,6;2,7;3,9;4,9;5,0;5,2;3,0;2,3;2,4;3,0;3,1;3,2;3,8;4,1;4,4;4,8;5,5;5,8;6,4;3,2;3,1;3,1;3,7;3,8;4,1;4,5;4,7;5,2;5,7;6,4;7,0;7,5;3,6;3,6;3,8;3,9;4,6;4,7;5,3;5,6;5,9;6,7;7,2;8,0;8,3;3,8;4,1;4,3;4,7;5,1;5,8;6,1;6,3;6,9;7,5;8,2;8,7;9,2;4,5;4,6;5,3;5,6;6,2;7,0;7,3;7,6;8,0;9,0;9,4;9,9;10,2
5;4,0;4,4;4,4;4,4;4,2;3,8;3,2;3,0;2,8;2,1;1,6;1,9;0,7;3,6;4,0;3,9;3,7;3,4;3,3;3,0;2,7;2,1;2,1;2,1;1,7;1,2;3,3;3,0;2,7;2,9;3,2;2,9;2,1;1,9;1,7;0,8;0,6;1,3;0,6;2,8;2,9;2,4;2,5;2,3;2,3;2,0;1,6;1,7;1,4;1,4;0,5;0,9;3,5;3,5;3,3;3,0;2,8;2,4;2,2;2,1;1,9;1,6;1,5;1,0;0,2;3,9;4,1;3,8;3,1;3,0;2,8;2,5;2,1;1,9;1,8;1,8;1,9;2,1;4,0;3,5;2,7;2,3;2,3;2,2;1,8;1,3;1,5;1,1;2,0;2,0;3,4;3,5;2,7;2,6;1,7;1,6;2,0;1,7;1,2;1,3;2,4;3,0;4,0;4,8;2,8;2,7;2,3;1,5;1,6;2,1;2,8;2,4;3,3;4,0;4,6;5,1;5,6;2,7;2,5;2,0;1,9;2,2;2,9;3,5;4,2;4,5;5,0;5,6;6,1;6,5;2,7;2,8;2,5;2,3;3,4;3,8;4,5;4,8;5,3;5,9;6,3;6,9;7,4;2,8;2,9;3,3;3,7;4,2;4,7;5,3;5,9;6,3;6,8;7,2;7,6;8,3;3,5;3,8;4,2;4,7;5,2;5,8;6,4;7,0;7,5;7,8;8,2;8,8;9,4
6;5,4;5,3;5,2;5,1;4,7;4,2;3,9;3,4;3,1;2,7;2,3;2,0;1,2;4,2;4,3;4,5;4,2;4,2;3,7;3,5;3,2;3,3;2,4;2,2;1,9;1,4;3,8;3,7;3,5;3,2;3,2;3,2;2,9;2,4;2,3;2,0;2,1;1,5;1,5;4,0;3,6;3,3;2,9;3,1;2,5;2,4;2,4;2,4;2,1;1,6;1,1;1,1;4,0;3,9;3,6;3,5;3,4;3,2;3,3;3,0;2,5;2,0;1,9;1,7;1,4;5,1;4,8;4,4;4,3;4,0;3,7;3,4;3,1;2,1;1,9;1,7;1,5;1,6;4,6;4,3;3,9;3,5;3,1;2,6;2,4;2,0;0,9;1,1;1,0;1,2;1,8;4,1;4,0;3,4;2,6;2,0;2,0;1,8;1,6;1,5;1,3;1,6;2,2;2,8;3,5;3,3;2,4;1,8;1,6;1,5;1,7;1,9;1,8;2,8;3,0;4,0;4,6;2,7;2,2;1,9;1,4;1,3;1,0;2,0;2,2;3,7;4,3;4,5;5,1;5,7;2,2;2,0;1,3;1,2;1,3;2,4;2,8;3,7;4,9;5,1;5,4;6,0;6,3;0,9;1,1;1,6;1,8;1,9;3,5;4,2;5,3;5,5;5,9;6,3;7,1;7,2;0,8;1,6;2,6;3,3;4,1;4,9;5,4;5,8;6,2;7,0;7,4;7,5;7,9
7;5,9;5,9;6,0;5,9;5,4;4,7;4,4;4,1;3,7;3,4;2,9;2,6;2,1;5,1;5,0;4,8;5,0;4,5;4,3;3,8;3,7;3,3;3,1;2,7;2,5;2,2;3,9;3,8;4,3;3,8;4,0;3,6;3,7;3,1;2,5;2,5;2,4;2,3;2,6;4,1;4,3;4,3;3,5;3,2;3,1;3,3;3,0;3,2;2,6;2,6;2,5;2,1;4,5;4,4;3,9;4,5;3,8;4,0;3,5;3,2;3,0;2,8;2,5;2,4;2,2;5,2;5,1;5,1;4,6;4,6;4,4;4,0;3,4;2,9;2,5;2,4;1,5;1,5;4,9;4,8;4,7;4,5;4,1;3,8;2,7;2,5;1,8;1,5;1,4;1,4;1,5;4,8;4,4;4,6;4,4;3,2;2,6;1,6;1,3;0,6;1,1;1,4;1,6;1,7;4,6;4,1;3,8;3,1;1,5;1,2;1,2;1,0;1,1;1,5;1,9;2,4;2,5;4,0;2,6;2,6;2,1;1,0;0,8;1,1;1,0;1,9;2,4;3,1;3,3;4,3;2,4;2,1;1,7;0,7;0,2;0,8;1,5;2,0;2,5;3,2;4,0;4,5;4,9;1,3;1,0;0,6;0,4;0,8;1,9;2,4;2,9;4,1;4,6;5,0;5,8;6,3;1,1;0,7;0,3;1,8;2,0;2,9;3,7;4,5;5,1;5,9;6,3;7,0;7,3
8;6,8;6,9;6,9;6,7;6,3;5,6;5,4;4,7;4,9;4,3;3,7;3,1;2,7;5,7;5,7;5,8;5,6;5,3;5,2;4,5;4,4;4,3;4,2;3,7;3,0;2,7;4,7;4,6;4,7;4,9;4,7;4,7;4,3;3,9;3,9;3,6;3,2;2,8;3,0;4,4;4,4;4,3;4,2;4,4;4,1;4,2;4,2;3,9;3,4;3,1;3,1;2,6;5,0;5,2;4,8;4,7;4,9;4,7;4,5;4,1;3,8;3,4;3,3;3,1;3,0;5,4;5,6;5,7;5,7;5,5;5,0;4,9;4,4;4,1;4,0;3,6;3,3;3,0;5,4;5,4;5,4;5,4;4,7;4,6;4,2;3,8;3,7;3,3;2,6;2,7;1,8;5,6;5,3;5,0;4,9;4,7;4,2;3,6;2,9;1,6;1,6;1,3;1,5;1,4;5,2;5,0;4,7;4,8;3,9;3,3;2,3;1,6;1,4;1,1;0,8;1,1;1,1;4,8;4,5;4,1;3,1;2,9;2,3;1,8;1,3;1,2;1,3;1,1;2,1;2,6;3,8;2,9;2,8;1,0;1,7;0,4;0,4;0,3;0,4;1,4;1,8;3,0;3,4;2,4;1,8;1,3;1,0;0,3;0,3;0,8;1,5;1,9;2,6;3,6;4,1;5,0;1,5;1,1;0,7;0,4;0,5;1,1;1,1;2,3;3,3;4,0;4,9;5,5;6,1
9;7,7;7,8;7,7;7,9;7,7;6,8;6,4;6,1;6,0;5,6;4,9;4,3;3,7;6,4;6,4;6,5;6,7;6,6;6,3;5,7;5,5;5,3;5,2;4,5;3,8;3,3;5,5;5,6;5,6;5,8;5,5;5,2;5,1;4,3;4,4;4,3;4,4;4,3;4,4;4,9;5,0;5,0;4,7;5,0;5,1;5,0;4,7;4,7;4,6;4,6;4,5;4,2;5,3;5,1;5,4;5,7;5,5;5,3;5,3;5,0;5,0;4,9;4,6;4,4;4,2;6,5;6,0;6,1;5,9;5,8;5,7;5,3;5,3;5,2;5,3;4,7;4,3;4,1;6,3;6,2;6,1;5,8;5,7;5,6;5,1;5,0;4,7;4,3;4,3;3,7;3,3;6,3;6,0;5,4;5,4;5,2;5,3;5,0;4,3;3,9;3,6;3,5;2,5;2,1;6,3;6,0;5,6;5,1;4,9;4,7;4,4;4,1;2,3;2,1;1,9;1,9;1,7;6,1;5,8;5,5;4,9;4,6;3,8;3,2;1,8;1,5;1,5;1,1;0,5;0,2;5,0;4,8;4,4;4,0;2,8;2,4;2,2;1,1;1,0;0,6;0,6;0,8;1,7;4,1;3,7;3,4;2,0;1,7;1,5;1,0;1,0;1,3;1,5;1,8;2,4;3,2;3,1;2,8;2,2;2,0;1,4;0,9;1,0;1,1;2,0;2,6;3,5;3,7;4,3
10;9,0;9,0;8,9;8,8;8,7;7,9;7,7;6,9;7,2;6,9;6,1;5,4;4,7;7,9;8,0;7,5;7,7;7,4;7,0;6,6;6,3;6,2;6,2;5,6;4,8;4,3;6,5;6,4;6,6;6,2;6,3;6,1;6,0;5,4;5,4;5,4;5,0;5,0;5,0;6,1;5,7;5,8;5,7;5,6;5,6;5,5;5,4;5,4;5,3;5,2;5,1;4,8;6,2;6,0;6,0;5,8;5,9;5,8;5,6;5,5;5,6;5,5;5,4;5,1;4,8;7,1;7,0;6,5;6,4;6,2;6,2;5,9;5,9;5,9;5,7;5,5;5,2;4,9;7,1;6,6;6,4;5,7;5,8;5,9;5,9;5,8;5,6;5,7;5,2;4,9;4,6;7,4;6,7;6,2;6,0;6,0;5,9;5,6;5,7;5,2;5,0;4,6;4,3;4,3;7,4;7,0;6,3;6,0;5,7;5,5;5,3;5,0;4,9;4,6;4,0;3,6;2,9;7,4;6,9;6,3;5,9;5,8;5,3;4,9;4,5;4,3;3,7;3,1;2,4;2,0;6,6;6,2;5,7;5,5;5,3;4,5;4,0;3,4;2,5;2,2;1,2;1,5;1,7;6,1;5,6;5,1;5,0;4,2;3,6;2,8;2,5;1,4;2,3;2,4;2,0;2,3;5,3;4,8;4,5;3,8;3,5;3,1;1,6;1,9;1,7;2,2;2,7;2,9;3,2
11;10,1;10,0;9,8;9,8;9,6;8,6;8,3;7,7;7,8;7,5;6,8;6,0;5,2;8,9;8,9;9,0;8,7;8,6;8,4;7,6;7,3;7,1;6,8;6,0;5,0;4,5;8,0;7,9;7,9;7,6;7,4;7,3;6,9;6,5;6,4;5,8;5,7;5,6;5,6;7,3;7,3;6,9;6,8;6,7;6,5;6,2;6,2;5,8;5,8;5,8;5,7;5,2;7,2;7,2;6,7;6,7;6,8;6,4;6,3;6,2;6,0;6,0;6,0;5,9;5,7;7,3;7,5;7,4;7,2;7,2;7,1;6,5;6,4;6,3;6,2;6,2;6,1;5,8;7,8;7,5;7,4;7,1;6,6;6,5;6,5;6,5;6,3;6,3;5,9;5,5;5,4;8,0;7,7;7,5;7,0;7,1;6,9;6,5;6,3;5,7;5,9;5,5;5,1;5,0;8,6;8,1;7,8;7,4;7,1;7,0;6,4;5,8;5,8;5,4;5,2;5,2;4,9;8,6;8,2;7,8;7,4;6,9;6,7;6,1;5,7;5,2;5,1;5,0;4,9;4,3;8,0;7,4;7,0;6,8;6,4;6,0;5,6;5,1;4,8;4,7;4,2;4,1;3,1;7,5;7,1;6,8;6,3;6,0;5,5;4,9;4,5;3,8;3,8;3,4;3,1;3,0;7,0;6,7;6,3;6,1;5,1;4,8;4,1;3,9;3,7;3,3;3,1;3,1;3,0
12;11,0;11,0;10,6;10,7;10,5;9,6;9,0;8,6;8,6;8,1;7,2;6,6;5,6;10,2;10,1;10,2;10,1;9,6;9,2;8,3;8,1;7,8;7,3;6,6;5,7;4,6;9,4;9,2;9,0;8,8;8,6;8,3;8,0;7,1;6,8;6,8;6,5;5,9;5,9;8,6;8,6;8,3;8,3;8,0;7,7;7,5;7,4;7,0;6,8;6,4;6,5;5,7;8,1;7,8;7,8;7,8;7,7;7,4;7,3;7,1;6,9;6,7;6,5;6,4;6,2;7,8;7,8;7,6;7,4;7,4;7,2;7,1;7,0;7,0;6,9;6,7;6,4;6,6;7,7;7,7;7,5;7,6;7,4;7,2;7,2;7,1;6,8;6,8;6,6;6,4;6,0;8,5;8,2;8,0;7,9;7,7;7,3;7,1;7,0;6,7;6,6;6,2;5,9;5,6;9,4;9,0;8,7;8,2;8,0;7,6;7,7;7,2;6,7;6,6;5,8;5,8;5,6;9,7;9,2;9,0;8,5;8,1;7,8;7,5;7,2;6,2;5,8;5,6;5,5;5,4;9,5;8,9;8,6;7,9;7,6;7,4;6,9;6,4;5,9;5,6;5,1;5,1;5,1;9,0;8,5;8,1;7,7;7,2;6,8;6,4;5,7;5,3;4,9;4,5;4,4;4,2;8,5;8,3;7,7;7,5;7,0;6,5;5,9;5,4;4,5;4,4;4,2;3,8;3,5
13;12,5;12,4;12,4;12,2;11,9;10,7;10,4;9,6;9,7;9,4;8,2;7,6;6,4;12,0;11,7;11,7;11,6;11,0;10,8;9,7;9,3;8,7;8,6;7,7;6,7;5,6;11,0;10,8;10,6;10,4;10,1;9,8;9,5;8,7;8,3;8,1;7,1;6,8;6,7;10,4;10,1;9,8;9,7;9,5;9,2;9,1;8,5;7,8;7,7;7,6;7,2;6,4;9,4;9,2;9,1;9,0;8,6;8,2;8,2;7,7;7,6;7,5;7,4;7,1;6,8;8,9;8,4;8,4;8,2;8,3;8,0;7,8;7,6;7,4;7,6;7,4;7,3;6,9;8,6;8,4;8,2;8,1;8,1;7,7;7,6;7,7;7,6;7,5;7,5;7,2;6,9;9,0;8,8;8,3;8,2;8,2;8,2;7,8;8,0;7,5;7,4;7,4;7,2;7,0;9,8;9,7;9,3;9,1;8,7;8,6;8,0;8,1;7,8;7,7;7,3;7,0;6,6;10,1;9,9;9,7;9,3;9,2;8,6;8,2;8,2;7,9;7,5;7,1;6,5;6,0;9,9;9,8;9,3;9,3;8,8;8,4;8,0;7,8;7,6;7,1;6,6;5,9;5,6;9,7;9,4;9,3;8,8;8,3;8,0;7,7;7,6;7,2;6,7;6,0;5,4;5,0;9,6;9,5;9,0;8,7;8,4;8,3;7,5;7,2;6,5;6,0;5,5;4,8;4,5
14;13,6;13,6;13,6;13,5;13,4;12,3;12,0;11,2;11,3;11,0;9,7;9,1;7,8;13,1;13,3;13,1;13,2;13,0;12,6;11,4;11,3;10,7;10,5;9,4;8,0;6,7;12,6;12,3;12,3;12,3;12,2;11,6;11,4;10,4;9,9;9,3;8,9;8,2;8,0;11,6;11,6;11,5;11,5;11,4;11,1;10,5;10,2;9,7;9,2;9,1;8,6;7,5;10,6;10,7;10,6;10,5;10,2;9,9;9,8;9,6;9,3;8,8;8,5;7,8;7,5;10,2;10,0;9,8;9,9;9,7;9,5;9,0;8,5;8,3;8,2;8,0;7,7;7,8;9,6;9,5;9,3;8,9;8,7;8,5;8,3;8,2;8,0;7,9;7,9;7,8;7,9;9,5;9,3;9,1;9,1;8,5;8,6;8,4;8,2;8,2;8,2;8,1;7,8;7,9;9,9;9,8;9,6;9,4;9,3;9,0;8,8;8,6;8,4;8,3;8,3;8,1;7,8;10,0;10,0;9,8;9,7;9,6;9,4;9,2;8,9;8,7;8,4;8,4;8,1;7,8;10,1;9,8;9,6;9,5;9,5;9,3;9,1;8,5;8,6;8,3;8,0;7,8;7,4;10,1;9,8;9,6;9,5;9,5;9,3;8,8;8,6;8,3;7,9;7,7;7,5;7,0;10,3;10,0;9,9;9,8;9,4;9,3;8,9;8,5;8,0;7,7;7,2;6,7;6,3
15;15,2;15,1;15,0;15,0;14,8;13,6;13,3;12,7;13,1;12,8;11,7;10,9;9,5;15,1;14,8;14,8;14,8;14,4;14,1;12,9;12,9;12,7;12,7;11,4;10,1;8,6;14,1;14,1;14,2;14,1;13,7;13,6;13,2;12,1;11,9;11,5;11,0;10,3;9,8;13,2;13,1;13,0;13,0;12,8;12,6;12,3;12,0;11,9;11,4;10,6;10,2;8,7;12,7;12,6;12,6;12,5;11,9;11,9;11,6;11,2;10,9;10,4;10,0;9,3;8,8;11,5;11,5;11,2;11,3;11,0;10,8;10,7;10,4;9,8;9,5;9,3;8,7;8,5;10,6;10,6;10,4;10,2;10,2;10,0;9,8;9,6;9,4;9,2;8,8;8,5;8,1;10,4;10,2;9,9;9,9;9,7;9,6;9,6;9,2;9,2;9,0;8,6;8,3;8,2;10,1;9,9;9,8;9,7;9,7;9,7;9,6;9,6;9,3;9,2;9,0;8,9;8,7;10,0;10,0;9,7;9,6;9,6;9,7;9,6;9,7;9,6;9,2;9,2;9,0;9,0;10,2;10,0;9,7;9,8;9,6;9,6;9,5;9,5;9,4;9,1;9,0;8,7;8,3;10,8;10,4;10,0;10,0;10,0;9,7;9,7;9,5;9,2;9,2;8,8;8,5;8,2;11,0;10,6;10,3;10,3;10,3;10,1;9,9;9,7;9,3;9,1;8,8;8,4;8,1
16;15,9;16,0;16,2;16,3;16,0;14,8;14,5;13,7;14,2;13,9;12,7;12,1;10,7;16,0;16,0;16,2;16,1;15,9;15,6;14,4;14,4;14,2;13,8;13,1;11,6;10,2;15,4;15,8;15,9;15,6;15,2;15,1;14,8;13,7;13,4;13,1;12,7;11,7;11,6;14,8;14,7;14,9;15,0;14,8;14,7;14,4;13,9;13,7;13,1;12,7;12,2;10,9;14,2;14,1;14,2;14,2;13,7;13,4;13,2;13,2;12,9;12,4;12,0;11,4;10,8;13,6;13,5;13,5;13,3;13,0;13,0;12,7;12,4;12,3;11,4;10,8;10,6;9,9;12,9;12,6;12,4;12,1;11,9;11,6;11,5;11,1;10,8;10,5;10,2;9,5;9,1;12,1;11,9;11,4;11,4;10,9;10,8;10,6;10,4;10,3;10,2;9,7;9,2;9,0;11,5;11,3;11,0;10,9;10,7;10,6;10,5;10,4;10,2;10,0;9,9;9,6;9,4;11,1;11,0;10,8;10,6;10,5;10,3;10,3;10,2;10,0;9,9;9,7;9,7;9,6;11,2;11,1;10,7;10,6;10,3;10,1;10,0;9,9;9,9;9,9;9,7;9,6;9,4;11,5;11,2;10,8;10,7;10,5;10,2;10,3;10,4;10,0;9,7;10,0;9,8;9,6;11,8;11,8;11,6;11,4;11,3;11,0;10,7;10,9;10,6;10,5;10,0;10,1;9,6
17;17,0;16,9;17,0;16,9;17,1;16,0;15,7;15,0;15,6;15,4;13,8;13,5;12,3;17,3;17,1;17,3;17,0;17,0;16,9;15,8;15,8;15,5;15,4;14,5;13,0;11,6;17,1;17,1;17,0;16,9;16,9;16,8;16,5;15,2;15,1;14,5;14,0;13,3;13,2;17,0;16,8;16,7;16,7;16,5;16,2;15,9;15,7;15,5;15,2;14,4;13,8;12,2;16,8;16,5;16,5;16,4;15,9;15,5;15,4;15,3;15,1;14,4;13,8;13,1;12,5;16,0;16,0;15,7;15,5;15,2;15,1;14,7;14,2;14,0;13,5;12,8;12,3;11,7;15,0;14,8;14,6;14,5;14,1;13,8;13,5;13,0;12,8;12,2;11,7;11,2;10,8;14,0;14,0;13,6;13,3;13,1;12,8;12,5;12,0;11,7;11,2;11,0;10,7;10,1;13,5;13,3;13,0;12,4;11,9;11,8;11,5;11,3;11,1;10,9;10,6;10,4;9,9;12,7;12,3;12,2;11,8;11,7;11,4;11,2;11,0;10,7;10,5;10,3;10,4;10,3;12,6;12,2;12,0;11,6;11,3;11,3;11,2;11,0;10,6;10,4;10,5;10,5;10,4;12,7;12,2;12,0;11,7;11,5;11,4;11,3;11,3;11,3;11,3;10,9;10,7;10,7;13,0;12,7;12,4;12,1;12,0;12,0;12,1;12,2;12,2;12,2;11,9;11,8;11,8
18;17,8;17,9;18,1;17,7;17,7;16,4;16,3;15,7;16,3;16,1;14,7;15,0;14,1;18,1;18,2;18,5;18,3;17,9;17,6;16,3;16,4;16,3;16,8;16,0;15,1;13,9;18,5;18,4;18,8;18,0;17,8;17,6;17,4;16,4;16,1;15,8;15,5;14,9;14,2;18,6;18,7;18,5;18,3;17,9;17,7;17,6;17,3;17,0;16,7;15,8;15,3;13,6;18,8;18,8;18,6;18,4;17,8;17,7;17,3;17,2;16,9;16,2;15,5;15,3;14,3;18,3;18,1;17,9;17,7;17,6;17,3;17,0;16,5;16,4;15,6;15,0;14,3;13,7;17,7;17,7;17,2;17,0;16,6;16,2;16,0;15,4;15,0;14,6;14,2;13,2;12,7;17,1;16,6;16,5;16,0;15,5;15,4;14,7;14,5;13,9;13,4;12,7;12,4;11,7;16,6;16,2;15,4;14,9;14,4;14,2;13,4;13,2;13,0;12,6;11,9;11,6;11,3;15,6;14,8;14,3;13,8;13,2;13,0;12,9;12,1;11,8;11,6;11,5;11,3;11,3;14,5;14,0;13,4;13,0;12,8;12,5;12,3;12,0;11,8;11,7;11,5;11,4;11,2;14,3;14,0;13,2;12,8;12,8;12,6;12,5;12,1;12,1;12,0;12,0;11,9;12,0;14,1;13,9;13,4;13,1;13,2;13,1;13,0;12,9;12,7;12,7;12,9;13,1;12,8
19;18,3;18,2;18,6;18,5;18,5;17,2;17,0;16,4;16,9;16,9;15,7;15,5;14,6;19,2;19,2;19,2;19,2;19,0;18,8;17,6;17,1;16,8;17,1;16,3;15,3;14,2;19,5;19,2;19,5;19,6;19,4;19,2;18,7;17,3;17,0;16,8;16,6;16,3;16,0;19,5;19,3;19,5;19,3;19,0;18,7;18,8;18,6;18,4;17,9;17,3;16,9;15,3;19,5;19,3;19,4;19,0;19,0;19,0;18,8;18,4;18,2;17,6;17,5;16,9;16,2;19,5;19,7;19,4;19,2;19,0;19,0;18,6;18,2;18,3;17,5;17,2;16,6;16,2;19,3;19,2;19,1;19,2;18,7;18,7;18,1;17,8;17,4;17,1;16,5;16,1;15,4;19,2;18,8;18,7;18,4;18,1;17,8;17,1;17,0;16,8;16,4;15,7;15,3;14,6;18,5;18,4;18,1;17,8;17,3;17,0;16,6;16,2;15,8;15,1;14,6;14,3;13,6;18,1;17,7;17,2;16,7;16,5;15,9;15,3;14,8;14,4;13,9;13,5;13,1;12,9;17,0;16,7;16,4;15,6;15,4;14,4;13,9;13,6;13,4;13,0;12,8;12,8;12,5;16,6;16,1;15,3;14,7;14,2;13,6;13,7;13,6;13,1;13,0;12,8;12,7;12,6;16,2;15,2;14,9;14,1;14,1;13,7;13,6;13,5;13,4;13,3;13,3;13,5;13,5
20;19,5;19,5;19,3;19,5;19,5;18,0;18,0;17,4;18,5;18,4;17,2;17,1;16,2;19,7;20,0;19,8;19,7;19,7;19,7;18,5;18,2;18,1;18,6;18,0;17,1;15,5;19,8;20,0;20,0;20,3;19,9;19,8;19,8;18,5;18,4;18,5;18,0;18,0;18,1;19,9;20,2;20,0;20,3;19,9;20,1;19,8;19,8;19,8;19,9;19,0;18,6;16,7;20,4;20,3;20,7;20,7;20,2;20,4;20,4;20,1;20,1;19,3;18,8;18,3;17,9;20,1;20,3;20,4;20,2;20,1;20,2;20,3;19,8;19,7;19,2;18,7;18,4;17,8;20,1;20,2;20,1;20,1;19,8;19,7;19,6;19,3;19,2;18,6;18,2;17,8;17,7;20,3;20,2;19,9;19,6;19,6;19,5;19,1;19,0;18,9;18,4;18,1;18,0;17,1;19,8;19,8;19,6;19,3;19,0;18,8;18,9;18,7;18,7;18,2;17,2;17,1;16,8;19,4;19,2;19,1;19,0;18,3;18,2;18,2;18,1;17,5;17,1;17,0;16,4;16,1;19,1;18,7;18,2;18,1;18,0;17,6;17,2;16,9;16,7;16,2;15,4;14,9;14,4;18,2;17,9;17,6;17,1;17,0;16,7;16,3;15,9;15,3;14,8;14,5;14,3;14,0;17,5;17,1;16,9;16,7;16,3;15,6;15,4;15,1;14,8;14,4;14,1;14,4;14,1
21;19,6;20,3;19,9;20,0;19,5;18,4;18,5;17,9;19,0;19,4;18,5;19,4;18,0;19,9;20,5;20,2;20,5;20,1;20,3;19,2;19,2;19,2;19,8;19,5;18,7;17,3;20,3;20,3;21,4;21,4;21,0;20,4;20,8;19,5;19,6;19,8;19,9;19,8;19,8;19,9;20,3;20,8;21,2;21,2;21,0;21,1;21,1;21,2;21,3;21,3;20,2;19,4;20,3;20,8;20,6;20,9;21,0;21,0;21,2;21,5;21,4;21,4;20,9;20,4;20,1;20,4;20,7;21,0;21,3;21,1;21,8;21,8;21,8;21,8;21,8;21,2;20,4;20,2;20,8;21,3;21,5;21,5;21,3;21,3;21,3;21,3;21,8;21,0;20,2;20,1;19,8;20,7;21,3;21,4;21,5;21,4;21,2;21,2;20,7;21,1;20,4;20,2;19,6;19,3;20,7;20,7;20,5;20,6;20,7;20,6;20,3;20,3;20,2;20,0;19,5;19,1;18,7;20,6;20,6;20,3;20,3;20,2;20,2;19,9;19,7;19,6;19,1;18,9;18,6;18,3;20,2;19,8;19,9;19,7;19,7;19,3;19,3;19,0;18,9;18,4;18,3;17,9;17,1;19,8;19,9;19,8;19,2;18,7;18,5;18,4;18,3;18,1;17,4;17,0;16,4;16,0;19,2;18,5;18,2;18,2;18,1;17,9;17,4;17,3;16,9;16,3;15,7;15,8;15,1
22;19,0;19,6;19,9;20,0;20,2;18,7;19,0;18,5;19,6;19,7;18,6;19,4;18,6;19,4;19,5;20,1;20,2;20,4;21,7;20,3;19,6;19,7;20,0;19,5;18,5;17,4;19,7;19,8;20,3;20,4;20,3;20,8;21,6;20,2;19,8;19,7;20,0;19,9;20,1;19,4;19,9;20,2;20,7;21,0;21,0;21,1;21,3;21,3;21,3;21,3;21,4;19,6;20,3;20,8;20,8;21,1;21,1;21,2;21,3;21,4;21,6;21,6;21,4;21,2;20,8;19,9;20,8;21,0;21,3;21,3;21,3;22,0;21,5;22,5;22,5;21,5;21,3;21,2;20,2;20,8;21,0;21,6;21,4;21,6;22,1;22,2;22,2;22,5;21,8;21,5;21,2;20,3;20,8;21,6;21,8;21,7;21,6;21,5;21,7;21,8;21,8;21,8;21,3;21,0;20,8;21,3;21,4;21,7;21,7;21,8;21,8;21,9;21,8;21,7;21,6;21,2;20,6;20,7;21,7;21,5;21,6;21,6;21,7;21,6;21,5;21,3;20,9;20,7;20,3;19,9;20,3;20,8;20,9;21,1;21,2;21,0;20,9;20,8;20,8;20,6;19,9;19,5;18,9;20,4;20,4;20,5;20,5;20,4;20,2;20,1;19,9;19,8;19,5;19,3;18,8;18,3;20,1;20,2;20,0;20,0;20,0;20,1;19,7;19,1;19,0;18,9;17,7;17,6;17,5
23;18,8;19,3;19,5;19,5;19,8;18,8;19,0;18,6;20,2;19,9;19,1;19,7;19,1;18,8;19,5;19,8;19,8;19,9;20,3;19,3;19,9;20,3;20,4;19,3;19,5;18,2;19,5;19,7;20,0;20,1;22,0;21,9;22,0;20,3;20,1;19,8;19,9;20,4;20,6;20,1;20,3;20,3;20,5;21,5;21,5;21,7;21,8;21,9;21,5;21,8;21,7;19,9;19,7;20,8;20,8;20,9;21,2;21,4;21,5;22,3;21,8;21,6;21,4;21,5;21,4;19,9;20,9;20,9;20,9;20,9;22,4;22,4;22,5;22,3;22,4;21,7;21,6;21,7;19,7;21,5;21,4;21,4;22,1;22,1;22,2;22,3;22,1;22,8;22,6;22,5;22,0;19,9;20,5;21,0;21,2;21,9;22,0;22,0;22,0;23,0;22,9;22,5;22,0;21,9;20,3;20,5;21,2;21,1;21,3;21,5;21,9;21,9;22,6;22,2;22,0;21,9;22,1;20,3;20,4;21,1;21,7;21,5;21,5;21,8;21,8;21,7;21,6;21,9;21,7;21,8;19,9;20,0;20,8;21,0;21,5;21,4;21,3;21,4;21,8;21,1;21,0;21,1;20,6;20,0;20,5;20,4;20,6;20,6;20,5;20,6;20,5;20,7;20,2;19,9;19,7;19,6;20,2;20,4;20,4;20,5;20,4;20,4;20,4;20,3;19,9;19,6;19,4;19,1;18,9
24;18,5;18,6;19,0;19,1;19,3;18,3;18,5;18,0;19,2;19,1;18,4;20,0;18,4;18,7;19,4;19,4;19,3;19,4;19,5;18,3;18,6;18,4;19,1;18,9;19,1;18,2;18,5;19,1;19,5;19,6;19,6;20,0;19,9;19,4;19,4;19,6;19,6;20,2;20,2;18,8;19,0;19,7;19,7;20,0;19,9;20,3;20,2;21,2;21,1;20,7;21,0;19,5;18,7;19,2;19,4;20,0;20,0;20,4;20,7;21,1;21,9;22,0;21,9;22,0;21,1;18,8;19,0;19,9;20,1;20,2;20,5;21,1;21,3;22,4;21,8;22,7;22,6;22,1;19,2;19,3;19,3;19,8;20,1;20,9;21,0;21,3;21,8;22,6;22,7;22,5;22,7;19,4;19,5;19,5;19,7;20,4;21,0;21,0;21,2;21,4;22,0;22,0;22,0;22,4;19,6;19,7;19,6;19,5;21,4;21,0;21,1;21,5;21,6;21,8;21,9;22,2;22,3;19,7;19,8;19,6;19,6;20,2;21,5;21,3;21,2;21,8;21,9;21,5;21,4;21,8;19,9;19,8;19,7;20,0;20,2;20,1;21,0;20,8;20,8;20,9;21,2;21,2;21,7;20,3;20,0;19,8;20,2;20,4;20,2;20,2;20,3;20,3;20,4;20,3;20,4;20,8;19,8;19,6;19,7;19,7;19,9;20,0;20,1;20,1;20,0;20,0;19,6;19,6;19,6
25;18,0;18,1;18,3;18,5;18,7;17,6;17,7;17,2;18,0;18,3;17,9;18,7;19,0;18,0;18,3;18,5;19,0;19,3;19,4;18,1;18,1;18,0;18,4;18,5;18,5;18,5;18,4;18,6;18,7;18,9;19,2;19,7;19,6;18,3;18,3;18,4;18,5;19,0;18,7;18,7;18,8;18,9;19,2;19,3;19,5;19,6;19,6;19,9;20,0;20,0;20,1;18,4;18,7;18,8;19,0;19,2;19,2;19,7;19,8;19,8;20,0;20,1;20,3;20,3;20,7;18,8;18,8;18,7;18,8;19,0;19,6;20,3;20,3;20,7;20,7;21,3;20,9;20,0;18,9;19,2;19,2;19,2;19,2;19,8;20,1;20,6;21,3;21,6;21,7;21,5;21,0;19,0;19,2;19,2;19,4;19,5;19,9;20,5;21,0;20,8;20,9;21,8;21,3;21,3;19,2;19,5;19,5;19,4;19,6;20,0;20,7;21,1;21,3;21,5;21,5;21,5;21,8;19,8;20,0;19,9;19,7;19,7;20,2;20,6;20,8;20,8;21,2;21,6;21,4;21,6;20,1;19,9;19,8;20,0;20,1;20,2;20,7;20,7;20,8;21,0;20,8;21,1;21,1;20,6;19,9;19,8;19,8;20,0;20,1;20,8;21,1;21,0;21,0;20,6;20,7;20,9;20,6;19,7;19,8;19,5;19,5;19,8;19,8;20,0;20,0;20,5;20,4;20,6;20,3
26;18,4;18,7;18,3;18,6;19,0;17,8;17,8;17,3;18,2;18,2;17,2;18,1;18,2;18,1;18,3;18,2;18,4;18,8;19,2;17,8;18,1;17,9;18,4;17,9;17,7;16,8;18,4;18,5;18,5;18,8;18,9;19,3;19,4;18,2;18,2;18,4;18,5;18,7;19,0;18,8;18,9;19,1;19,2;19,4;19,7;19,5;19,3;19,6;19,7;19,8;19,8;18,3;19,0;18,9;18,9;19,1;19,2;19,3;19,7;19,7;19,6;19,9;19,9;20,1;20,0;19,2;19,1;19,0;19,0;19,1;19,3;19,6;19,9;20,0;20,0;20,5;20,4;20,3;19,4;19,2;19,2;19,3;19,3;19,3;19,5;20,3;20,4;20,6;20,6;20,7;20,8;19,4;19,5;19,4;19,4;19,4;19,7;19,8;19,9;20,6;20,9;20,9;21,0;21,0;20,0;19,7;19,6;19,6;19,6;19,7;20,0;20,1;21,0;21,1;21,2;21,7;21,9;20,4;20,0;19,7;19,8;19,9;19,9;20,3;20,3;20,3;20,9;21,1;21,4;21,3;20,6;20,3;20,3;19,9;20,1;20,0;20,2;20,3;20,3;20,4;20,4;20,7;20,5;21,1;20,6;20,6;20,3;20,4;20,3;20,2;20,4;20,5;20,4;20,4;20,1;20,5;21,3;20,8;20,5;20,4;20,3;20,2;20,1;21,1;21,0;20,8;20,7;19,7;19,8
27;18,4;18,7;18,7;18,7;19,0;18,0;18,3;17,8;18,2;18,3;17,4;18,2;17,4;18,3;18,6;18,8;18,7;18,9;19,2;18,1;18,3;18,0;18,4;18,2;17,4;16,2;18,8;18,7;19,1;18,9;19,0;19,2;19,7;18,4;18,4;18,3;18,5;18,5;18,4;19,1;19,3;19,3;19,0;19,3;19,3;19,7;19,8;19,9;19,9;19,8;19,8;18,3;19,3;19,4;19,3;19,1;19,2;19,1;19,6;19,6;19,6;19,9;19,9;19,9;20,0;20,2;20,1;19,9;19,4;19,5;19,3;19,2;19,4;19,8;20,1;20,1;20,1;20,3;20,5;20,2;19,8;19,9;19,6;19,9;19,8;19,7;19,5;20,2;20,9;20,8;20,8;20,6;20,5;20,3;19,8;19,7;19,9;19,7;19,7;19,9;20,0;20,5;20,7;21,0;20,6;20,7;20,6;20,6;20,4;20,0;19,9;19,9;20,0;20,1;20,2;20,7;21,0;20,9;21,1;21,0;20,7;20,4;20,2;20,2;20,0;20,0;20,1;20,1;20,3;20,7;21,6;21,5;21,4;21,1;20,9;20,4;20,1;20,1;19,9;19,9;19,8;20,0;20,1;21,8;21,9;21,8;21,4;20,9;20,6;20,5;20,2;20,0;19,8;19,7;19,9;19,9;22,5;22,0;21,6;21,3;21,1;21,2;20,7;20,2;19,9;19,9;20,0;20,2;20,1
28;17,9;17,6;17,7;17,9;18,1;17,5;17,8;17,5;18,2;18,3;17,5;17,7;16,9;18,1;18,4;17,9;18,0;18,4;19,1;17,7;18,1;18,1;18,6;17,9;17,3;16,0;19,0;19,2;18,6;18,5;18,9;19,4;19,2;18,0;18,1;18,1;18,3;18,4;18,8;19,5;19,0;18,7;19,3;19,4;19,4;19,6;19,5;19,6;19,5;19,5;19,6;18,4;20,4;20,8;19,5;19,6;19,6;19,6;19,8;19,7;19,7;19,7;20,1;19,9;19,8;20,8;20,5;20,1;20,3;20,1;19,9;19,8;19,5;19,5;20,1;20,1;19,9;19,8;21,5;21,0;20,7;20,5;20,5;20,4;20,1;19,7;19,6;19,8;20,1;20,2;20,2;21,8;21,0;20,8;20,8;20,8;20,9;20,3;19,9;19,7;19,8;19,8;19,8;19,8;22,0;22,1;21,1;21,0;21,2;21,1;20,4;20,0;19,7;19,8;19,7;19,7;19,6;23,0;23,0;22,0;21,3;21,3;21,1;20,8;20,3;19,9;19,9;19,9;19,7;19,9;23,2;23,3;21,8;21,7;21,6;21,5;21,1;20,6;19,8;20,0;19,9;19,7;19,6;23,2;23,2;22,2;22,2;22,2;21,5;21,2;20,8;20,5;20,2;19,8;19,5;19,5;23,1;23,1;22,8;22,6;22,2;21,6;21,4;21,1;20,5;20,3;20,0;19,8;19,2
29;18,0;18,3;18,0;17,9;18,3;17,4;17,7;16,9;18,2;18,1;17,3;17,7;16,8;18,6;18,6;18,5;18,2;18,2;18,8;18,0;18,0;17,8;18,6;18,0;17,6;16,4;20,6;20,0;19,2;18,8;19,2;19,3;19,4;18,3;17,8;17,9;18,1;18,7;18,7;20,6;20,6;20,4;19,5;19,5;20,5;19,9;19,7;19,3;19,4;19,4;19,0;18,0;20,9;21,1;20,9;21,0;20,9;21,0;20,6;20,3;19,6;19,4;19,4;19,3;19,3;21,3;21,1;21,3;21,1;21,0;21,0;20,9;20,5;20,2;20,1;19,5;19,5;19,4;22,2;21,9;21,3;21,3;21,3;21,1;20,9;20,9;20,3;20,0;19,9;19,7;19,5;23,0;22,7;21,9;21,2;21,2;21,2;21,1;20,6;20,2;20,1;20,1;20,0;19,8;23,1;23,0;23,0;22,4;21,6;21,2;20,9;21,0;20,5;20,2;20,1;20,0;20,0;23,2;23,1;22,9;21,9;21,8;21,4;21,5;21,3;20,8;20,1;19,9;20,0;20,0;23,1;23,1;23,0;22,3;22,1;21,7;21,7;21,5;21,1;21,0;20,5;19,9;19,8;24,1;23,1;23,0;22,8;22,4;21,8;21,7;21,5;21,2;21,0;20,6;20,3;19,8;24,2;24,3;23,3;22,9;22,9;22,4;22,0;21,6;21,5;20,9;20,7;20,6;19,7
30;17,8;17,9;17,8;17,9;18,1;17,2;17,2;16,7;18,0;18,2;17,3;17,5;16,4;18,4;18,5;18,7;18,5;18,6;18,9;17,5;17,8;17,9;18,3;18,0;17,3;16,7;19,2;20,4;19,2;19,5;20,0;19,6;19,4;17,9;17,9;18,1;18,1;18,9;19,0;20,8;20,7;19,7;19,7;19,6;19,7;20,0;19,7;19,7;19,5;19,5;19,9;18,7;20,7;20,8;21,0;21,1;20,7;21,0;20,4;20,5;20,1;19,7;19,8;19,6;18,9;21,3;21,4;21,3;21,2;21,2;21,2;21,0;20,8;20,4;20,5;19,6;19,2;19,3;23,1;22,1;22,1;21,3;21,2;21,4;21,2;21,2;20,8;20,6;20,3;19,9;19,8;24,0;23,2;22,4;22,5;22,7;21,5;21,3;21,2;20,9;20,7;20,5;20,2;19,7;24,1;23,8;23,4;23,0;22,8;22,1;22,1;21,2;21,0;21,2;20,8;20,5;19,6;24,0;24,0;23,3;23,3;23,1;22,3;22,3;21,8;21,1;21,4;21,0;21,0;20,1;23,8;23,6;23,4;23,1;22,8;22,5;22,3;21,6;21,6;21,6;21,5;21,4;20,1;25,9;25,7;25,6;23,2;22,9;22,9;22,2;21,9;21,7;21,6;21,3;21,1;20,9;25,3;25,0;23,7;23,7;23,7;22,9;22,5;22,1;21,8;21,6;21,4;21,4;20,7
31;17,2;17,5;17,5;17,7;18,0;16,8;17,1;16,7;17,7;17,8;16,9;17,4;16,6;18,4;18,3;18,3;18,4;18,3;18,6;17,3;17,6;17,5;18,0;17,9;17,5;16,3;18,7;18,9;19,3;19,1;19,5;19,6;19,3;17,8;17,6;17,6;17,9;18,3;19,0;19,7;19,9;20,0;20,5;20,6;20,8;19,7;19,5;19,5;19,2;19,2;19,3;18,1;21,5;21,7;20,9;20,9;21,1;20,6;20,4;20,2;20,0;19,5;19,4;19,4;19,7;24,2;22,1;22,2;21,1;21,2;21,2;21,2;21,0;20,9;19,9;20,2;19,7;19,7;24,7;23,8;22,2;21,7;21,6;21,5;21,4;21,3;21,3;21,4;20,4;20,4;20,5;24,6;24,6;24,3;23,4;22,1;22,0;21,8;21,6;21,4;21,4;21,2;20,6;20,3;24,5;24,5;24,7;24,7;23,2;22,8;22,4;21,9;21,7;21,5;21,2;20,9;20,8;25,5;24,6;24,6;24,7;24,4;23,3;22,8;22,3;22,1;21,7;21,5;21,4;21,3;26,6;25,8;24,6;24,6;24,6;23,5;22,9;22,5;22,4;21,9;21,9;21,8;22,1;26,5;25,7;24,3;23,9;23,8;23,8;23,6;22,8;22,4;22,3;22,0;21,8;21,6;25,3;24,3;24,0;24,0;24,1;24,2;24,3;23,9;22,6;22,2;22,2;22,0;21,5
32;17,1;17,2;17,3;17,4;17,7;16,5;16,9;16,3;17,2;17,3;16,8;17,2;16,8;18,2;18,2;18,2;18,1;18,2;18,4;17,1;17,4;17,4;17,9;17,6;17,2;15,9;19,1;19,0;18,8;18,6;19,1;18,9;18,6;17,4;17,6;17,7;17,9;17,9;18,4;19,8;20,0;19,9;19,8;20,2;20,1;19,1;19,0;19,2;19,1;19,3;19,4;18,0;20,7;20,6;21,0;21,0;20,7;20,8;20,7;20,9;20,5;20,3;20,2;19,9;20,0;22,5;22,2;23,6;23,7;22,7;23,1;21,3;21,1;20,9;21,0;20,9;20,4;20,5;26,2;25,6;25,6;24,5;24,2;23,6;21,5;21,4;21,4;21,3;21,3;21,2;21,1;25,9;25,4;25,0;24,7;24,7;25,2;22,3;22,3;22,0;21,6;21,5;21,6;21,5;26,9;26,1;25,8;25,5;25,0;25,2;25,6;25,2;22,5;21,7;21,6;21,8;21,7;26,9;26,4;25,5;25,4;24,7;24,7;25,1;25,3;23,1;22,7;22,0;21,8;21,5;27,4;26,7;26,1;25,4;25,5;24,9;25,0;24,0;23,6;22,6;22,6;22,4;22,2;27,6;26,8;26,2;25,6;25,0;23,9;23,9;24,0;24,0;24,1;22,7;22,6;22,3;26,5;25,6;25,0;24,2;24,1;24,1;24,0;23,7;23,9;23,1;23,8;22,9;22,4
33;17,1;17,2;17,3;17,4;17,6;16,5;16,6;16,0;16,9;17,2;16,2;17,7;16,8;18,0;17,9;18,1;18,3;18,2;18,4;17,1;17,3;17,1;17,7;17,1;17,2;16,1;19,4;19,2;19,3;19,1;18,8;18,7;18,7;17,5;17,5;17,7;17,8;17,7;18,4;20,1;20,1;20,2;20,3;20,4;19,7;19,7;20,0;20,0;19,4;19,3;19,1;17,8;21,0;21,0;20,8;20,5;21,0;21,0;20,7;20,7;20,5;20,0;19,4;19,6;20,0;24,1;21,0;23,3;21,1;21,3;22,6;21,3;21,1;21,3;21,5;21,2;21,0;21,0;26,7;26,5;26,2;25,8;25,3;23,9;23,2;22,3;21,9;21,9;21,8;21,6;21,4;29,4;27,0;26,6;26,3;26,2;25,9;23,9;24,2;23,9;23,7;22,3;21,5;21,8;29,3;28,5;28,0;26,1;25,8;25,4;25,1;24,3;23,9;23,7;22,8;22,6;22,1;29,3;28,5;27,8;27,1;27,0;26,7;26,3;25,2;24,8;25,4;24,7;22,4;22,2;28,3;28,2;27,9;27,2;26,9;26,6;26,2;25,8;24,4;24,3;23,6;23,3;22,3;25,8;26,9;27,2;27,1;27,1;26,0;25,6;25,2;24,7;24,2;23,9;24,3;22,5;24,7;24,7;24,0;24,2;24,2;24,3;24,3;24,4;24,2;24,1;24,4;24,4;22,5
34;17,0;17,0;17,3;17,5;17,7;16,5;16,6;15,9;16,7;17,1;16,3;17,0;16,1;18,3;18,3;18,4;18,2;18,2;18,4;16,8;17,1;17,4;17,9;17,5;17,1;16,1;19,1;19,0;19,0;19,1;19,0;19,2;19,0;17,9;17,9;18,2;18,0;18,3;19,4;20,0;20,3;20,0;19,6;20,4;20,4;20,5;20,2;20,0;20,2;20,0;20,1;18,2;24,0;24,2;21,2;21,1;20,9;21,0;21,2;21,1;21,0;20,6;20,7;20,8;20,7;23,8;24,2;24,1;23,8;23,2;22,2;21,9;22,1;20,8;21,1;21,2;20,8;21,1;24,3;24,5;24,4;23,8;24,2;23,7;23,4;23,9;22,8;23,0;22,3;21,9;22,0;24,3;27,0;25,5;26,4;27,4;26,6;25,8;25,2;24,8;23,5;23,9;24,4;22,6;27,4;28,1;27,6;27,3;26,9;26,6;25,9;25,4;25,0;24,7;24,1;24,5;23,5;28,0;27,8;27,4;27,1;26,5;26,1;25,1;24,6;24,5;28,0;24,6;25,1;25,8;24,4;24,7;24,5;25,1;25,4;25,1;24,6;24,5;25,0;25,8;26,1;25,5;25,8;23,9;24,0;24,0;24,7;24,8;24,8;25,3;24,9;24,6;25,3;25,3;23,4;24,6;23,6;24,0;24,0;24,6;24,4;24,4;24,5;24,6;24,5;24,5;23,0;23,6;22,7
35;17,1;17,0;17,1;17,3;17,4;16,4;16,5;16,0;16,8;16,9;15,9;16,1;15,5;17,8;17,9;17,9;18,1;18,0;18,3;17,1;17,3;17,2;17,5;17,1;16,7;15,5;18,7;18,9;19,1;19,1;19,3;19,3;19,4;18,2;17,4;18,5;18,5;18,5;18,9;20,4;20,1;19,7;19,5;19,8;19,7;19,7;20,2;20,6;20,6;20,5;20,7;19,1;22,9;22,6;21,2;20,7;21,4;21,5;21,6;21,5;21,1;21,1;21,1;21,2;21,2;23,3;23,2;23,3;22,7;22,5;22,7;22,4;22,4;24,1;23,9;23,1;23,0;22,5;23,7;23,8;23,7;23,7;23,6;24,3;24,1;24,0;23,9;23,8;23,4;23,1;23,3;23,8;23,9;23,9;24,1;24,1;23,9;24,1;24,2;24,3;24,3;24,2;24,1;23,9;23,8;23,9;23,7;24,3;24,7;24,3;24,3;24,3;24,4;24,5;24,4;24,3;24,1;23,8;23,8;23,7;24,4;24,4;24,1;24,3;24,5;24,6;25,2;25,2;28,7;24,1;23,4;23,2;23,4;23,9;23,8;23,9;24,0;24,2;24,4;24,6;24,7;24,8;24,9;23,0;22,7;22,9;23,4;23,6;24,1;24,2;24,0;23,7;24,7;24,8;24,1;22,8;22,8;22,5;22,7;23,1;22,8;22,8;22,6;22,1;21,9;22,0;21,9;22,3;22,3
36;17,0;17,1;17,2;17,4;17,5;16,2;16,2;15,8;16,5;16,7;15,6;15,3;14,5;17,6;17,6;17,9;17,8;17,9;18,2;17,1;17,6;17,1;17,7;17,5;16,2;15,2;18,6;18,9;19,3;19,3;19,2;19,3;19,4;17,9;18,0;18,7;18,7;18,7;19,4;21,4;21,7;21,4;21,2;20,3;20,2;20,2;20,3;20,6;21,0;21,4;21,5;20,0;22,5;22,7;22,7;22,6;22,4;21,9;21,5;22,2;21,9;23,2;24,4;24,2;24,5;23,0;23,0;23,0;22,9;22,7;22,6;22,9;22,8;23,9;24,1;24,4;24,4;24,5;23,1;22,9;23,1;23,2;23,7;23,5;23,1;24,1;24,2;24,2;24,6;24,7;24,2;23,1;23,3;23,4;23,8;23,8;23,8;24,0;23,9;24,4;24,7;25,8;25,5;24,6;22,7;23,4;23,5;23,5;23,5;23,6;23,7;23,8;24,6;26,1;26,3;25,9;25,0;23,0;23,4;23,3;23,3;23,0;23,0;23,5;23,9;23,7;23,8;25,4;25,1;29,6;22,8;22,7;22,3;22,3;22,3;22,3;22,8;23,0;23,5;23,5;23,3;23,5;25,6;23,1;22,4;22,2;22,3;22,2;22,4;22,4;22,6;22,1;22,2;21,9;24,0;24,0;22,4;22,4;22,3;22,2;21,9;21,9;21,6;21,3;21,0;20,7;20,6;21,0;21,0
37;16,5;17,0;16,8;16,9;17,2;16,4;16,2;15,7;16,7;16,9;16,1;15,5;14,6;17,3;17,3;17,3;17,2;17,4;17,7;16,8;17,1;17,0;17,4;17,0;16,2;14,7;18,1;18,0;18,2;18,4;18,4;18,8;19,2;17,6;17,9;18,1;18,0;18,7;19,3;19,5;19,9;20,1;20,0;20,1;20,2;20,4;20,0;20,3;20,3;20,1;20,8;19,5;21,1;21,4;20,8;21,0;21,7;21,3;22,3;21,8;20,9;21,1;21,4;21,4;21,5;21,2;21,5;22,0;22,3;22,1;22,7;21,8;22,0;21,6;22,1;22,0;24,2;24,4;21,4;21,5;21,7;22,2;22,3;22,4;22,5;22,5;22,6;22,8;23,4;23,6;23,9;22,6;22,1;22,2;21,9;22,1;22,2;22,3;22,4;22,7;24,2;24,2;24,3;24,3;22,6;22,6;22,6;22,7;22,1;22,1;22,4;22,4;23,1;24,3;24,3;24,2;24,3;22,7;22,9;22,9;22,4;22,3;22,3;22,0;22,2;22,9;24,2;24,1;24,0;23,9;22,4;22,5;22,3;22,4;21,7;21,5;21,6;21,7;21,9;22,1;23,0;23,8;23,8;22,0;22,0;22,0;21,9;21,8;21,4;21,4;21,5;21,5;21,6;21,7;22,1;22,0;21,7;21,9;21,9;22,1;21,4;21,2;20,7;21,2;20,7;20,2;20,3;20,4;20,3
38;15,3;15,6;15,8;15,8;15,9;15,1;15,4;15,0;15,8;16,5;15,7;15,8;14,6;16,5;16,5;16,6;16,7;16,8;17,1;16,4;16,9;16,7;17,2;16,6;16,1;15,0;17,2;17,2;17,4;17,4;17,8;17,8;17,9;16,9;17,0;18,0;18,1;18,6;19,0;18,2;18,2;18,3;18,4;18,6;18,5;18,6;18,7;19,2;19,4;19,7;20,5;19,1;18,7;19,2;19,2;19,8;19,9;19,3;19,5;19,3;19,9;19,9;20,5;20,5;20,9;19,8;19,8;20,0;20,1;20,2;19,9;20,0;20,1;20,1;20,6;20,7;21,1;21,6;20,0;19,9;20,5;20,6;20,7;20,6;21,3;20,9;21,7;20,9;22,3;22,4;22,3;20,2;21,0;21,4;21,6;20,8;22,1;20,9;21,2;21,3;22,0;22,0;22,3;22,5;21,5;21,8;22,2;22,5;22,6;22,4;22,3;22,3;22,2;22,1;22,0;22,3;22,3;21,9;21,8;22,1;22,4;22,3;22,3;22,2;21,6;21,8;21,9;21,6;21,9;22,2;21,7;21,7;21,7;22,0;21,9;21,8;21,4;21,3;21,3;21,7;21,6;21,6;21,6;22,0;21,8;21,7;21,9;21,6;21,0;20,9;21,0;20,9;20,9;20,9;21,0;21,1;22,0;22,0;21,5;21,8;21,5;21,3;21,0;20,9;20,7;20,7;20,7;20,6;20,4
39;14,5;14,5;14,8;15,0;15,3;14,3;14,4;14,2;15,3;15,8;15,0;15,0;14,7;15,4;15,4;15,4;15,6;15,6;16,0;15,1;16,0;16,2;16,5;16,0;15,6;15,2;15,8;16,1;16,1;16,4;16,6;16,7;17,0;16,4;16,4;17,0;16,9;17,2;18,6;16,5;16,7;16,9;16,9;17,1;17,3;17,7;18,0;18,1;18,2;18,5;18,8;18,1;17,3;17,6;18,1;17,8;18,1;18,3;18,7;18,7;18,7;18,7;18,9;19,3;19,6;18,1;18,6;18,5;18,6;18,9;18,9;19,0;18,8;19,0;19,4;19,4;19,6;19,9;19,2;19,2;19,3;19,5;19,8;19,6;19,6;19,8;19,8;19,8;19,7;19,9;20,2;20,1;20,1;20,3;20,4;20,4;20,5;20,7;20,6;20,8;20,7;21,1;20,6;20,5;20,4;20,5;20,7;21,2;21,0;21,0;21,1;21,0;21,1;20,8;20,7;20,7;20,6;20,7;21,3;21,4;21,5;21,7;21,7;22,2;22,1;21,4;21,4;21,4;21,0;21,1;21,3;21,5;21,8;21,9;22,0;22,2;21,9;21,2;21,2;21,1;21,3;21,5;21,6;21,5;21,9;22,0;22,2;22,3;22,5;22,6;22,5;22,5;22,3;21,2;21,1;21,3;22,3;22,2;22,3;22,6;22,7;22,6;22,8;23,1;23,1;22,4;21,5;21,6;21,3
40;13,3;13,5;13,7;14,2;14,4;13,8;13,8;13,6;14,3;15,1;14,1;14,3;13,5;13,9;14,4;14,7;14,8;14,8;15,2;14,4;14,7;15,2;15,8;15,5;14,7;14,5;14,8;15,0;15,2;15,5;15,6;15,8;16,1;15,3;15,5;15,9;16,3;16,5;16,9;15,5;15,5;15,9;16,3;16,3;16,6;16,8;17,2;17,3;17,8;17,9;18,0;16,8;16,5;16,7;16,8;16,9;17,3;17,6;17,7;17,8;18,0;18,5;18,2;18,2;18,4;17,0;17,2;17,4;17,7;18,0;17,9;18,3;18,3;18,9;18,9;18,7;18,6;19,1;17,8;17,9;18,2;18,3;18,7;18,8;19,1;19,4;19,5;19,5;19,4;19,3;19,5;18,4;18,4;18,8;19,1;19,9;20,0;20,2;20,0;20,0;20,1;20,1;20,1;20,2;18,7;19,7;20,2;20,3;20,3;20,6;20,8;20,5;20,9;20,5;20,3;20,3;20,4;20,1;20,4;20,3;20,5;20,6;21,1;20,9;21,0;21,0;20,9;20,9;20,6;20,8;20,4;20,6;20,8;21,1;21,7;21,5;21,6;21,5;22,2;22,4;21,3;21,4;20,4;20,7;21,1;21,2;21,6;21,6;22,5;22,7;22,8;22,8;23,0;22,8;22,5;22,0;20,9;21,6;22,5;22,6;22,6;22,8;22,9;23,2;23,2;23,2;23,3;23,4;23,0
41;13,0;12,9;13,0;13,3;13,8;13,1;13,1;12,9;13,7;13,8;13,1;13,5;12,7;13,2;13,4;13,6;13,8;14,1;14,4;13,7;14,0;14,1;14,5;14,3;14,3;13,6;13,8;14,0;14,1;14,6;14,7;15,0;15,1;14,8;14,8;15,0;15,4;15,6;16,3;14,6;14,7;14,9;15,0;15,4;15,7;16,0;16,2;16,5;16,8;17,0;17,1;16,5;15,4;15,8;16,1;16,2;16,3;16,7;17,1;17,3;17,5;17,7;17,7;18,0;18,0;16,4;16,5;16,6;16,9;17,1;17,3;17,5;17,7;18,0;18,1;18,2;18,4;18,6;16,9;17,0;17,2;17,4;17,8;18,0;18,3;18,5;18,8;18,5;18,4;18,6;18,9;17,2;17,9;18,2;18,3;18,5;18,6;19,2;19,4;19,5;19,5;19,5;19,7;19,8;18,0;18,6;18,6;18,6;19,1;19,7;19,8;20,1;20,2;20,4;20,1;20,1;20,1;18,8;19,0;19,1;19,1;19,7;19,9;20,1;20,3;20,3;20,7;20,6;20,3;20,3;19,6;19,6;20,4;20,7;20,6;20,9;21,3;21,3;21,5;22,0;22,2;22,2;22,2;20,3;20,5;20,6;20,9;20,9;21,3;21,6;22,9;22,8;22,6;23,1;23,2;23,1;20,8;21,0;21,1;21,3;21,9;22,1;22,9;22,8;23,3;23,5;23,7;24,1;24,1
42;12,6;12,5;12,5;12,3;12,6;12,1;12,3;12,2;13,0;12,9;12,1;12,1;11,5;12,7;12,7;12,8;12,8;13,0;13,4;12,6;13,2;13,1;13,5;13,0;12,5;12,1;13,4;13,5;13,3;13,4;13,8;14,1;14,2;13,6;13,9;14,1;14,3;14,4;15,0;14,0;14,1;14,2;14,2;14,3;14,8;15,0;15,1;15,4;15,7;16,1;16,5;15,3;14,7;15,1;14,9;15,0;15,3;15,5;15,7;15,9;16,0;16,6;16,9;17,4;17,4;15,8;16,0;15,7;15,6;16,1;16,5;16,5;17,1;17,0;17,4;17,7;17,8;17,9;16,7;16,5;16,4;16,4;16,9;17,2;17,2;17,8;17,8;18,0;18,4;18,5;18,5;17,0;16,9;17,1;17,5;17,7;17,9;18,3;18,5;18,6;19,0;18,9;19,2;19,4;17,3;17,7;17,9;17,9;18,5;18,7;19,1;19,3;19,7;19,6;19,7;19,7;19,9;18,0;18,7;18,7;18,8;19,4;19,6;19,6;19,7;19,9;20,2;20,4;20,5;20,4;18,4;19,2;19,2;19,5;20,2;20,3;20,6;20,9;21,0;21,1;21,1;21,2;21,6;19,6;19,9;19,9;20,4;20,9;20,9;20,9;21,3;21,8;21,9;22,0;22,8;22,5;20,3;20,1;20,7;21,0;21,0;21,0;21,8;21,9;22,0;22,3;23,7;23,9;24,2
43;12,2;12,2;12,1;12,0;12,2;11,4;11,3;11,1;11,5;11,7;10,9;10,6;10,0;12,4;12,3;12,6;12,3;12,5;12,5;11,7;12,0;12,0;12,2;12,1;11,5;10,6;12,8;12,9;12,8;12,7;12,8;13,2;13,4;12,9;13,0;13,3;13,2;13,3;13,6;13,9;13,7;13,6;13,4;13,6;13,9;14,1;14,3;14,5;14,7;15,0;15,5;14,5;14,9;14,9;14,5;14,7;14,6;14,7;14,9;15,0;15,1;15,5;16,1;16,3;16,5;15,3;15,4;15,2;15,0;15,4;15,6;15,7;15,8;16,1;16,8;17,0;16,8;17,4;16,2;16,1;16,0;16,1;16,2;16,3;16,9;16,8;17,0;17,5;17,5;17,7;18,1;16,7;16,7;16,8;16,7;17,0;17,5;17,2;17,5;18,0;18,0;18,3;18,5;19,2;17,5;17,5;17,6;18,0;18,1;18,3;18,5;18,4;18,4;18,9;19,2;19,3;19,6;18,1;18,4;18,2;18,3;18,8;19,1;19,0;19,4;19,5;19,7;20,0;20,0;20,2;18,4;18,6;18,6;18,9;19,3;19,8;19,6;20,1;20,4;20,5;20,7;20,9;21,1;18,9;18,7;19,2;19,7;19,7;20,0;20,6;20,9;20,9;21,2;21,3;21,5;21,2;19,4;19,6;19,8;20,2;20,4;20,9;21,2;21,2;21,5;21,6;21,7;21,8;24,2
44;12,0;11,8;11,6;11,5;11,6;10,8;10,6;10,4;10,6;10,7;10,0;9,7;9,0;12,4;12,0;11,8;11,8;11,8;11,7;10,9;11,2;11,0;11,3;11,1;10,2;9,4;13,2;12,8;12,8;12,6;12,7;12,5;12,6;11,9;12,0;12,4;12,5;12,4;12,7;14,0;13,7;13,4;13,2;13,2;13,4;13,5;13,8;14,0;14,4;14,3;14,6;13,6;14,9;14,8;14,5;14,1;14,2;14,3;14,4;14,4;14,7;14,9;15,4;15,6;16,0;15,4;15,4;15,3;15,1;15,3;15,4;15,5;15,6;15,6;16,0;16,4;16,6;16,7;16,3;16,4;16,1;15,9;15,8;16,3;16,5;16,5;16,5;16,8;17,0;17,4;17,5;17,0;16,9;16,8;16,9;17,1;17,2;17,2;17,4;17,5;17,7;18,0;18,1;18,1;17,5;17,6;17,6;17,8;17,8;17,9;18,2;18,4;18,5;18,6;18,6;18,5;18,9;18,1;18,0;18,0;18,1;18,1;18,6;18,7;19,1;19,1;19,2;19,2;19,5;19,8;18,2;18,4;18,6;18,7;18,9;19,1;19,2;19,4;19,4;19,6;20,2;20,1;20,0;19,1;19,0;19,0;18,9;19,2;19,3;19,3;19,7;20,6;20,5;20,6;20,9;21,6;19,2;19,3;19,4;19,5;19,6;19,7;20,5;21,0;21,2;21,3;21,3;21,6;21,7
45;12,2;11,8;11,3;11,5;11,5;10,6;10,5;10,0;10,3;10,3;9,6;9,3;8,5;12,6;12,2;11,8;11,6;11,5;11,6;10,7;10,7;10,5;10,9;10,5;9,7;8,8;13,6;13,3;13,0;12,6;12,7;12,7;12,5;11,6;11,5;11,7;11,8;11,8;12,2;14,3;14,2;13,9;13,4;13,4;13,6;13,5;13,3;13,3;13,8;14,0;14,1;13,1;14,9;14,9;14,8;14,5;14,2;14,4;14,8;14,8;14,8;14,9;15,1;15,3;15,5;16,2;15,7;15,3;15,0;15,1;15,2;15,4;15,5;15,7;15,7;16,1;16,5;16,6;16,7;16,4;16,3;16,3;16,2;16,3;16,1;16,6;16,6;16,7;17,0;16,9;16,8;17,1;17,2;17,1;16,9;17,2;17,2;17,2;17,3;17,2;17,3;17,6;17,6;18,0;17,6;17,7;17,7;17,6;17,6;17,8;17,7;17,8;17,8;17,9;18,2;18,5;18,6;18,1;18,2;18,1;18,2;18,3;18,1;18,3;18,5;18,8;18,8;18,8;18,9;19,1;18,2;18,4;18,5;18,5;18,9;18,9;18,9;19,1;19,1;19,3;19,5;19,4;19,4;18,5;18,7;19,0;18,7;19,0;19,4;19,4;19,4;19,6;19,9;19,8;19,8;20,0;18,8;19,3;19,4;19,7;19,9;20,1;20,1;20,0;20,2;20,2;20,6;20,9;21,7
46;12,8;12,5;12,2;11,7;11,7;10,8;10,6;10,5;10,6;10,6;9,8;9,6;8,5;13,2;12,9;12,6;12,1;12,1;11,7;10,9;11,0;10,9;11,0;10,4;9,8;9,0;13,9;13,8;13,5;13,1;12,9;12,9;12,8;11,9;12,0;12,0;12,0;11,9;12,1;14,6;14,6;14,4;14,1;14,1;13,9;13,9;14,0;13,7;13,9;14,0;14,0;13,1;15,7;15,3;15,2;14,8;14,6;14,7;14,8;14,7;14,8;15,0;15,0;15,0;15,1;16,2;16,2;16,0;15,8;15,7;15,9;15,5;15,7;15,6;15,6;16,0;16,3;16,5;16,7;16,6;16,5;16,4;16,4;16,4;16,5;16,4;16,2;16,7;16,6;16,8;16,8;17,4;17,4;17,3;17,2;17,3;17,5;17,2;17,2;17,1;17,2;17,3;17,3;17,7;17,9;17,8;17,6;17,5;17,6;17,7;17,7;17,7;17,6;17,8;17,9;18,0;18,1;17,9;17,9;18,0;17,7;17,9;18,1;18,3;18,4;18,5;19,1;18,9;18,6;18,6;18,4;18,6;18,7;18,9;18,8;18,8;19,1;19,2;19,2;19,3;19,3;19,5;19,6;18,3;18,9;19,2;19,2;19,0;19,4;19,8;19,8;19,8;19,9;20,0;20,0;19,8;18,6;18,9;19,3;19,5;19,9;20,1;20,1;20,1;19,9;20,2;20,3;20,3;20,3
47;13,1;13,2;13,2;13,1;12,8;11,8;11,4;11,0;11,4;11,5;10,5;10,3;9,4;13,7;13,6;13,4;13,1;13,0;12,9;12,0;12,1;11,8;12,2;11,6;10,3;9,7;14,8;14,2;14,2;14,0;14,1;13,8;13,9;12,8;12,8;12,6;12,7;12,6;12,7;15,3;15,1;15,0;14,8;14,8;14,7;14,7;14,6;14,5;14,6;14,7;14,7;13,6;15,7;15,7;15,6;15,7;15,7;15,5;15,6;15,3;15,2;15,8;15,7;15,9;16,1;16,4;16,5;16,3;16,1;16,0;15,9;16,3;16,3;16,3;16,5;16,5;16,5;16,6;17,0;16,9;16,8;16,8;17,1;17,0;16,8;16,7;16,9;16,9;16,9;17,0;17,0;17,6;17,4;17,5;17,3;17,3;17,5;17,4;17,5;17,6;17,5;17,7;17,8;17,8;18,3;18,3;18,1;17,9;18,0;17,8;17,8;17,7;17,8;17,9;18,1;18,4;18,5;18,5;18,5;18,5;18,3;18,3;18,4;18,4;18,5;18,5;18,5;18,9;18,9;18,9;18,6;18,6;18,8;19,0;19,1;19,1;19,1;19,2;19,1;19,4;19,6;19,4;19,6;18,8;18,8;19,1;19,3;19,5;19,8;19,8;19,7;19,5;19,8;19,6;19,7;19,6;18,9;18,9;18,7;19,2;19,9;20,2;20,0;20,0;20,0;19,7;20,3;20,1;20,5
48;14,0;14,2;13,9;13,7;13,7;12,8;12,7;12,3;12,8;12,7;11,8;11,6;10,6;14,5;14,5;14,3;14,2;13,9;14,0;12,9;13,1;12,9;13,2;12,6;11,9;10,9;15,2;15,2;15,1;15,0;15,0;14,9;14,6;13,4;13,5;13,6;13,8;13,8;13,9;16,0;15,8;15,7;15,5;15,6;15,6;15,6;15,5;15,4;15,4;15,4;15,5;14,4;16,3;16,3;16,3;16,0;16,0;16,0;16,3;16,2;16,3;16,3;16,3;16,2;16,0;16,9;16,6;16,5;16,4;16,5;16,6;16,6;16,5;16,5;16,7;16,6;16,5;16,8;17,0;17,2;17,2;17,0;17,0;16,9;17,0;17,1;17,0;17,0;16,9;17,1;17,4;17,7;17,6;17,5;17,4;17,5;17,6;17,6;17,5;17,6;17,5;17,7;17,6;18,1;18,0;18,0;17,9;18,0;18,0;18,1;18,1;18,1;18,1;18,2;18,1;18,5;18,6;18,6;18,6;18,6;18,3;18,4;18,5;18,6;18,6;18,6;18,6;18,7;18,6;18,8;18,8;18,8;18,8;18,6;19,0;19,2;18,8;18,9;19,0;19,1;19,1;19,5;19,6;18,9;18,9;19,0;19,1;19,2;19,3;19,5;19,4;19,2;19,6;19,6;19,6;19,9;18,8;19,1;19,1;19,3;19,5;19,5;19,8;20,0;19,8;19,7;20,4;20,4;20,5
49;14,7;14,7;14,7;14,8;14,8;13,8;13,7;13,3;13,8;13,7;12,8;12,9;11,9;15,2;15,1;15,1;14,9;14,9;15,1;14,1;14,1;13,8;14,0;13,5;12,7;11,9;15,7;15,7;15,7;15,5;15,7;15,4;15,5;14,7;14,7;14,7;14,5;14,4;14,8;16,2;16,2;16,1;16,0;16,0;16,0;16,1;16,0;16,2;16,3;16,1;16,0;15,3;16,6;16,5;16,5;16,5;16,5;16,3;16,4;16,3;16,3;16,5;16,4;16,6;16,6;17,0;16,9;16,9;16,9;17,0;17,1;16,9;16,8;17,1;17,0;16,8;17,0;17,2;17,4;17,6;17,4;17,3;17,4;17,5;17,4;17,2;17,3;17,3;17,3;17,6;17,8;17,7;17,8;17,8;17,5;17,6;17,8;17,8;17,7;17,6;17,9;17,8;18,0;18,3;17,9;17,9;17,9;17,8;18,0;18,0;18,0;18,0;18,0;18,3;18,5;18,6;18,6;18,0;18,0;17,9;18,1;18,3;18,6;18,5;18,8;18,7;18,8;19,0;19,0;19,2;18,2;18,4;18,3;18,4;18,8;19,1;19,0;19,3;19,2;19,4;19,6;19,6;19,7;18,3;18,4;18,4;18,7;18,8;19,1;19,5;19,5;19,6;19,7;19,9;20,0;20,0;18,4;18,7;18,8;18,9;18,9;19,4;19,5;19,7;19,7;20,4;20,5;20,6;20,3
50;15,4;15,3;15,3;15,4;15,5;14,4;14,4;13,8;14,6;14,4;13,5;13,5;12,5;16,0;15,9;15,7;15,7;15,7;15,6;14,7;14,7;14,5;14,8;14,0;13,4;12,5;16,4;16,4;16,2;16,0;16,0;16,1;16,2;15,1;15,1;15,1;15,2;15,2;15,4;16,8;16,6;16,6;16,5;16,4;16,7;16,6;16,6;16,5;16,6;16,5;16,5;15,3;17,1;16,9;17,0;16,9;16,8;17,0;17,0;16,9;16,9;16,8;16,9;16,8;16,8;17,4;17,6;17,3;17,0;17,2;17,3;17,3;17,2;17,1;17,2;17,2;17,3;17,6;17,9;17,8;17,9;17,6;17,5;17,6;17,3;17,5;17,5;17,6;17,7;17,9;17,8;17,8;17,9;18,0;17,7;17,7;17,8;17,7;17,6;17,7;18,0;18,3;18,3;18,2;17,7;17,9;18,0;17,8;18,0;18,0;18,1;18,0;18,3;18,6;18,6;18,7;19,0;18,0;18,0;18,0;17,9;18,1;18,4;18,5;18,7;18,9;19,0;19,1;19,2;19,4;18,0;18,4;18,1;18,3;18,4;18,9;19,1;19,0;19,0;19,3;19,5;19,8;19,7;17,9;18,0;18,1;18,4;18,8;18,8;19,0;19,2;19,2;20,1;20,0;20,1;20,1;18,0;17,9;18,3;18,5;19,0;19,1;19,2;19,3;19,4;20,3;20,7;20,1;19,8
51;15,9;15,7;15,6;15,7;15,9;14,9;14,9;14,5;15,0;14,9;14,1;14,1;13,2;16,1;16,1;16,2;16,1;16,0;16,1;14,9;15,1;15,1;15,3;14,7;14,3;13,4;16,9;17,0;16,8;16,6;16,5;16,5;16,5;15,5;15,4;15,4;15,5;15,7;15,9;17,3;17,4;17,1;16,8;16,8;16,9;17,0;16,9;16,7;16,8;16,9;16,9;15,6;17,5;17,6;17,5;17,3;17,2;17,4;17,3;17,2;17,2;17,2;17,0;17,1;17,4;17,8;17,8;17,8;17,6;17,5;17,6;17,6;17,6;17,4;17,6;17,7;17,8;18,1;17,9;17,9;17,8;17,7;17,9;17,7;17,8;17,6;17,6;17,8;18,0;18,3;18,4;17,9;18,0;18,0;18,0;18,1;18,2;18,1;17,9;17,9;18,4;18,5;18,7;18,7;17,6;17,9;18,0;18,2;18,2;18,1;18,2;18,2;18,5;18,8;18,9;18,8;19,4;17,7;17,8;17,9;17,9;18,1;18,3;18,4;18,7;18,7;19,4;19,2;19,1;19,2;17,6;17,8;17,9;17,9;18,5;18,8;18,8;19,3;19,1;19,7;19,6;19,4;19,7;17,8;17,8;18,0;18,2;18,4;18,7;19,3;19,3;19,4;19,4;19,4;19,8;20,1;17,5;17,9;18,2;18,3;18,7;19,2;19,3;19,4;19,2;19,9;20,0;20,3;20,3
52;16,3;16,2;16,3;16,2;16,4;15,2;15,2;14,7;15,2;15,4;14,5;14,7;13,6;16,6;16,7;16,6;16,4;16,5;16,6;15,4;15,3;15,2;15,6;15,2;14,9;13,9;17,1;17,1;17,1;16,8;16,8;16,9;16,8;15,7;15,8;15,7;15,8;15,9;16,2;17,2;17,2;17,0;17,1;17,0;17,0;17,1;17,0;17,1;17,3;17,3;17,4;16,0;17,4;17,2;17,4;17,5;17,5;17,5;17,5;17,6;17,3;17,5;17,5;17,5;17,6;17,6;17,4;17,5;17,6;17,7;17,7;17,9;17,8;17,8;17,9;17,8;17,9;17,9;17,5;17,7;17,8;17,7;17,7;18,0;18,0;18,0;18,1;18,3;18,2;18,3;18,5;17,5;17,6;17,8;17,8;18,0;18,4;18,3;18,4;18,4;18,4;18,7;18,6;19,2;17,7;17,7;17,8;17,8;18,0;18,1;18,2;18,2;18,4;18,8;19,0;19,1;19,2;17,5;17,6;17,6;17,6;17,9;18,1;18,4;18,4;18,9;19,2;19,3;19,2;19,4;17,6;17,5;17,5;17,9;18,0;18,3;18,8;19,0;19,1;19,3;19,4;19,6;19,5;17,6;17,7;17,9;17,9;18,3;18,5;19,0;19,2;19,2;19,6;19,4;19,6;20,0;17,3;17,4;17,9;17,9;18,2;18,7;19,1;19,3;19,5;19,6;20,1;20,1;20,0
53;16,6;16,6;16,5;16,3;16,4;15,3;15,5;15,0;15,6;15,6;14,8;15,2;14,2;16,9;16,7;16,7;16,6;16,7;16,6;15,5;15,6;15,6;15,8;15,6;15,0;13,8;16,9;17,0;16,9;17,1;17,2;17,1;16,9;15,7;15,8;16,2;16,0;16,2;16,3;17,1;17,3;17,2;17,1;17,1;17,1;17,2;17,2;17,3;17,5;17,4;17,5;16,2;17,2;17,2;17,4;17,4;17,4;17,2;17,3;17,5;17,4;17,4;17,5;17,7;17,7;17,2;17,3;17,2;17,3;17,3;17,4;17,5;17,7;17,8;17,8;17,9;18,1;18,2;17,6;17,3;17,2;17,4;17,7;17,7;17,8;17,9;18,0;18,1;18,5;18,6;18,6;17,7;17,6;17,4;17,5;17,6;17,8;17,9;18,0;18,2;18,4;18,7;18,7;19,3;17,7;17,7;17,4;17,3;17,5;17,7;17,8;18,1;18,3;18,5;18,7;18,9;19,1;17,8;17,8;17,7;17,7;17,8;17,8;18,1;18,2;18,4;18,7;18,9;19,1;19,4;18,0;17,9;17,7;17,7;18,0;18,1;18,3;18,7;18,9;18,9;19,2;19,4;19,8;17,9;18,0;17,9;17,7;18,0;18,4;18,7;19,0;19,2;19,2;19,7;19,8;20,1;17,9;18,0;17,9;17,8;18,0;18,2;18,8;19,2;19,4;20,0;20,4;21,2;21,0
54;16,8;16,7;16,9;16,8;16,5;15,6;15,5;15,0;15,8;15,9;15,0;15,5;14,6;17,0;16,9;16,8;16,5;16,6;16,6;15,5;15,7;15,4;15,7;15,6;15,0;14,1;17,1;17,0;16,8;16,7;16,7;16,8;17,1;15,8;15,6;15,7;15,7;15,9;16,3;17,3;17,4;17,0;17,0;16,9;16,9;17,1;17,0;16,8;17,3;17,1;17,3;16,1;17,3;17,1;17,1;17,0;17,1;17,1;17,1;17,0;17,2;17,2;17,3;17,5;17,5;17,3;17,3;17,4;17,2;17,3;17,3;17,3;17,3;17,4;17,5;17,6;17,7;17,9;17,6;17,5;17,5;17,5;17,3;17,4;17,5;17,6;17,6;17,8;18,0;18,3;18,6;17,6;17,6;17,5;17,2;17,3;17,4;17,6;17,7;17,7;18,2;18,6;18,7;18,8;17,5;17,5;17,4;17,2;17,5;17,5;17,6;17,7;17,7;18,3;18,7;18,8;18,9;17,6;17,7;17,5;17,6;17,5;17,6;17,7;18,0;18,4;18,9;18,6;18,7;19,2;17,8;17,8;17,7;17,7;17,7;17,8;18,0;18,8;18,8;19,2;18,7;18,8;19,5;18,0;17,8;17,7;17,6;17,9;18,1;18,7;19,1;19,2;19,7;19,9;20,4;20,3;17,9;17,8;17,8;17,8;18,0;18,3;18,7;19,4;19,4;20,5;20,8;21,0;20,8
55;16,8;16,8;16,8;16,7;16,8;15,7;15,6;15,0;15,7;15,7;14,9;15,1;14,4;17,0;16,9;16,9;16,7;16,5;16,4;15,2;15,5;15,3;15,8;15,5;14,9;14,1;17,3;17,2;17,2;16,9;16,6;16,5;16,7;15,5;15,4;15,5;15,7;15,8;16,0;17,4;17,3;17,0;16,9;16,9;17,0;16,9;16,8;16,7;16,8;17,0;17,0;15,8;17,7;17,4;17,2;17,1;17,1;17,0;17,0;16,9;16,8;17,0;17,0;17,0;17,4;17,9;17,5;17,3;17,2;17,2;17,4;17,2;17,0;17,0;17,1;17,2;17,3;17,5;17,7;17,5;17,5;17,4;17,5;17,4;17,5;17,4;17,6;17,5;17,8;18,0;18,1;18,0;17,6;17,6;17,3;17,5;17,5;17,5;17,6;17,7;17,8;18,0;18,3;18,6;17,9;17,8;17,5;17,4;17,5;17,5;17,5;17,6;17,5;17,9;18,3;18,6;18,7;17,7;17,5;17,5;17,5;17,5;17,5;17,5;17,9;18,0;18,3;18,7;18,9;18,9;17,8;17,6;17,7;17,6;17,7;18,1;18,2;18,4;18,6;19,1;19,3;20,1;20,3;17,9;18,1;18,0;18,0;18,0;18,1;18,3;18,9;19,1;19,3;19,5;20,2;20,7;17,8;17,8;17,8;17,9;18,0;18,6;18,7;19,1;19,5;19,4;19,5;21,3;21,3
56;17,0;16,9;16,8;16,8;16,9;15,6;15,6;15,1;15,5;15,4;14,7;15,0;14,2;17,2;17,1;17,1;16,8;16,8;16,6;15,4;15,5;15,2;15,5;14,8;14,4;13,3;17,6;17,5;17,4;17,0;16,7;16,8;16,7;15,4;15,4;15,4;15,3;15,3;15,6;17,9;17,7;17,5;17,3;17,2;17,0;16,8;16,6;16,5;16,5;16,5;16,5;15,2;18,4;18,0;17,9;17,4;17,3;17,0;17,0;16,7;16,4;16,6;16,5;16,7;16,9;18,6;18,1;18,1;17,7;17,4;17,3;17,0;16,9;16,6;16,8;16,8;17,1;17,5;18,9;18,1;18,0;17,7;17,6;17,4;17,2;17,0;17,0;17,1;17,1;17,5;17,8;18,5;18,3;17,8;17,7;17,6;17,4;17,3;17,3;17,3;17,4;17,6;18,0;18,4;18,0;18,0;17,7;17,6;17,5;17,6;17,6;17,4;17,4;17,8;17,9;18,4;18,6;18,0;17,9;17,7;17,4;17,4;17,5;17,6;17,9;18,1;18,4;18,2;18,6;18,7;18,0;17,8;17,5;17,6;17,7;18,0;18,2;18,4;18,4;18,7;19,0;19,3;19,2;17,7;17,6;17,5;17,5;17,9;18,1;18,6;18,7;18,7;19,1;19,5;20,2;20,6;17,4;17,5;17,4;17,5;18,1;18,3;18,6;18,9;18,8;19,4;19,5;20,8;21,2
57;16,9;17,1;16,9;16,9;16,8;15,7;15,6;14,9;15,4;15,6;14,6;14,6;13,5;17,5;17,3;17,3;17,1;16,8;16,8;15,5;15,5;15,2;15,4;14,8;13,8;12,6;17,9;17,9;17,7;17,4;17,3;17,0;16,9;15,5;15,3;15,4;15,1;15,2;15,4;18,2;18,0;18,0;17,7;17,5;17,3;17,0;16,7;16,5;16,5;16,3;16,3;15,1;18,4;18,4;18,3;17,9;17,7;17,5;17,2;16,7;16,5;16,6;16,5;16,5;16,5;19,1;18,6;18,4;18,2;17,9;17,5;17,3;16,9;16,5;16,6;16,6;16,7;16,9;19,7;19,3;18,4;18,0;18,0;17,8;17,5;17,1;16,7;17,0;17,0;17,2;17,4;19,8;18,6;18,5;18,0;18,0;17,9;17,5;17,3;17,2;17,4;17,5;17,9;17,9;18,5;18,5;18,1;17,9;17,6;17,6;17,5;17,7;17,4;17,8;17,9;18,1;18,2;18,3;18,2;18,1;17,8;17,7;17,8;17,3;17,9;18,2;18,2;18,4;18,5;18,8;18,2;18,1;18,0;17,6;17,8;17,8;18,1;18,1;18,3;18,4;18,8;19,0;19,6;18,2;18,0;17,7;17,7;17,7;17,8;18,4;18,4;18,5;18,7;19,5;19,2;19,6;17,8;17,7;17,7;17,4;17,6;18,0;18,3;18,6;18,6;18,9;19,8;20,2;20,7
58;17,3;17,1;17,0;16,9;17,1;15,8;15,5;14,9;15,4;15,3;14,3;14,1;13,0;18,0;17,7;17,5;17,4;17,4;16,8;15,7;15,5;15,4;15,5;14,7;13,8;12,6;18,5;18,4;17,8;17,7;17,6;17,1;16,8;15,5;15,5;15,5;15,2;15,0;15,1;19,1;18,4;18,5;18,0;17,7;17,5;17,4;16,9;16,6;16,5;16,5;16,4;15,2;18,8;18,7;18,4;18,2;17,9;17,7;17,5;17,2;16,8;16,8;16,7;16,6;16,5;19,6;19,1;18,5;18,4;18,1;17,9;17,6;17,4;17,1;17,0;16,9;16,9;16,8;19,6;19,4;19,3;19,2;18,2;18,0;17,9;17,8;17,2;17,6;17,6;17,6;17,5;19,9;19,6;18,9;18,5;18,5;18,4;18,2;18,0;17,6;17,5;17,8;17,8;17,8;20,3;19,2;18,5;18,2;18,2;18,2;17,8;17,9;18,0;17,9;17,8;18,0;18,2;19,4;18,5;18,4;18,0;17,9;17,8;17,8;17,7;17,9;17,9;18,2;18,2;18,4;18,6;18,4;18,0;17,7;17,8;17,8;18,0;17,9;18,0;18,4;18,6;18,6;19,1;18,3;18,2;18,1;17,7;17,7;17,8;17,9;18,1;18,1;18,5;18,7;19,0;19,4;18,1;17,6;17,6;17,7;17,6;17,7;18,0;18,2;18,4;18,5;18,7;19,2;19,9
59;17,4;17,4;17,4;17,4;17,4;16,2;16,0;15,2;15,8;15,5;14,3;14,2;13,0;18,2;17,8;17,7;17,7;17,5;17,3;16,1;16,0;15,6;15,8;14,9;14,1;12,6;18,5;18,2;18,1;18,1;17,9;17,7;17,5;16,1;15,8;15,8;15,5;15,3;15,3;18,6;18,7;18,7;18,3;17,9;17,9;17,8;17,5;17,3;17,1;17,0;16,7;15,4;19,1;18,8;18,7;18,2;18,1;18,0;17,9;17,8;17,5;17,3;17,2;17,1;16,9;19,1;18,9;19,0;18,8;18,3;18,3;18,1;18,0;17,9;17,9;17,8;17,6;17,4;19,7;19,6;19,0;19,0;18,9;18,5;18,2;17,9;17,7;17,7;17,8;17,8;18,0;20,0;19,3;19,0;18,9;18,7;18,4;18,3;18,0;17,9;17,8;17,8;18,1;18,0;19,4;19,3;19,2;18,5;18,4;18,3;18,3;18,3;17,8;17,9;17,8;18,0;18,1;19,2;19,0;18,9;18,3;18,3;18,3;18,0;18,0;18,0;17,9;18,2;18,2;18,2;19,0;18,7;18,5;18,0;18,0;18,0;17,9;17,9;18,0;18,2;18,1;18,0;18,4;18,6;18,4;18,0;18,0;17,9;17,9;18,0;18,0;17,9;18,2;18,1;18,2;18,6;18,5;17,9;17,5;17,4;17,6;17,7;17,8;18,0;18,0;18,1;18,2;18,7;18,7
60;17,5;17,4;17,4;17,6;17,6;16,5;16,3;15,8;16,2;16,0;15,0;14,6;13,4;17,7;18,0;17,9;17,9;17,8;17,7;16,5;16,6;16,4;16,4;15,6;14,7;13,4;18,4;18,5;18,4;18,4;18,5;18,5;18,1;16,9;16,6;16,6;16,5;16,1;16,1;19,3;19,8;19,1;18,7;18,8;18,8;18,6;18,1;18,0;17,8;17,8;17,6;16,1;20,1;20,2;20,1;19,6;19,2;18,8;18,5;18,3;18,0;17,8;17,9;17,7;17,5;20,6;20,6;20,3;19,9;19,5;19,3;18,8;18,6;18,3;18,3;18,1;18,0;17,9;21,1;21,2;20,5;20,3;19,6;19,6;19,2;18,9;18,7;18,6;18,5;18,4;18,5;21,3;20,4;20,2;19,3;19,8;19,4;18,8;18,6;18,5;18,6;18,6;18,6;18,4;20,8;20,2;19,7;19,3;19,1;18,9;18,6;18,5;18,4;18,5;18,5;18,2;18,3;20,4;19,8;19,4;19,3;19,0;18,8;18,8;18,6;18,4;18,4;18,3;18,3;18,2;19,7;19,3;19,3;19,2;18,9;18,6;18,3;18,2;18,2;18,2;18,3;18,2;18,2;19,3;19,3;19,1;18,5;18,1;18,0;18,1;18,1;18,0;18,1;18,3;18,4;18,2;18,4;18,3;18,1;18,0;17,8;17,8;18,0;17,7;17,8;17,8;18,0;18,2;18,1
61;17,3;17,7;17,8;18,0;18,2;16,8;16,8;16,3;16,9;16,9;16,1;15,4;14,0;17,8;17,9;18,1;18,2;18,4;18,3;17,0;17,2;17,0;17,2;16,3;15,6;13,9;18,4;19,1;18,8;18,6;18,7;18,5;18,5;17,3;17,2;17,4;17,4;16,9;17,1;19,6;19,7;19,6;19,1;19,0;18,9;19,0;18,6;18,6;18,6;18,7;18,6;16,8;20,4;20,5;20,1;20,1;19,8;19,8;19,2;19,1;18,8;18,7;18,8;18,6;18,3;20,3;20,8;20,9;20,4;20,1;19,6;19,4;19,1;18,8;18,9;18,8;18,8;18,5;20,3;20,3;20,4;20,5;20,2;19,4;19,3;19,2;19,0;19,0;18,8;18,9;18,9;20,0;20,1;20,4;20,3;20,3;20,3;19,4;19,3;19,3;18,9;18,9;18,8;18,7;19,8;20,2;20,3;19,8;19,8;19,6;19,2;19,3;19,0;19,1;18,8;18,5;18,5;19,7;19,8;19,6;19,6;19,7;19,4;19,1;18,9;18,6;18,6;18,5;18,5;18,4;19,4;19,4;19,5;19,4;19,5;19,0;18,8;18,8;18,3;18,4;18,3;18,5;18,3;19,2;19,1;19,0;18,3;18,6;18,6;18,3;17,9;17,9;17,9;18,0;17,9;17,9;18,8;18,3;18,1;17,8;17,7;17,7;17,6;17,6;17,6;17,6;17,6;17,8;17,4
62;17,3;17,4;17,8;18,1;18,3;17,4;17,4;17,2;18,2;17,7;16,8;16,1;14,7;18,0;17,9;18,4;18,7;18,7;18,8;17,7;18,2;18,6;18,6;17,3;16,1;14,5;18,7;19,2;19,4;19,2;19,0;19,0;19,1;18,2;18,4;18,0;17,9;18,0;18,3;19,5;19,8;20,1;20,5;20,1;19,4;18,9;19,0;19,3;19,3;19,4;19,4;17,7;20,0;20,2;20,0;20,4;20,0;20,2;19,5;19,2;19,1;19,3;19,2;19,1;19,3;20,3;20,0;20,0;20,1;20,1;19,5;19,3;19,3;19,2;19,4;19,2;19,1;19,1;19,9;19,9;19,8;19,9;19,7;19,8;19,6;19,4;19,3;19,4;19,3;19,2;19,0;20,0;20,0;20,0;19,7;19,7;19,8;19,9;19,8;19,6;19,3;19,3;19,0;19,0;20,0;20,2;20,6;19,8;19,6;19,7;19,7;19,9;19,3;19,2;19,0;19,0;18,7;19,7;19,6;19,5;19,3;19,2;19,5;19,7;19,3;19,2;19,2;19,0;18,9;18,7;19,3;19,4;19,3;19,3;19,2;19,3;19,3;18,8;18,8;18,7;18,4;18,3;18,1;19,4;19,1;19,0;19,1;19,1;18,5;18,6;18,3;18,0;18,1;17,9;17,7;17,6;18,9;18,4;18,3;18,1;17,9;17,8;18,0;18,1;17,5;17,4;17,5;17,3;17,4
63;17,4;17,5;17,6;17,6;17,9;17,0;17,1;17,2;18,2;18,3;18,3;17,6;16,5;17,7;17,9;18,1;18,3;18,5;18,7;17,7;18,0;18,1;19,4;18,7;17,5;16,2;18,1;18,1;18,4;18,5;19,0;19,1;19,1;18,0;18,2;18,2;19,0;19,0;19,1;19,7;19,7;19,6;19,6;19,4;19,2;19,0;19,0;19,2;19,3;19,7;19,8;18,1;19,6;19,9;19,8;19,8;19,8;19,4;19,8;19,7;19,2;19,4;19,6;19,8;19,4;19,9;20,0;20,1;20,1;20,0;19,4;19,8;19,9;19,7;19,6;19,5;19,4;19,4;19,9;19,9;20,1;20,1;20,0;19,7;19,6;19,7;19,6;19,6;19,6;19,5;19,3;20,2;20,2;20,2;20,3;20,0;20,1;19,7;19,7;19,4;19,6;19,6;19,3;19,4;20,3;20,4;20,1;19,9;19,7;19,8;19,2;19,3;19,4;19,5;19,2;19,1;18,9;19,7;19,9;19,7;19,5;19,5;19,4;19,1;18,9;18,8;19,0;19,3;19,0;19,1;19,5;19,2;19,4;19,5;19,5;19,4;19,2;19,0;18,8;18,9;19,0;18,6;18,3;19,1;19,3;19,1;19,0;19,1;18,9;18,5;18,4;18,4;18,4;18,1;17,8;17,6;19,1;18,4;18,3;18,2;18,0;18,3;17,7;17,3;17,0;17,2;16,8;16,7;16,9
64;16,9;17,1;17,3;17,6;18,0;16,9;16,8;16,4;17,8;18,2;17,2;18,2;16,9;17,7;17,9;17,8;17,7;18,3;18,3;17,2;17,6;18,3;18,5;18,5;18,0;16,8;18,0;18,0;18,3;18,3;18,5;18,6;18,8;17,5;18,5;18,1;19,1;19,1;19,8;19,1;19,1;19,1;19,1;19,1;18,9;19,3;19,0;19,3;19,3;19,5;19,5;18,2;19,7;19,3;19,8;19,7;19,4;19,0;19,5;19,3;19,2;19,3;19,4;19,7;19,9;20,1;20,0;19,8;20,0;19,8;19,4;19,4;19,3;19,5;19,5;19,6;19,6;19,6;20,3;20,5;20,1;20,1;19,9;19,9;20,0;19,7;19,6;19,7;19,7;19,4;19,4;20,3;20,3;20,4;20,3;20,1;20,2;20,0;19,8;19,7;19,6;19,4;19,4;19,4;20,3;20,2;20,3;20,0;20,0;20,0;19,8;19,6;19,5;19,2;19,2;18,9;19,1;19,8;19,7;19,7;19,5;19,6;19,6;19,5;19,2;18,9;18,8;18,4;18,9;18,7;18,9;19,1;18,8;18,9;19,3;19,3;19,0;18,4;18,3;18,3;18,1;18,1;18,0;19,1;19,2;19,1;18,6;18,5;18,9;18,6;18,5;17,7;17,6;17,7;17,6;17,0;19,0;19,3;18,6;18,4;18,4;18,4;18,1;17,4;17,3;16,9;16,7;16,6;16,4
65;16,9;17,1;17,2;17,3;17,2;16,2;16,4;16,2;17,3;17,5;16,7;17,9;17,1;17,5;17,8;17,9;17,9;17,8;17,9;16,9;17,3;17,5;17,9;18,1;17,5;16,5;18,0;18,3;18,4;18,4;18,4;18,3;18,5;17,5;17,6;18,2;18,7;19,1;19,3;18,7;19,1;18,9;18,8;18,7;18,9;19,0;19,1;19,1;19,2;19,4;19,5;18,2;19,4;19,5;19,5;19,4;19,2;19,2;19,4;19,2;19,3;19,4;19,4;19,5;19,5;19,6;19,6;19,6;19,7;19,6;19,8;19,9;19,5;19,5;19,5;19,5;19,5;19,5;19,8;19,9;20,0;19,7;19,9;20,1;19,8;19,8;19,7;19,7;19,5;19,5;19,0;19,7;19,6;19,6;19,6;19,6;19,9;19,9;19,4;19,4;19,5;19,3;19,3;19,2;19,9;19,8;19,6;19,5;19,6;19,7;19,6;19,8;19,5;19,0;19,0;19,0;19,1;19,7;19,7;19,6;18,9;19,0;19,5;19,5;19,6;19,2;18,9;18,7;18,5;18,4;19,6;18,7;18,6;18,6;18,6;18,5;18,4;18,4;18,3;18,2;18,1;17,7;17,5;19,3;19,1;18,9;18,7;18,7;18,5;18,3;18,1;17,7;17,6;17,1;17,0;16,9;18,9;18,9;18,6;18,5;18,0;17,9;17,6;17,5;17,2;17,0;16,8;16,6;16,3
66;16,9;16,9;17,0;17,2;17,3;16,3;16,4;16,0;17,1;17,0;16,2;16,1;15,5;17,1;17,3;17,4;17,7;17,6;17,7;16,3;16,7;17,0;17,6;16,9;16,3;16,1;17,9;18,2;18,3;18,0;18,2;17,9;18,1;17,0;17,2;17,4;17,5;17,9;18,4;18,6;18,7;18,6;18,4;18,7;18,5;18,4;18,4;18,6;18,8;19,1;19,3;18,1;18,9;18,9;18,7;18,7;18,7;18,8;18,9;18,9;18,9;18,9;19,0;19,3;19,3;19,2;19,1;19,1;19,1;19,0;19,3;19,1;19,2;19,0;19,2;19,1;19,1;19,0;19,3;19,3;19,6;19,4;19,7;19,6;19,3;19,2;19,1;19,1;18,9;18,9;19,3;19,8;19,8;19,7;19,6;19,6;19,6;19,4;19,1;19,4;19,5;19,1;19,0;18,9;19,8;20,1;20,0;19,8;19,7;19,3;19,2;19,3;19,1;19,2;19,1;18,9;19,0;19,2;19,7;19,4;19,4;19,6;19,2;18,8;18,8;18,8;19,0;19,0;18,6;18,3;19,3;19,5;19,2;19,2;19,0;18,6;18,6;18,5;18,6;17,9;17,7;17,3;17,2;19,4;19,0;19,2;19,2;19,1;18,6;18,4;18,1;17,8;17,5;17,1;17,0;16,7;18,7;18,6;18,6;19,1;18,5;17,8;17,6;17,6;17,4;17,1;16,5;16,6;16,1
67;16,8;17,1;17,0;17,1;17,2;16,1;16,2;15,8;16,8;16,9;15,7;15,7;14,8;17,0;17,2;17,3;17,5;17,4;17,4;16,3;16,6;16,5;17,1;16,4;15,9;14,8;17,5;17,6;17,6;17,5;17,7;18,0;17,8;17,0;16,6;16,8;16,8;17,3;17,5;17,6;17,9;18,3;18,5;18,6;18,4;18,5;18,5;18,4;18,0;18,2;18,2;16,9;17,9;18,5;18,3;18,6;18,7;18,6;18,6;18,4;18,6;18,4;18,4;18,6;18,3;17,9;18,6;18,8;18,8;18,9;19,0;18,7;18,6;18,5;18,7;18,4;18,6;18,8;18,5;18,8;18,8;19,2;18,8;18,9;18,9;18,9;19,0;18,9;18,7;18,6;18,6;18,7;18,9;19,0;19,2;19,2;19,2;19,0;19,2;18,5;18,9;19,1;19,1;18,7;18,9;19,1;19,1;19,5;19,1;19,0;18,9;18,8;18,5;18,9;18,8;18,6;18,4;18,8;18,9;19,0;19,4;19,2;19,1;18,9;18,8;18,6;18,5;18,4;18,2;18,3;18,8;18,7;19,0;19,1;19,1;19,0;18,7;18,4;18,4;18,1;18,0;17,6;17,1;18,8;18,6;18,6;18,8;18,9;18,6;18,4;18,0;17,8;17,6;17,2;16,7;16,6;18,7;18,4;18,6;18,8;18,5;18,3;17,8;17,5;17,1;16,7;16,4;16,2;15,8
68;15,5;15,9;16,1;16,6;16,8;15,7;15,8;15,4;16,4;16,5;15,4;15,4;14,6;16,1;16,3;16,7;16,7;17,2;17,1;15,9;16,1;16,2;16,8;16,2;15,6;14,4;16,4;16,6;17,2;17,3;17,4;17,5;17,4;16,3;16,6;16,9;16,9;17,1;17,1;16,7;16,9;17,0;17,4;17,6;17,8;17,9;17,8;18,0;18,0;18,0;18,0;16,7;17,2;17,2;17,2;17,4;17,8;18,2;18,3;18,1;18,1;18,1;18,2;18,1;18,1;17,1;17,2;17,4;18,0;18,3;18,4;18,3;18,2;18,2;18,3;18,4;18,4;18,6;17,3;17,5;17,7;17,9;18,3;18,5;18,5;18,6;18,5;18,3;18,2;18,4;18,4;17,9;17,9;17,9;18,1;18,4;18,6;18,7;18,7;18,6;18,5;18,2;18,2;18,1;18,0;18,3;18,3;18,3;18,6;18,8;18,7;18,7;18,7;18,6;18,5;18,2;18,2;18,1;18,1;18,4;18,5;18,5;18,7;18,4;18,6;18,4;18,5;18,2;18,2;17,9;18,1;18,3;18,5;18,7;18,4;18,4;18,4;18,4;18,5;17,9;17,9;17,7;17,1;18,2;18,1;18,3;18,5;18,6;18,6;18,3;18,2;17,6;17,4;16,9;16,8;16,3;18,0;18,1;18,2;18,5;18,4;18,1;17,8;17,5;17,2;16,7;16,2;16,4;15,4
69;14,3;14,7;15,0;15,2;15,5;14,7;15,0;14,7;15,7;15,7;14,9;15,2;14,2;14,5;15,2;15,2;15,6;15,8;16,1;15,4;15,6;15,6;16,3;15,6;15,1;14,3;15,1;15,7;15,9;16,2;16,5;16,8;16,8;15,7;16,0;16,2;16,1;16,2;16,8;15,6;16,0;16,2;16,4;16,6;16,9;17,1;17,0;17,2;17,3;17,6;17,6;16,5;15,9;16,2;16,3;16,5;16,6;17,1;17,4;17,3;17,6;18,2;17,9;17,8;17,7;16,2;16,6;16,6;16,9;17,0;17,4;17,4;17,9;18,1;18,2;17,9;17,9;17,9;16,5;16,7;17,0;17,3;17,6;17,5;17,6;18,0;18,3;18,2;18,2;18,2;18,1;16,4;17,0;17,4;17,6;17,6;17,6;17,8;17,9;18,3;18,5;18,4;18,3;18,2;16,6;17,2;17,5;17,6;17,8;17,8;17,9;18,1;18,4;18,0;18,0;17,9;17,9;16,5;17,2;17,6;17,9;18,0;18,0;18,0;18,2;18,1;18,0;18,0;17,9;17,9;16,7;17,2;17,7;18,0;18,1;18,0;18,0;18,0;18,0;18,1;17,3;16,8;16,7;16,9;17,0;17,6;18,0;17,9;17,9;17,8;17,9;17,6;17,4;17,0;16,3;15,9;17,0;17,6;18,0;18,0;17,9;17,8;17,5;17,6;17,5;17,0;16,4;15,8;14,9
70;13,3;13,6;13,9;14,2;14,4;13,7;13,8;13,8;15,0;14,9;14,4;14,7;13,9;13,6;13,7;14,2;14,5;14,8;15,1;14,3;14,7;14,8;15,5;15,0;14,7;13,8;13,9;14,2;14,7;15,0;15,2;15,5;15,8;15,0;15,3;15,3;15,5;15,6;16,0;14,1;14,4;14,9;15,4;15,8;16,0;16,1;16,3;16,7;16,8;16,8;17,0;15,7;14,3;14,5;15,2;15,3;15,7;16,3;16,5;16,7;17,0;17,0;17,0;17,1;17,3;14,5;14,9;15,4;15,8;16,0;16,3;16,5;16,9;17,2;17,3;17,2;17,6;17,6;14,7;15,2;15,5;16,0;16,4;16,8;17,1;17,2;17,3;17,7;17,5;17,5;17,8;14,7;15,2;15,8;16,6;17,0;17,3;17,3;17,4;17,5;17,6;17,6;17,8;18,0;14,9;15,5;16,3;16,7;17,1;17,2;17,4;17,4;17,6;17,6;17,6;17,7;17,8;15,3;15,7;16,3;16,5;16,8;17,0;17,6;17,6;17,7;17,6;17,5;17,4;17,7;15,4;16,1;16,5;16,8;17,0;17,0;17,3;17,4;17,4;17,4;17,1;16,9;16,7;15,9;16,3;16,6;17,1;17,2;17,1;17,1;17,2;17,3;17,1;16,8;16,3;15,8;16,3;16,5;16,7;17,2;16,9;17,2;17,3;17,1;17,3;16,5;16,2;15,5;14,9
71;12,4;12,6;12,9;13,4;13,6;13,0;13,2;12,9;14,0;14,2;13,5;14,1;13,2;12,4;12,8;12,9;13,2;13,7;14,1;13,3;13,9;14,2;14,6;14,3;14,0;13,6;12,8;12,9;13,6;13,6;14,1;14,5;14,6;14,2;14,6;14,8;15,1;15,3;15,8;12,9;13,5;13,8;13,9;14,4;14,8;15,2;15,7;15,9;16,1;16,4;16,5;15,5;13,3;13,6;13,8;14,2;14,7;15,4;15,7;16,1;16,2;16,5;16,6;16,7;17,1;13,2;13,6;13,9;14,4;15,1;15,4;15,8;16,3;16,6;16,9;16,8;17,1;17,3;13,4;13,5;14,1;14,8;15,2;15,4;16,1;16,5;16,9;17,0;17,0;17,3;17,7;13,6;14,0;14,2;14,8;15,4;15,7;16,3;16,7;17,2;17,4;17,4;17,5;17,4;13,8;14,2;14,4;14,9;15,4;15,9;16,4;16,9;17,2;17,2;17,4;17,5;17,4;13,8;14,2;14,8;15,1;15,6;16,3;16,6;16,6;17,6;17,5;17,3;17,2;17,1;14,2;14,7;15,0;15,5;15,9;16,5;16,7;16,9;17,2;17,3;16,9;16,7;16,6;14,4;14,9;15,2;16,2;16,0;16,4;16,5;17,0;17,0;16,6;16,3;16,1;15,8;14,6;14,9;15,6;16,2;16,3;16,7;16,7;16,8;16,6;16,3;16,0;15,7;15,1
72;12,1;12,3;12,5;12,6;13,0;12,2;12,5;12,5;13,2;13,3;12,9;12,7;11,9;12,3;12,4;12,5;12,6;12,9;13,3;12,9;13,1;13,3;13,9;13,6;13,0;12,2;12,3;12,4;12,7;12,9;13,4;13,7;14,1;13,3;13,5;13,9;14,3;14,4;15,0;12,4;12,6;12,8;13,0;13,6;13,9;14,3;14,5;14,6;15,1;15,8;16,0;15,1;12,5;12,7;13,0;13,3;13,8;14,1;14,4;14,9;15,0;15,5;16,1;16,2;16,2;12,4;12,7;13,0;13,2;14,0;14,1;14,9;15,1;15,2;15,8;16,2;16,4;16,4;12,6;12,6;13,1;13,3;14,0;14,3;14,9;15,2;15,8;16,0;16,5;16,5;16,7;12,6;12,8;13,2;13,6;14,0;14,8;15,1;15,4;15,9;16,6;16,7;16,7;17,1;12,6;13,0;13,4;13,5;14,1;14,8;15,1;15,6;16,3;16,7;16,9;17,0;17,3;12,9;13,0;13,6;13,9;14,3;14,6;15,3;15,7;16,5;16,6;16,5;16,9;17,0;12,8;13,3;13,9;14,0;14,3;14,9;15,5;15,9;16,4;16,6;16,7;16,7;16,9;13,3;13,5;14,1;14,2;14,7;15,1;16,0;16,1;16,5;16,4;16,0;15,9;15,7;13,5;13,8;14,5;14,5;15,2;15,3;16,0;16,3;16,2;16,0;15,8;15,9;15,4
73;12,6;12,5;12,6;12,6;12,8;12,0;12,2;11,9;12,6;12,7;12,0;11,9;11,1;12,7;12,7;12,7;12,7;12,9;13,2;12,5;12,7;12,9;13,1;12,8;12,1;11,2;12,6;12,6;12,7;12,7;13,0;13,2;13,4;12,8;12,9;13,2;13,3;13,7;14,1;12,4;12,5;12,6;12,8;13,1;13,3;13,6;14,0;14,5;14,5;14,5;14,8;13,8;12,4;12,6;12,6;12,5;13,0;13,4;13,7;14,0;14,7;14,7;14,9;15,0;15,5;12,4;12,5;12,7;12,8;13,1;13,4;13,8;14,1;14,5;14,8;15,1;15,6;16,2;12,3;12,5;12,7;12,9;13,0;13,4;13,8;14,0;14,4;15,1;15,4;15,8;16,3;12,2;12,4;12,5;12,9;13,1;13,3;13,8;14,3;14,7;15,1;15,7;15,9;16,2;12,1;12,5;12,6;12,8;13,2;13,7;14,1;14,6;14,9;15,2;15,7;16,3;16,3;12,1;12,3;12,5;13,0;13,4;14,0;14,3;14,7;15,1;15,4;15,8;16,3;16,4;12,1;12,4;12,7;13,3;13,5;13,8;14,4;14,9;15,2;15,8;15,6;15,8;16,0;12,1;12,6;13,0;13,4;13,5;14,3;14,7;15,2;15,9;15,8;15,8;15,7;15,5;11,9;12,5;13,1;13,4;14,1;14,6;14,8;15,3;15,4;15,6;15,7;15,5;15,4
74;13,0;13,0;12,9;12,9;13,1;12,1;12,0;11,5;12,2;12,4;11,5;11,4;10,3;12,9;13,0;13,0;12,9;13,1;13,2;12,4;12,5;12,4;12,9;12,3;11,4;10,4;12,9;13,0;12,9;13,0;13,1;13,1;13,1;12,3;12,5;12,8;12,9;12,7;13,0;12,8;12,9;12,8;12,9;13,0;13,0;13,3;13,3;13,5;13,6;13,9;13,8;12,9;12,9;12,9;12,8;12,9;13,0;13,1;13,5;13,4;13,3;13,7;13,8;14,0;14,1;12,7;12,4;12,7;12,6;12,9;13,0;13,2;13,3;13,5;13,6;14,0;14,5;14,9;12,2;12,3;12,4;12,5;12,5;12,8;13,1;13,2;13,4;14,1;14,2;14,8;14,9;12,0;11,9;12,1;12,3;12,4;12,9;12,9;13,4;13,9;14,2;14,4;14,7;15,2;12,0;12,1;12,2;12,3;12,5;12,6;12,9;13,6;13,7;14,2;14,7;15,0;15,4;12,0;12,1;12,1;12,2;12,5;13,0;13,3;13,6;14,1;14,6;14,9;15,1;15,6;11,8;11,7;12,1;12,3;12,7;12,9;13,3;13,6;14,2;14,8;15,0;15,2;15,5;11,6;11,8;11,9;12,3;12,6;13,0;13,6;14,2;14,5;14,7;15,1;15,4;15,3;11,3;11,5;11,8;12,0;12,4;13,2;13,7;14,3;14,6;14,8;14,8;15,0;15,2
75;13,0;13,2;13,2;13,5;13,5;12,4;12,2;11,6;12,1;11,9;11,0;10,9;9,7;13,2;13,3;13,4;13,4;13,3;13,3;12,4;12,5;12,4;12,6;12,1;11,2;10,1;13,3;13,4;13,3;13,2;13,2;13,2;13,5;12,4;12,4;12,5;12,4;12,2;12,3;13,2;13,2;13,2;13,0;13,1;13,2;13,2;13,3;13,1;13,2;13,3;13,2;12,3;13,1;13,1;13,1;13,1;13,1;13,1;13,1;13,0;13,1;13,1;13,4;13,5;13,6;12,9;13,0;13,1;13,0;12,9;13,0;13,0;13,2;13,1;13,2;13,3;13,6;14,1;12,5;12,3;12,2;12,3;12,5;12,6;12,5;12,5;12,8;12,9;13,3;13,9;14,2;12,1;12,2;12,2;12,1;12,1;12,4;12,3;12,5;12,4;13,1;13,2;13,9;14,2;11,9;11,8;11,8;11,7;12,1;12,3;12,3;12,6;12,7;12,8;13,5;14,1;14,4;11,6;11,6;11,6;11,7;11,9;12,1;12,3;12,4;12,6;13,1;13,6;14,3;14,8;11,4;11,4;11,6;11,7;11,9;12,4;12,4;12,6;12,8;13,5;13,7;14,3;14,8;11,3;11,4;11,5;11,6;11,8;12,2;12,4;13,0;13,3;13,6;13,8;14,2;14,6;10,8;11,2;11,1;11,3;11,9;12,2;12,3;13,0;13,3;13,6;13,9;14,4;14,6
76;13,3;13,5;13,5;13,6;13,6;12,4;12,3;11,9;12,3;12,1;11,1;10,8;9,8;13,3;13,4;13,7;13,6;13,5;13,5;12,5;12,4;12,4;12,5;11,9;11,0;10,2;13,5;13,4;13,4;13,5;13,4;13,4;13,4;12,5;12,4;12,4;12,3;12,1;12,2;13,5;13,5;13,4;13,4;13,3;13,2;13,2;13,1;13,1;13,4;13,2;13,0;12,1;13,4;13,6;13,4;13,4;13,4;13,3;13,3;13,3;13,0;13,0;13,2;13,2;13,2;12,9;13,1;13,4;13,2;13,2;13,3;13,2;13,0;12,9;13,0;13,2;13,1;13,3;12,5;12,6;12,3;12,3;12,5;12,5;12,4;12,6;12,5;12,7;12,7;12,8;13,0;12,4;12,3;12,3;12,2;12,1;12,2;12,2;12,2;12,2;12,3;12,5;12,9;13,2;11,8;11,7;11,6;11,7;11,8;12,0;12,0;12,0;12,0;12,2;12,5;12,8;13,3;11,2;11,1;11,1;11,1;11,3;11,5;11,7;11,9;12,1;12,1;12,6;12,6;13,2;11,0;11,1;11,0;11,1;11,2;11,6;11,9;11,9;12,2;12,6;12,8;13,0;13,2;10,9;10,7;10,6;11,0;11,1;11,4;11,7;12,0;12,4;12,4;13,0;13,2;13,4;10,3;10,4;10,6;10,8;11,2;11,4;11,9;12,1;12,3;12,6;12,9;13,1;13,4
77;13,1;13,4;13,4;13,7;13,7;12,7;12,6;12,1;12,6;12,4;11,4;11,2;10,2;13,4;13,6;13,6;13,7;13,6;13,8;12,7;12,8;12,6;12,8;12,1;11,3;10,5;13,5;13,5;13,6;13,7;13,7;13,7;13,6;12,6;12,6;12,6;12,5;12,4;12,5;13,5;13,4;13,6;13,8;13,6;13,6;13,4;13,4;13,3;13,4;13,4;13,1;12,0;13,3;13,4;13,4;13,7;13,8;13,7;13,4;13,3;13,2;13,4;13,2;13,1;13,1;13,2;13,1;13,1;13,3;13,4;13,3;13,1;13,2;13,0;13,1;13,3;13,2;13,0;12,4;12,4;12,5;12,5;12,7;12,7;12,7;12,6;12,7;12,8;13,0;13,0;13,0;12,2;12,2;12,1;12,1;12,2;12,2;12,3;12,2;12,0;12,4;12,4;12,5;12,6;11,4;11,5;11,6;11,4;11,6;11,6;11,7;11,8;11,9;11,9;12,1;12,1;12,6;11,3;11,3;11,3;11,2;11,3;11,3;11,4;11,3;11,4;11,8;12,0;12,2;12,4;10,9;11,1;10,8;10,9;10,9;11,0;11,1;11,3;11,5;11,7;12,1;12,4;12,4;10,6;10,7;10,7;10,6;10,7;10,8;11,2;11,4;11,3;11,6;11,8;12,3;12,6;10,1;10,2;10,4;10,5;10,5;10,6;11,2;11,3;11,5;11,7;12,1;12,1;12,6
78;13,2;13,3;13,3;13,4;13,6;12,7;12,8;12,3;12,8;12,7;11,9;11,5;10,5;13,5;13,6;13,6;13,6;13,7;13,8;13,0;12,9;12,7;13,0;12,4;11,7;10,9;13,3;13,4;13,6;13,8;13,8;13,7;13,7;12,7;12,7;12,7;12,5;12,5;12,5;13,2;13,3;13,3;13,5;13,6;13,7;13,6;13,6;13,5;13,5;13,4;13,3;12,2;13,2;13,3;13,5;13,6;13,6;13,5;13,5;13,6;13,5;13,4;13,3;13,3;13,1;13,0;12,9;13,2;13,4;13,5;13,4;13,4;13,4;13,3;13,2;13,3;13,1;13,0;12,5;12,7;12,6;12,8;12,8;12,8;12,7;12,6;12,7;12,8;12,7;12,7;12,8;12,2;12,2;12,2;12,1;12,0;12,1;12,0;12,1;12,1;12,2;12,3;12,5;12,4;11,4;11,4;11,3;11,3;11,6;11,7;11,5;11,4;11,5;11,7;11,8;11,9;12,2;11,2;11,2;11,2;11,1;11,1;11,1;11,0;11,1;11,1;11,3;11,7;11,6;11,5;10,8;10,7;10,9;10,8;10,7;10,7;10,7;10,8;11,1;11,4;11,5;11,4;11,6;10,4;10,5;10,6;10,6;10,6;10,5;10,6;11,0;11,1;11,3;11,2;11,4;11,2;9,8;9,9;9,9;10,0;10,4;10,5;10,6;10,8;10,8;10,8;11,2;11,3;11,3
79;12,9;13,1;13,3;13,3;13,4;12,5;12,5;12,1;12,7;12,8;12,0;11,7;10,8;13,0;13,1;13,5;13,5;13,6;13,8;12,9;13,0;12,9;13,1;12,6;11,8;11,1;13,0;13,1;13,2;13,6;13,7;13,7;13,6;12,8;12,8;12,6;12,7;12,6;12,7;12,9;13,1;13,2;13,4;13,7;13,8;13,9;13,7;13,7;13,6;13,7;13,4;12,4;12,8;13,0;13,1;13,3;13,5;13,5;13,6;13,6;13,7;13,6;13,4;13,3;13,2;12,9;13,0;13,0;13,3;13,3;13,4;13,5;13,4;13,5;13,5;13,3;13,2;13,2;12,6;12,6;12,7;12,7;12,7;12,8;12,9;12,9;13,0;12,8;12,7;12,7;12,8;12,2;12,1;12,2;11,9;12,0;12,1;11,9;11,9;11,9;11,9;12,0;11,9;12,1;11,5;11,6;11,4;11,2;11,2;11,3;11,6;11,6;11,4;11,6;11,5;11,6;11,8;11,0;11,0;11,0;10,9;10,8;10,7;10,8;11,1;11,1;11,2;11,2;11,2;11,1;10,6;10,6;10,7;10,6;10,5;10,6;10,5;10,4;10,7;10,9;11,0;11,0;11,2;10,3;10,1;10,4;10,4;10,3;10,1;10,2;10,3;10,3;10,5;10,7;10,9;10,8;9,7;9,7;10,0;10,1;10,0;9,9;10,3;10,3;10,4;10,5;10,5;10,5;10,6
80;12,4;12,8;13,0;13,0;13,3;12,4;12,4;12,1;12,6;12,7;11,8;11,7;10,8;12,6;13,0;13,0;13,3;13,4;13,6;12,7;12,9;12,8;13,2;12,6;11,9;11,0;12,7;12,9;13,2;13,3;13,5;13,4;13,6;12,8;13,0;13,0;12,7;12,6;12,9;12,6;13,0;12,9;13,1;13,2;13,4;13,7;13,7;13,7;13,7;13,6;13,4;12,3;12,5;12,5;13,0;13,1;13,3;13,4;13,5;13,6;13,6;13,7;13,5;13,5;13,3;12,6;12,8;13,0;13,4;13,5;13,5;13,4;13,3;13,5;13,5;13,4;13,1;13,2;12,3;12,4;12,6;12,6;12,8;12,9;12,8;12,9;13,0;12,8;12,7;12,6;12,5;11,7;11,6;11,7;11,8;11,8;12,2;11,9;11,9;12,2;11,8;11,7;11,7;11,9;11,3;11,2;11,2;11,2;11,3;11,4;11,4;11,5;11,4;11,2;11,3;11,3;11,4;10,8;10,7;11,0;10,8;10,7;10,7;10,6;10,7;10,7;10,9;10,9;11,0;11,0;10,3;10,3;10,5;10,4;10,4;10,3;10,3;10,2;10,3;10,4;10,3;10,5;10,5;10,1;9,9;10,0;10,1;10,2;10,1;10,1;10,1;9,9;9,9;10,1;10,3;10,4;9,0;9,4;9,4;9,6;9,8;9,7;9,8;9,8;9,8;9,8;10,0;10,1;10,2
81;12,1;12,5;12,6;12,8;12,9;12,4;12,3;11,8;12,5;12,6;11,8;11,7;10,7;12,6;12,5;13,0;12,9;13,1;13,6;12,7;12,7;12,6;13,0;12,6;11,8;10,8;12,4;12,6;12,7;13,0;13,3;13,7;13,6;12,7;12,6;12,6;12,5;12,5;12,6;12,2;12,5;12,6;12,6;12,6;13,0;13,2;13,5;13,4;13,4;13,4;13,2;12,2;12,3;12,5;12,6;12,7;13,0;12,9;13,5;13,5;13,4;13,4;13,3;13,2;13,0;12,2;12,4;12,5;12,7;12,9;13,1;13,3;13,2;13,4;13,3;13,3;13,3;13,2;11,6;12,0;12,1;12,2;12,2;12,6;12,6;12,5;12,6;12,6;12,6;12,4;12,4;11,4;11,2;11,6;11,6;11,7;11,9;11,8;12,0;11,9;11,8;11,8;11,6;11,6;11,0;11,0;10,9;11,1;11,3;11,2;11,2;11,3;11,3;11,3;11,2;11,3;11,2;10,4;10,7;10,7;10,7;10,5;10,7;10,8;10,7;10,6;10,6;10,7;10,7;10,7;10,0;10,1;10,2;10,3;10,2;10,1;10,1;10,1;10,3;10,2;10,2;10,2;10,0;9,6;9,6;9,8;9,8;9,9;9,9;9,9;9,9;9,6;9,7;9,7;9,9;9,8;9,1;9,0;9,1;9,3;9,4;9,3;9,1;9,4;9,4;9,5;9,6;9,9;9,7
82;12,0;12,2;12,5;12,4;12,8;12,2;12,1;11,6;12,1;12,3;11,7;11,6;10,4;12,1;12,3;12,6;12,7;12,8;13,1;12,4;12,7;12,8;13,2;12,6;11,5;10,5;12,2;12,3;12,6;12,7;12,7;13,0;13,0;12,5;12,5;12,6;12,6;12,6;12,6;12,1;12,2;12,4;12,4;12,6;12,7;13,0;13,1;13,6;13,7;13,5;13,2;12,0;12,1;12,2;12,5;12,4;12,6;12,7;13,1;13,1;13,4;13,5;13,3;13,1;13,0;12,1;12,1;12,2;12,5;12,5;12,7;12,8;12,9;13,0;13,2;13,2;13,3;13,2;11,6;11,6;11,7;12,0;12,1;12,2;12,2;12,4;12,5;12,5;12,4;12,3;12,4;11,3;11,4;11,2;11,5;11,6;11,7;11,7;11,7;12,0;11,9;11,8;11,7;11,7;10,8;10,7;11,0;11,0;11,1;11,0;10,8;11,2;11,3;11,4;11,5;11,1;11,1;10,5;10,5;10,4;10,5;10,7;10,5;10,7;10,8;10,7;10,6;10,6;10,6;10,5;10,0;9,9;10,1;10,0;10,1;10,1;10,1;10,1;10,1;10,2;10,1;10,1;9,8;9,3;9,5;9,4;9,5;9,4;9,6;9,5;9,6;9,6;9,6;9,6;9,7;9,6;8,9;9,0;9,1;8,9;9,2;9,3;9,2;9,2;9,1;9,1;9,3;9,0;9,2
83;12,0;12,0;12,1;12,2;12,4;11,8;11,7;11,4;11,8;12,1;11,3;10,9;9,9;12,1;12,2;12,3;12,5;12,5;12,9;12,1;12,2;12,5;12,7;12,3;11,3;10,3;12,2;12,2;12,4;12,5;12,7;12,8;13,0;12,2;12,2;12,3;12,5;12,2;12,2;12,0;12,3;12,3;12,5;12,6;12,7;12,9;12,9;13,1;13,5;13,4;13,2;12,1;12,2;12,2;12,3;12,4;12,5;12,7;12,8;12,8;13,1;13,3;13,2;13,3;13,3;11,9;12,1;12,2;12,5;12,6;12,7;12,7;12,7;12,9;12,9;13,2;13,1;13,1;11,4;11,4;11,8;12,0;12,0;12,2;12,0;12,0;12,4;12,5;12,5;12,6;12,5;10,9;11,1;11,4;11,6;11,6;11,7;11,7;11,7;11,8;11,8;11,7;11,9;11,8;10,4;10,5;10,8;10,9;11,0;11,2;11,3;11,3;11,2;11,3;11,4;11,4;11,3;10,1;10,3;10,2;10,3;10,4;10,5;10,6;10,8;10,7;10,8;10,8;10,7;10,8;9,8;9,9;9,9;10,0;9,9;9,9;10,1;10,2;10,1;10,1;10,2;10,2;10,1;9,1;9,1;9,3;9,6;9,5;9,6;9,5;9,6;9,6;9,6;9,5;9,5;9,5;8,6;8,6;8,8;9,0;9,0;9,3;9,2;9,4;9,2;9,1;9,1;9,0;9,0
84;12,0;12,1;12,2;12,1;12,2;11,6;11,5;11,3;11,7;11,8;11,0;10,3;9,4;12,1;12,3;12,4;12,5;12,5;12,6;11,9;12,2;12,5;12,6;11,8;10,7;9,7;12,0;12,2;12,4;12,6;12,8;12,7;12,8;12,3;12,1;12,2;12,1;11,9;12,0;12,1;12,2;12,3;12,2;12,3;12,5;12,9;12,9;12,9;13,2;13,2;13,0;11,9;11,7;12,0;12,3;12,4;12,4;12,5;12,7;12,9;12,9;13,0;13,3;13,2;13,2;11,5;11,8;12,2;12,4;12,5;12,6;12,7;12,7;12,8;13,0;13,1;13,2;13,1;11,2;11,5;11,6;11,9;12,1;12,2;12,1;12,3;12,5;12,5;12,5;12,6;12,6;10,6;10,9;11,2;11,4;11,5;11,7;11,7;11,7;11,8;11,8;11,9;12,0;12,0;10,3;10,4;10,4;10,6;11,0;11,1;11,1;11,2;11,3;11,3;11,3;11,5;11,4;9,9;10,0;10,2;10,2;10,3;10,3;10,4;10,7;10,8;10,9;10,9;10,9;10,9;9,5;9,5;9,7;9,8;10,0;10,0;10,1;10,2;10,2;10,2;10,2;10,2;10,2;8,9;8,7;9,0;9,5;9,4;9,4;9,5;9,5;9,5;9,6;9,6;9,6;9,5;8,1;8,4;8,5;8,7;8,8;8,8;9,1;9,2;9,1;9,2;9,2;9,2;9,1
85;12,3;12,4;12,4;12,5;12,6;11,9;11,8;11,5;11,7;11,7;11,2;10,3;9,1;12,1;12,5;12,5;12,6;12,6;13,0;12,0;12,4;12,3;12,6;11,9;10,5;9,5;12,0;12,1;12,3;12,6;12,6;12,6;12,6;11,9;12,0;12,3;11,9;11,7;11,9;11,5;12,0;12,2;12,3;12,3;12,5;12,9;12,8;12,9;13,0;13,0;13,0;12,1;11,4;11,7;12,0;12,2;12,4;12,5;12,6;12,7;12,9;12,9;13,1;13,2;13,1;11,4;11,5;11,8;12,1;12,3;12,4;12,5;12,6;12,8;12,9;13,1;13,2;13,2;10,8;11,1;11,3;11,5;11,8;12,1;11,9;12,2;12,3;12,4;12,3;12,7;12,9;10,4;10,6;10,7;10,8;11,2;11,4;11,4;11,6;11,7;11,8;11,9;12,0;12,2;10,2;10,2;10,2;10,3;10,4;10,7;10,9;11,0;11,0;11,3;11,4;11,5;11,6;9,6;9,9;9,9;10,0;10,1;10,1;10,5;10,6;10,6;10,7;10,8;10,8;11,0;9,0;9,1;9,3;9,5;9,6;9,8;9,8;10,1;10,2;10,3;10,3;10,2;10,4;8,4;8,7;8,7;9,1;9,3;9,3;9,2;9,3;9,5;9,6;9,4;9,5;9,7;8,0;8,2;8,3;8,5;8,6;8,5;8,7;8,9;8,9;8,9;9,0;9,0;8,9
86;12,2;12,3;12,4;12,2;12,3;11,5;11,5;11,2;11,7;11,9;11,1;10,2;9,2;12,0;12,0;12,2;12,3;12,5;12,5;11,7;12,0;12,2;12,4;11,6;10,4;9,3;11,7;11,8;11,9;12,3;12,4;12,4;12,4;11,8;11,8;11,9;11,7;11,8;11,9;11,4;11,6;11,7;11,9;12,1;12,1;12,4;12,2;12,6;12,9;12,9;12,9;11,9;10,8;10,9;11,4;11,7;11,9;12,1;12,1;12,4;12,5;13,0;13,1;13,1;13,1;10,7;10,8;11,2;11,5;11,6;11,9;12,2;12,4;12,6;12,8;12,9;13,1;13,4;10,3;10,4;10,8;10,9;11,2;11,5;11,7;11,9;12,2;12,2;12,3;12,5;12,5;10,0;10,1;10,3;10,6;10,6;10,8;10,8;11,4;11,5;11,6;11,6;11,8;12,0;9,6;9,9;10,1;10,3;10,5;10,6;10,8;10,9;10,9;11,1;11,2;11,5;11,4;8,8;9,3;9,6;9,8;9,9;10,0;10,2;10,2;10,2;10,7;10,7;10,8;10,9;8,4;8,5;8,8;9,2;9,3;9,4;9,5;9,5;9,6;10,0;10,1;10,2;10,3;7,7;8,0;8,2;8,7;8,8;8,9;9,1;9,1;9,2;9,2;9,4;9,7;9,6;7,1;7,5;7,9;8,1;8,3;8,5;8,5;8,6;8,6;8,6;8,6;8,7;8,7
87;12,5;12,3;12,2;12,1;12,2;11,5;11,3;10,8;11,3;11,2;10,5;10,1;9,3;12,1;12,0;12,0;12,0;11,9;12,2;11,4;11,6;11,7;12,1;11,3;10,3;9,4;11,6;11,7;11,7;11,7;11,8;11,7;11,9;11,3;11,4;11,6;11,5;11,5;11,7;11,0;11,1;11,1;11,5;11,7;11,5;11,7;12,0;12,1;12,3;12,4;12,5;11,6;10,3;10,4;10,8;11,1;11,4;11,7;11,9;12,0;12,2;12,2;12,3;12,7;12,8;10,1;10,3;10,4;10,7;11,3;11,4;11,7;11,9;12,2;12,2;12,4;12,6;12,8;9,5;9,8;10,1;10,3;10,3;10,8;11,1;11,3;11,6;11,9;12,1;12,1;12,2;9,3;9,3;9,7;10,0;10,3;10,5;10,5;10,8;11,1;11,3;11,5;11,9;11,9;8,8;9,1;9,2;9,5;9,9;10,1;10,3;10,6;10,7;10,9;10,9;11,1;11,3;8,2;8,6;9,0;9,2;9,4;9,5;9,6;10,0;10,0;10,4;10,5;10,7;10,7;7,6;8,1;8,1;8,6;8,8;8,9;9,2;9,2;9,5;9,5;9,4;10,0;10,0;7,2;7,3;7,5;8,0;8,2;8,5;8,6;8,8;8,9;8,9;9,1;9,2;9,3;7,0;7,1;7,2;7,8;7,7;8,0;8,1;8,4;8,3;8,6;8,6;8,5;8,5
88;12,7;12,8;12,5;12,3;12,5;11,5;11,3;10,8;11,2;11,1;10,4;10,0;9,2;12,2;12,2;12,2;12,0;12,1;12,1;11,4;11,5;11,4;11,4;10,9;10,0;9,2;11,5;11,6;11,6;11,7;11,8;11,5;11,5;11,0;11,2;11,2;11,2;11,2;11,4;10,6;10,7;10,8;11,3;11,2;11,2;11,3;11,4;11,7;11,9;12,0;12,1;11,3;9,9;10,2;10,4;10,5;10,9;11,1;11,3;11,4;11,7;11,9;12,1;12,0;12,3;9,5;9,6;10,2;10,4;10,4;10,9;11,1;11,4;11,8;12,1;12,3;12,2;12,3;8,9;9,2;9,3;9,6;10,3;10,4;10,3;10,8;11,0;11,1;11,3;11,9;12,1;8,1;8,5;8,9;9,3;9,7;9,9;10,2;10,4;10,5;10,9;11,0;11,1;11,4;7,2;8,0;8,8;9,0;9,3;9,7;9,7;10,1;10,3;10,5;10,6;10,8;11,1;7,5;7,6;8,1;8,4;8,7;9,0;9,4;9,5;9,7;9,8;10,1;10,4;10,5;7,0;7,4;7,7;7,8;8,0;8,4;8,5;8,7;8,9;9,2;9,2;9,4;9,8;6,8;7,0;7,1;7,5;7,5;7,9;7,9;8,4;8,4;8,8;8,9;8,9;8,9;6,7;7,0;7,2;7,2;7,6;7,7;7,9;7,9;8,1;8,3;8,4;8,3;8,3
89;13,1;13,0;12,9;12,9;12,9;11,9;11,6;11,1;11,3;11,2;10,4;9,9;9,0;12,5;12,5;12,5;12,4;12,2;12,1;11,4;11,3;11,0;11,2;10,5;9,7;8,9;11,3;11,4;11,6;11,6;11,6;11,7;11,6;10,9;10,8;10,9;10,8;10,6;10,9;10,0;10,5;10,7;11,1;11,2;11,1;11,0;11,2;11,3;11,4;11,5;11,6;10,9;9,3;9,8;10,1;10,5;10,5;10,6;11,0;10,9;11,0;11,4;11,6;11,9;11,8;8,9;9,3;9,7;10,0;10,2;10,3;10,4;10,7;10,9;11,1;11,6;11,7;11,9;7,8;8,3;9,0;9,1;9,5;9,9;10,2;10,4;10,5;10,6;10,9;11,0;11,5;7,3;7,5;8,2;8,7;8,9;9,4;9,7;10,0;10,3;10,3;10,6;10,8;11,1;7,0;7,1;7,6;8,2;8,7;8,9;9,3;9,5;10,0;10,2;10,2;10,5;10,7;6,5;6,9;7,3;8,0;8,3;8,5;8,8;9,2;9,4;9,7;9,9;10,2;10,3;6,5;6,7;6,7;7,5;7,8;8,0;8,0;8,2;8,5;8,9;9,0;9,1;9,2;6,5;6,6;6,5;7,2;7,3;7,5;7,6;7,9;8,1;8,4;8,3;8,4;8,7;6,4;6,6;6,7;6,7;7,2;7,3;7,3;7,6;7,3;7,7;7,7;7,7;8,0
90;12,9;12,9;13,0;13,0;12,9;12,0;11,9;11,4;11,7;11,5;10,5;10,1;9,2;12,1;12,3;12,4;12,6;12,6;12,4;11,5;11,4;11,4;11,5;10,7;9,8;8,7;10,5;10,6;11,1;11,3;11,3;11,2;11,2;10,5;10,8;10,8;10,7;10,4;10,6;9,4;9,5;10,0;10,3;10,6;10,7;10,8;10,8;10,9;10,9;11,0;10,9;10,3;8,2;9,1;9,2;9,8;10,0;10,3;10,6;10,6;10,7;10,6;10,8;11,0;11,2;7,7;8,1;8,8;9,4;9,7;10,1;10,3;10,5;10,5;10,6;10,8;11,2;11,2;6,9;7,2;7,6;8,2;8,5;9,0;9,3;9,6;9,9;10,0;10,4;10,5;10,8;6,1;6,9;7,1;7,3;8,1;8,4;8,7;9,1;9,3;9,5;9,8;10,1;10,5;6,2;6,6;6,8;7,3;7,7;8,1;8,4;8,7;9,2;9,4;9,5;9,9;10,2;6,2;6,4;6,6;7,1;7,4;7,7;7,9;8,5;8,7;9,2;9,2;9,5;9,7;6,2;6,5;6,8;6,9;7,2;7,3;7,2;7,8;8,1;8,2;8,6;8,9;9,1;6,5;6,2;6,4;6,5;6,8;7,2;7,5;7,7;7,7;7,6;7,8;8,1;8,3;6,7;6,8;6,8;7,1;7,1;7,2;7,4;7,6;7,4;7,5;7,4;7,5;7,9
91;11,4;11,9;12,2;12,6;12,7;11,7;11,6;11,4;11,9;11,8;10,8;10,4;9,4;10,4;10,8;11,3;11,8;11,8;11,7;11,2;11,4;11,4;11,5;10,8;9,9;9,0;9,0;9,6;9,9;10,1;10,5;10,7;10,9;10,3;10,5;10,3;10,6;10,4;10,5;7,9;8,1;8,6;9,2;9,3;9,7;10,1;10,3;10,5;10,6;10,8;10,8;10,1;7,4;7,6;7,7;8,2;8,7;9,0;9,6;9,9;10,3;10,4;10,5;10,8;11,1;6,4;6,7;7,3;7,7;7,8;8,7;9,0;9,5;10,0;10,1;10,3;10,7;11,0;5,7;6,3;6,5;6,9;7,2;7,7;8,0;8,4;8,9;9,2;9,4;9,6;9,9;5,5;5,9;5,9;6,5;6,6;6,9;7,3;7,7;8,3;8,6;8,8;9,2;9,6;6,1;6,1;6,2;6,2;6,6;6,5;6,9;7,6;7,9;8,4;8,6;9,0;9,5;6,4;6,3;6,5;6,8;7,0;7,0;7,2;7,4;7,5;7,5;8,4;8,6;8,8;6,8;6,5;6,5;6,6;6,6;6,8;7,2;7,4;7,5;7,6;7,6;7,5;8,2;7,3;7,1;7,0;7,1;6,9;7,1;7,3;7,5;7,4;7,4;7,4;7,5;7,5;7,8;7,7;7,5;7,5;7,6;7,5;7,5;7,6;7,5;7,4;7,4;7,5;7,6
92;9,0;9,5;9,8;11,2;11,2;10,4;10,6;10,7;11,5;11,2;10,4;10,4;9,6;7,9;8,6;9,3;9,9;10,3;10,4;10,1;10,5;10,9;10,9;10,3;9,5;8,5;7,1;7,2;7,6;8,5;9,0;9,3;9,7;9,6;10,1;10,0;10,0;10,0;10,3;6,2;6,5;6,8;7,3;7,6;7,9;8,7;9,2;10,1;10,1;10,3;10,5;10,0;5,3;5,9;6,0;6,3;6,5;7,4;8,1;8,4;9,4;9,8;10,0;10,2;10,6;5,8;5,4;5,5;5,8;5,9;6,6;7,4;7,9;8,4;9,1;9,4;9,9;10,0;5,8;5,7;5,4;5,4;5,5;5,7;6,5;6,9;7,8;8,1;8,3;8,4;9,1;6,3;5,9;5,8;5,7;5,5;5,8;6,1;6,4;6,6;7,1;7,9;8,3;8,4;7,2;6,5;6,3;6,4;6,0;6,1;6,1;6,1;6,2;6,7;7,4;7,9;8,4;7,4;7,2;7,0;6,9;6,6;6,2;6,7;6,8;6,4;6,8;7,0;7,4;8,0;8,0;7,6;7,7;7,3;7,2;7,1;6,9;6,7;6,7;6,6;6,9;7,1;7,2;8,5;8,1;8,0;7,9;7,9;7,5;7,4;7,4;7,1;7,0;7,1;7,0;7,0;8,6;8,4;8,6;8,5;8,4;8,2;8,1;7,6;7,8;7,5;7,1;7,1;7,0
93;7,8;8,4;8,7;9,6;9,7;9,2;9,6;9,6;10,4;10,3;9,5;9,3;8,5;7,3;7,2;7,8;8,5;8,6;9,2;8,9;9,6;10,1;10,2;9,5;8,5;8,1;7,1;6,8;6,8;6,9;7,1;7,3;8,1;8,1;9,1;9,3;9,3;9,4;9,7;6,7;6,3;6,3;6,2;6,3;6,4;7,1;7,9;8,6;8,8;9,3;9,6;9,1;6,9;6,4;6,0;5,5;5,5;6,0;6,7;7,5;8,1;8,2;8,3;8,9;9,5;7,4;6,8;6,3;5,6;5,7;5,6;6,1;6,9;7,7;7,9;8,0;8,2;8,9;7,3;7,2;6,4;5,7;5,6;5,7;5,7;6,1;6,3;6,9;7,1;7,5;8,0;7,6;7,4;6,7;6,5;5,7;5,7;5,8;5,6;5,9;5,9;6,2;6,8;7,4;8,2;8,0;7,8;7,4;7,0;6,6;6,2;5,9;5,7;5,7;5,9;6,3;7,0;9,1;8,9;8,2;8,3;7,6;7,1;7,1;6,8;6,3;6,2;5,9;6,2;6,7;9,5;9,2;8,8;8,7;8,4;8,2;7,4;7,2;7,0;6,7;6,3;6,4;6,3;9,5;9,3;9,0;9,1;8,8;8,6;8,3;8,0;7,8;7,4;6,8;6,6;6,5;9,5;9,2;9,0;9,2;9,1;8,8;8,5;8,4;8,3;8,1;7,7;7,5;6,9
94;9,4;8,9;8,9;9,2;8,6;8,2;8,3;8,2;9,2;9,0;8,3;8,1;7,6;9,6;9,0;8,8;8,7;8,1;8,0;7,6;8,0;8,7;8,5;8,1;7,4;6,8;9,4;8,9;8,1;7,8;7,0;6,7;6,9;6,7;7,7;7,7;7,6;7,8;8,1;9,4;8,8;8,0;7,4;6,8;6,5;6,5;6,8;7,2;7,4;7,7;7,7;7,7;9,4;8,8;8,1;7,6;6,8;6,4;6,3;6,5;6,9;6,9;6,9;7,2;7,7;9,7;9,2;8,5;7,9;7,2;6,5;6,0;6,2;6,5;6,3;6,5;7,0;7,1;9,9;9,4;9,0;8,3;7,6;7,0;6,3;6,1;6,2;5,8;5,8;6,0;6,3;10,2;9,8;9,1;8,8;8,1;7,6;6,8;6,5;6,3;5,7;5,6;5,5;5,8;10,4;10,1;9,7;9,4;8,9;8,4;7,7;7,1;6,9;6,5;5,9;5,7;5,7;10,4;10,5;10,1;9,8;9,4;8,9;8,5;8,2;7,8;7,0;6,5;6,0;6,1;10,1;10,1;9,8;9,8;9,6;9,2;8,9;8,7;8,5;7,9;7,1;6,5;6,3;10,3;9,9;10,0;10,0;9,6;9,3;9,0;9,1;8,9;8,5;7,9;7,4;7,1;10,4;10,3;10,2;10,1;10,0;9,8;9,4;9,1;9,0;8,9;8,5;8,5;8,1
95;11,1;10,3;9,8;9,4;9,0;8,2;7,8;7,4;8,0;8,0;7,4;7,2;6,6;11,6;10,9;10,1;9,7;9,1;8,2;7,3;7,1;7,3;7,2;6,8;6,2;6,1;11,6;10,7;10,0;9,7;8,9;7,9;7,3;6,6;6,5;6,5;6,4;6,6;7,1;11,5;10,8;10,1;9,5;9,1;7,6;7,4;6,9;6,7;6,5;6,3;6,6;6,3;11,5;10,8;10,5;9,8;9,1;7,9;7,5;7,1;6,8;6,3;6,2;6,2;6,2;11,5;11,1;10,7;10,4;9,5;8,6;7,8;7,3;6,6;6,4;5,9;5,9;6,1;11,4;11,0;10,7;10,7;9,8;9,2;8,4;7,7;7,3;6,8;6,2;5,7;5,3;11,2;11,0;10,8;10,8;10,0;9,6;8,9;8,5;8,1;7,1;6,9;6,1;5,7;10,8;10,9;10,9;10,8;10,5;10,1;9,4;9,1;8,8;8,0;7,7;7,0;6,4;10,9;10,9;10,9;10,9;10,8;10,3;10,1;9,7;9,5;9,0;8,4;7,8;7,4;10,8;10,8;10,8;10,9;10,8;10,4;10,2;10,0;9,7;9,4;8,8;8,6;7,9;11,0;10,9;10,8;11,0;10,7;10,5;10,0;10,0;10,0;9,6;9,4;9,1;8,6;10,9;10,9;10,7;10,8;10,7;10,5;10,3;10,1;9,9;9,8;9,8;9,6;9,4
96;12,9;12,4;12,1;11,5;10,7;9,3;8,9;8,4;8,7;8,5;7,6;7,3;6,8;13,2;12,7;12,3;11,9;11,0;10,2;9,2;8,8;8,6;8,2;7,2;6,2;5,9;13,0;12,6;12,3;11,8;11,0;10,3;9,8;8,7;8,3;7,5;6,7;6,3;6,7;12,9;12,5;12,3;11,9;11,3;10,4;9,8;9,3;8,7;7,5;7,2;6,8;6,3;12,6;12,5;12,1;11,9;11,6;10,7;9,9;9,5;8,9;7,9;7,1;6,5;6,2;12,3;12,4;12,2;11,9;11,6;10,8;10,4;9,6;9,4;8,4;7,3;6,6;6,3;12,2;12,2;11,9;12,0;11,5;10,9;10,8;10,0;9,7;9,4;8,3;7,3;6,7;12,0;11,9;11,7;11,7;11,6;11,3;11,0;10,5;10,2;9,7;9,1;8,5;7,9;11,7;11,7;11,7;11,8;11,7;11,3;11,2;10,8;10,7;10,3;9,7;9,3;8,5;11,4;11,4;11,6;11,7;11,6;11,5;11,4;11,3;10,9;10,8;10,4;9,6;9,3;11,3;11,5;11,5;11,6;11,5;11,2;11,2;11,0;10,9;10,9;10,4;10,2;9,6;11,3;11,3;11,3;11,4;11,3;11,2;11,2;11,2;11,2;10,9;10,6;10,3;10,0;11,0;11,2;11,3;11,3;11,3;11,2;11,2;11,2;11,0;10,9;10,7;10,5;10,2
97;13,7;13,7;13,5;13,4;13,0;11,6;11,1;10,5;10,8;10,2;9,1;8,2;7,3;13,7;13,7;13,7;13,8;13,1;12,6;11,2;11,1;10,8;10,4;8,9;7,6;6,9;13,4;13,5;13,4;13,6;13,0;12,5;12,2;11,0;10,9;10,2;9,3;8,7;8,7;13,1;13,4;13,4;13,5;13,1;12,3;12,3;11,9;11,5;10,7;10,0;9,5;8,5;12,9;13,1;13,1;13,2;12,7;12,5;12,2;12,0;11,5;11,0;10,2;9,6;9,2;12,7;12,8;12,9;13,0;12,8;12,3;12,2;12,1;11,8;11,2;10,6;10,1;9,5;12,3;12,6;12,6;12,7;12,6;12,6;12,3;12,0;12,0;11,7;11,0;10,4;9,9;12,2;12,1;12,4;12,5;12,6;12,4;12,1;12,1;12,2;11,8;11,2;10,8;10,4;11,9;11,9;12,2;12,3;12,3;12,4;12,5;12,4;12,5;12,0;11,7;11,2;10,9;12,0;12,0;12,1;12,3;12,5;12,5;12,4;12,6;12,5;12,2;11,8;11,3;11,1;11,9;11,9;12,2;12,4;12,4;12,4;12,5;12,5;12,4;12,3;11,8;11,4;11,3;11,8;11,8;12,0;12,1;12,0;12,2;12,4;12,5;12,4;12,1;11,7;11,5;11,2;11,4;11,5;11,7;11,9;11,9;11,9;11,9;11,9;12,0;11,8;11,7;11,5;11,5
98;13,4;13,6;13,7;13,8;13,7;12,7;12,4;12,0;12,3;11,8;10,8;10,1;9,1;13,4;13,6;13,8;13,7;13,6;13,7;12,7;12,7;12,6;12,4;11,2;9,8;8,4;13,2;13,4;13,4;13,5;13,4;13,5;13,5;12,6;12,5;11,9;11,4;10,9;10,7;13,0;13,1;13,1;13,3;13,3;13,4;13,4;13,3;13,3;12,7;12,3;11,8;10,5;12,7;12,9;13,0;13,2;13,2;13,3;13,6;13,3;13,1;12,9;12,6;12,0;11,4;12,4;12,4;12,8;12,9;13,1;13,1;13,1;13,2;13,2;13,0;12,6;12,2;11,8;12,2;12,3;12,6;12,7;12,7;12,9;13,0;13,1;13,2;12,8;12,6;12,1;12,0;12,0;12,0;12,4;12,4;12,6;12,8;12,8;12,8;12,8;12,8;12,6;12,5;12,3;12,0;12,2;12,3;12,4;12,5;12,5;12,8;12,8;12,9;12,7;12,6;12,7;12,5;12,1;12,3;12,5;12,6;12,6;13,0;12,9;12,9;13,1;13,0;12,9;12,7;12,4;12,2;12,3;12,4;12,5;12,7;12,7;12,8;13,0;13,1;13,0;12,8;12,7;12,4;12,0;12,1;12,3;12,5;12,6;12,5;12,7;12,8;12,8;12,8;12,6;12,5;12,4;12,1;12,2;12,3;12,1;12,2;12,3;12,6;13,0;12,9;12,8;12,7;12,6;12,5
99;12,6;12,7;12,9;13,3;13,5;12,6;12,6;12,4;13,1;13,0;12,2;12,1;11,1;12,4;12,7;13,0;13,1;13,2;13,5;12,8;13,0;13,2;13,1;12,4;11,6;10,3;12,5;12,7;12,9;13,0;13,2;13,4;13,6;12,8;13,0;12,9;12,8;12,6;12,4;12,4;12,7;12,7;12,9;13,0;13,3;13,4;13,6;13,8;13,6;13,5;13,3;12,3;12,3;12,5;12,7;12,7;12,8;13,2;13,3;13,5;13,7;13,6;13,6;13,6;13,6;12,4;12,5;12,4;12,3;12,7;13,1;13,2;13,4;13,5;13,6;13,6;13,8;14,0;12,2;12,2;12,2;12,2;12,7;12,8;12,9;13,3;13,3;13,6;13,8;13,9;14,1;12,1;12,2;12,2;12,2;12,4;12,6;12,9;13,2;13,4;13,3;13,5;13,6;13,8;12,2;12,2;12,2;12,3;12,3;12,5;13,0;13,1;13,3;13,4;13,5;13,7;13,8;12,3;12,3;12,5;12,5;12,6;12,7;12,7;13,2;13,3;13,5;13,6;13,4;13,4;12,2;12,5;12,5;12,7;12,8;12,8;12,8;13,2;13,4;13,5;13,6;13,6;13,6;12,4;12,3;12,4;12,8;12,9;13,1;13,1;13,5;13,5;13,6;13,6;13,5;13,4;12,2;12,4;12,6;12,9;12,9;13,1;13,2;13,4;13,5;13,4;13,5;13,6;13,4
100;11,3;11,5;11,6;11,9;12,3;11,9;12,0;11,8;12,5;12,8;12,3;12,4;11,4;11,5;11,6;11,7;11,9;12,2;12,7;12,1;12,2;12,5;12,9;12,5;12,0;11,4;11,4;11,8;12,0;12,0;12,3;12,7;13,0;12,4;12,6;12,7;13,1;13,1;13,3;11,5;11,7;11,8;12,0;12,4;12,6;12,9;13,1;13,4;13,9;13,8;14,0;13,2;11,6;11,7;11,8;11,9;12,3;12,7;13,0;13,3;13,7;13,9;14,0;14,0;14,3;11,6;11,7;11,8;11,9;12,2;12,5;13,0;13,3;13,6;14,0;14,0;14,3;14,6;11,8;12,0;12,1;12,1;12,3;12,4;12,7;13,1;13,6;13,8;14,2;14,5;14,6;11,5;11,9;12,1;12,1;12,3;12,3;12,5;12,8;13,5;14,0;14,3;14,7;14,7;11,4;12,1;12,1;12,0;12,2;12,2;12,5;12,9;13,5;13,7;13,9;14,4;14,7;11,7;11,7;12,1;12,1;12,2;12,7;12,7;12,9;13,8;14,0;14,1;14,6;14,6;11,9;12,0;12,2;12,5;12,6;13,0;13,2;13,4;13,5;14,0;14,1;14,5;14,7;12,3;12,2;12,1;12,7;13,0;13,2;13,5;13,7;13,7;13,9;14,0;14,3;14,4;12,4;12,4;12,4;12,9;13,0;13,3;13,5;13,8;13,8;13,9;14,2;14,7;14,7
101;10,1;10,5;10,7;10,8;11,0;10,5;10,7;10,9;11,6;11,6;11,1;11,4;10,9;10,4;10,6;10,8;10,9;11,0;11,2;10,6;11,3;11,5;12,1;11,7;11,2;10,6;10,5;10,8;11,0;11,1;11,2;11,6;11,8;11,4;11,7;11,9;12,3;12,4;12,8;10,8;11,0;11,1;11,2;11,5;11,7;12,1;12,3;12,5;13,1;13,4;13,5;12,8;11,0;11,1;11,1;11,2;11,5;11,9;12,1;12,4;12,6;12,9;13,6;13,7;13,9;11,0;11,3;11,3;11,4;11,6;12,0;12,3;12,5;12,8;13,4;13,8;14,0;14,3;10,9;11,3;11,4;11,6;11,8;12,1;12,4;12,6;13,0;13,5;14,2;14,2;14,4;11,1;11,2;11,4;11,4;11,8;12,1;12,3;12,9;13,0;13,7;14,1;14,4;14,6;11,2;11,2;11,5;11,4;11,6;11,9;12,3;12,6;13,0;13,6;14,1;14,3;14,6;11,4;11,5;11,4;11,5;11,6;12,1;12,3;12,8;13,4;13,8;14,0;14,3;14,6;11,3;11,5;11,6;12,1;12,2;12,7;12,8;13,2;13,5;14,0;14,2;14,4;14,8;11,8;11,9;12,1;12,4;12,6;13,0;13,4;13,7;13,8;14,1;14,4;14,5;15,0;11,9;12,3;12,3;12,5;12,8;13,3;13,6;13,8;14,0;14,1;14,4;14,7;15,0
102;8,9;9,3;9,4;9,5;9,6;9,2;9,5;9,4;10,2;10,2;9,7;9,7;9,3;9,6;9,6;9,7;9,8;9,8;10,2;9,7;10,0;10,2;10,6;10,4;9,8;9,2;9,8;9,8;9,9;9,9;10,4;10,6;10,7;10,3;10,3;10,7;11,0;11,1;11,4;9,9;10,1;10,1;10,3;10,4;10,8;11,2;11,4;11,4;11,6;12,3;12,2;11,7;10,1;10,1;10,2;10,4;10,7;11,0;11,3;11,3;11,6;12,1;12,4;12,6;12,9;10,3;10,2;10,3;10,6;10,9;11,3;11,3;11,5;11,9;12,3;12,6;12,8;13,6;10,5;10,5;10,7;10,8;11,1;11,3;11,6;11,7;12,2;12,6;12,9;13,4;13,9;10,6;10,6;10,8;11,1;11,2;11,5;11,6;11,8;12,2;12,8;13,3;13,5;14,0;10,5;11,0;10,8;11,0;11,1;11,7;11,7;11,8;12,2;13,0;13,4;13,8;14,2;10,7;10,8;11,2;11,1;11,3;11,6;11,8;12,0;12,5;13,4;13,6;13,9;14,4;10,9;11,1;11,4;11,6;11,8;12,0;12,3;12,7;13,3;13,5;13,8;14,3;14,5;11,4;11,5;11,6;12,0;12,3;12,7;12,9;13,2;13,3;14,0;14,2;14,5;14,9;11,7;11,8;12,1;12,3;12,4;12,9;13,2;13,2;13,9;14,2;14,4;15,1;15,4
103;8,3;8,6;8,6;8,7;9,0;8,4;8,6;8,3;8,9;9,0;8,3;7,9;7,1;8,6;8,9;9,0;9,2;9,1;9,2;8,8;9,1;9,2;9,4;8,8;8,0;7,5;9,0;9,1;9,3;9,4;9,6;9,7;9,8;9,2;9,3;9,6;9,6;9,6;10,0;9,0;9,1;9,0;9,3;9,7;9,7;10,1;10,1;10,5;10,8;11,0;11,3;10,6;9,2;9,4;9,4;9,6;10,0;10,0;10,3;10,3;10,6;11,1;11,3;11,6;11,9;9,5;9,6;9,6;9,8;10,0;10,2;10,4;10,6;11,0;11,3;12,0;12,2;12,6;9,8;10,0;10,0;10,0;10,2;10,6;10,7;11,1;11,3;11,5;12,1;12,4;12,9;9,9;10,2;10,3;10,4;10,4;10,9;10,9;11,3;11,5;11,8;12,1;12,6;13,0;9,9;10,2;10,2;10,6;10,9;10,9;11,3;11,7;11,8;12,0;12,4;13,1;13,2;10,3;10,6;10,8;10,7;10,8;10,9;11,6;11,7;12,2;12,6;12,9;13,1;13,6;10,6;10,9;11,0;10,9;11,1;11,7;12,0;12,2;12,5;12,9;13,1;13,4;14,1;10,9;11,1;11,2;11,2;11,8;12,1;12,2;12,6;13,1;13,2;13,5;13,9;14,5;11,1;11,2;11,3;11,9;12,2;12,3;12,8;13,3;13,5;13,6;14,0;14,7;14,8
104;7,5;7,9;7,9;8,2;8,5;8,0;8,1;8,0;8,4;8,4;7,7;7,4;6,3;8,1;8,0;8,3;8,3;8,4;8,8;8,4;8,6;8,7;8,7;8,3;7,1;6,4;8,4;8,2;8,3;8,5;8,9;8,9;9,1;8,8;8,9;9,1;8,9;8,7;9,1;8,4;8,5;8,6;8,8;9,0;9,2;9,4;9,5;9,6;9,9;10,1;10,3;9,6;8,8;8,7;8,7;9,1;9,2;9,3;9,3;9,5;9,6;10,1;10,4;10,7;11,4;8,9;9,0;9,0;9,4;9,5;9,5;9,6;9,8;10,2;10,5;10,8;11,2;12,0;9,2;9,1;9,5;9,7;9,7;9,8;10,2;10,4;10,6;11,0;11,2;11,7;12,1;9,4;9,6;9,6;9,9;10,0;10,3;10,5;10,7;11,0;11,1;11,6;11,8;12,3;9,5;9,6;9,8;10,1;10,3;10,4;10,7;10,6;11,2;11,5;11,9;12,1;12,6;9,7;9,8;10,2;10,2;10,3;10,6;10,8;11,3;11,6;12,0;12,2;12,6;13,0;10,2;10,3;10,6;10,7;10,9;11,2;11,4;11,7;12,2;12,4;12,8;13,0;13,3;10,4;10,7;10,9;11,0;11,2;11,6;11,7;12,2;12,7;12,9;13,1;13,3;13,7;10,7;10,9;11,0;11,3;11,6;12,1;12,3;12,9;13,1;13,3;13,7;13,9;14,3
105;6,5;6,6;6,9;7,3;7,9;7,5;7,5;7,4;7,7;7,7;7,1;6,5;5,5;7,1;7,3;7,5;7,8;7,9;8,1;7,6;7,9;8,0;7,9;7,5;6,6;5,7;7,5;7,8;7,9;8,2;8,4;8,4;8,5;8,2;8,2;8,4;8,3;8,4;8,5;8,1;8,2;8,3;8,5;8,5;8,7;9,0;9,0;9,0;9,1;9,4;9,6;9,0;8,4;8,3;8,4;8,5;8,9;9,0;8,9;9,0;9,1;9,4;9,8;10,1;10,1;8,4;8,5;8,6;8,8;9,0;9,1;9,2;9,3;9,3;9,8;10,2;10,5;10,8;8,7;9,0;9,0;9,2;9,4;9,5;9,6;9,6;10,1;10,3;10,7;10,9;11,3;9,0;9,2;9,2;9,4;9,6;9,8;10,0;10,0;10,4;10,6;11,0;11,3;11,6;9,3;9,4;9,6;9,6;9,8;10,1;10,2;10,5;10,4;11,0;11,3;11,7;11,8;9,6;9,7;9,6;9,9;10,2;10,3;10,6;10,8;11,1;11,5;11,6;11,9;12,0;9,8;10,0;10,1;10,3;10,5;10,6;11,0;11,3;11,7;11,9;12,1;12,2;12,8;10,1;10,1;10,5;10,7;10,8;11,0;11,3;11,7;12,1;12,2;12,6;12,8;13,2;10,2;10,4;10,7;10,9;11,1;11,3;11,5;12,1;12,5;12,7;13,0;13,2;13,6
106;5,9;6,2;6,3;6,6;6,9;6,7;6,8;6,8;7,2;7,2;6,7;6,3;5,4;6,3;6,3;6,9;7,3;7,4;7,6;7,1;7,5;7,7;7,8;7,2;6,2;5,6;6,7;6,9;7,4;7,5;7,8;7,6;8,0;7,5;7,8;7,8;7,9;7,9;8,1;6,9;7,6;7,8;8,0;8,1;8,3;8,4;8,4;8,6;8,6;8,8;9,0;8,3;7,3;7,6;7,8;8,2;8,4;8,5;8,5;8,5;8,8;9,0;9,3;9,3;9,6;7,4;7,9;8,4;8,6;8,6;8,7;8,7;8,8;9,2;9,2;9,4;9,7;10,2;7,8;8,5;8,5;8,7;8,8;9,0;9,3;9,4;9,6;9,7;9,9;10,1;10,4;8,4;8,7;8,9;8,8;9,3;9,5;9,6;9,8;9,9;10,1;10,1;10,7;11,0;8,8;9,0;9,1;9,3;9,4;9,7;10,0;10,2;10,4;10,4;10,6;11,0;11,4;9,1;9,5;9,6;9,5;9,7;10,0;10,1;10,6;10,6;10,7;11,1;11,4;11,7;9,6;9,7;9,8;9,9;10,1;10,3;10,6;10,9;11,0;11,3;11,5;12,0;12,2;9,9;9,8;10,0;10,2;10,4;10,7;11,0;11,2;11,6;11,7;11,9;12,0;12,2;10,0;10,1;10,2;10,4;10,6;11,0;11,2;11,4;11,7;12,1;12,1;12,3;12,6
107;5,2;5,5;5,6;5,7;6,2;5,7;5,8;5,8;6,5;6,4;5,9;5,5;5,1;5,4;5,8;6,1;6,1;6,2;6,4;6,3;6,7;7,0;7,0;6,5;5,7;5,1;6,1;6,3;6,5;6,8;7,0;6,9;7,3;7,0;7,0;7,0;7,0;7,2;7,4;6,2;6,5;6,7;7,1;7,1;7,3;7,6;7,6;8,0;7,8;8,1;8,4;7,8;6,5;6,7;7,3;7,3;7,8;8,0;8,0;8,2;8,1;8,1;8,4;8,6;8,8;7,0;7,3;7,5;7,8;7,8;8,3;8,3;8,5;8,6;8,7;8,9;9,1;9,4;7,1;7,7;8,0;8,2;8,5;8,7;8,6;8,6;8,7;8,8;9,2;9,6;9,8;7,6;7,9;8,1;8,4;8,6;9,0;8,9;9,2;9,3;9,6;9,7;9,9;10,1;8,1;8,4;8,5;8,7;9,0;9,2;9,5;9,7;9,8;10,0;10,0;10,6;10,8;8,7;8,6;9,2;9,4;9,5;9,6;9,8;10,0;10,1;10,5;10,8;10,9;11,1;9,2;9,3;9,6;9,7;9,8;9,9;10,1;10,2;10,7;10,8;11,0;11,2;11,3;9,7;9,7;9,8;9,9;10,1;10,2;10,5;10,8;11,0;11,2;11,4;11,6;11,7;10,0;9,9;10,0;10,0;10,3;10,5;10,7;10,9;11,4;11,6;11,7;11,8;12,1
108;4,0;4,4;4,8;5,1;5,3;5,1;5,3;5,1;5,7;5,7;5,2;4,9;4,3;4,6;4,8;5,1;5,3;5,6;5,6;5,5;5,9;5,9;5,9;5,5;4,9;4,5;4,8;5,0;5,2;5,8;6,1;6,2;6,0;5,7;6,4;6,4;6,6;6,5;6,6;5,2;5,4;5,9;6,2;6,5;6,3;6,2;6,5;7,4;7,4;7,5;7,6;7,2;5,4;5,6;6,0;6,5;6,8;6,7;7,0;7,5;7,4;7,5;7,8;7,9;8,1;6,0;6,7;6,8;7,0;7,2;7,2;7,1;7,8;7,8;8,0;8,2;8,5;8,6;6,6;6,7;7,1;7,3;7,4;7,6;8,2;8,1;8,3;8,4;8,6;8,9;9,2;6,6;7,3;7,3;7,6;8,0;8,3;8,4;8,4;8,7;8,9;9,1;9,2;9,5;7,4;7,7;8,1;8,1;8,2;8,4;8,7;9,1;9,3;9,4;9,7;9,9;10,0;8,0;8,3;8,6;8,7;8,7;9,0;9,4;9,7;9,8;10,0;10,1;10,3;10,5;8,8;9,0;9,3;9,3;9,4;9,5;9,8;10,0;10,2;10,4;10,6;10,9;10,9;9,4;9,4;9,4;9,6;9,9;10,1;10,2;10,5;10,4;10,6;11,1;11,3;11,3;9,7;9,6;9,6;9,9;10,2;10,3;10,4;10,7;10,9;11,2;11,4;11,6;11,7
109;2,8;3,3;3,4;4,1;4,5;4,4;4,5;4,4;4,7;4,8;4,4;4,4;4,2;3,3;3,5;4,3;4,5;4,7;4,7;5,0;5,4;5,2;5,4;5,1;4,7;4,2;4,0;4,2;4,4;5,1;5,0;5,3;5,5;5,2;5,3;5,7;5,7;5,6;6,0;4,0;4,9;5,2;5,3;5,2;5,6;6,0;5,9;6,3;6,5;6,5;6,9;6,6;4,5;4,9;5,4;5,5;5,8;6,0;6,4;6,5;6,7;6,9;7,3;7,4;7,5;4,5;5,5;5,6;6,1;6,6;6,9;6,9;7,0;7,3;7,5;7,6;7,8;7,9;6,0;6,1;6,4;6,7;7,0;7,2;7,4;7,5;7,9;8,1;8,3;8,3;8,6;6,2;6,7;6,8;7,3;7,5;7,5;8,1;8,1;8,3;8,6;8,5;8,7;9,0;6,6;7,2;7,4;7,7;7,9;8,1;8,1;8,5;8,5;8,9;9,1;9,4;9,5;7,5;7,7;8,2;8,2;8,5;8,8;8,9;9,0;9,3;9,4;9,7;9,8;10,1;8,4;8,6;8,9;9,1;9,2;9,3;9,2;9,6;9,8;10,1;10,2;10,3;10,5;9,1;9,3;9,4;9,6;9,6;9,8;10,0;10,2;10,3;10,4;10,6;10,9;10,9;9,5;9,6;9,8;9,9;10,0;10,2;10,2;10,4;10,5;10,7;11,1;11,3;11,4
110;1,8;2,0;2,4;3,2;3,5;3,8;3,9;3,9;4,3;4,5;4,3;4,1;3,9;2,5;2,8;3,1;3,5;4,1;4,4;4,2;4,6;4,7;4,8;4,6;4,4;4,1;3,0;3,6;3,8;4,2;4,6;4,8;4,9;4,9;5,1;5,1;5,2;5,5;5,7;3,4;3,4;3,4;4,8;5,1;5,1;5,2;5,7;5,9;6,3;6,4;6,5;6,2;3,9;3,8;4,8;4,9;5,1;5,3;5,7;6,0;6,3;6,6;6,7;7,0;7,2;4,2;4,1;4,8;5,5;5,8;6,0;6,1;6,7;6,9;7,0;7,4;7,5;7,6;5,4;5,7;6,2;6,2;6,4;6,7;7,1;7,1;7,2;7,7;7,7;7,9;8,3;5,6;6,0;6,2;6,4;7,2;7,5;7,5;7,7;7,9;8,3;8,4;8,7;8,8;6,8;6,8;7,3;7,4;7,5;7,9;8,0;8,2;8,3;8,5;8,6;8,9;9,0;7,4;7,5;7,6;7,8;8,2;8,3;8,6;8,7;8,8;9,0;9,3;9,4;9,5;8,2;8,1;8,5;8,7;9,1;9,1;9,3;9,3;9,1;9,4;9,9;10,0;10,2;8,7;9,2;9,0;9,3;9,5;9,6;9,7;9,7;9,9;10,0;10,3;10,4;10,7;9,6;9,5;9,4;9,6;9,9;9,9;10,0;10,2;10,4;10,5;10,9;11,3;11,3
111;1,0;1,3;1,9;2,4;2,5;2,8;3,1;3,6;3,9;4,0;4,0;3,8;3,5;1,5;1,9;2,4;3,1;3,4;3,7;3,9;4,1;4,3;4,4;4,3;4,0;3,6;2,2;2,4;2,7;3,3;3,7;4,0;4,4;4,3;4,5;4,6;4,7;5,1;5,5;3,0;3,0;3,3;3,5;3,9;4,2;5,1;5,1;5,4;5,4;5,7;5,7;5,9;3,4;3,7;3,8;4,3;4,5;4,9;5,4;5,5;5,8;6,1;6,5;6,7;7,0;4,0;4,1;4,3;4,4;4,9;5,3;5,7;6,0;6,3;6,6;6,8;7,2;7,5;4,7;4,7;5,2;5,9;6,1;6,4;6,7;7,0;7,1;7,1;7,5;7,6;7,9;5,4;5,7;6,2;6,4;6,9;7,2;7,3;7,5;7,5;7,7;8,0;8,1;8,2;6,4;7,1;7,2;7,2;7,3;7,5;7,7;7,8;8,0;8,1;8,3;8,7;8,8;7,2;7,7;7,8;7,9;8,0;8,3;8,4;8,7;8,9;8,9;9,0;9,1;9,2;7,9;8,3;8,4;8,8;8,8;8,8;9,0;9,0;9,1;9,3;9,4;9,8;9,9;8,5;8,7;8,8;9,0;9,2;9,4;9,4;9,6;9,6;9,8;10,1;10,3;10,4;9,3;9,4;9,5;9,6;9,9;10,0;10,0;10,1;10,1;10,3;10,7;11,0;11,3
112;1,3;0,7;0,9;1,4;2,0;2,0;2,4;2,6;3,0;3,1;3,3;2,6;2,5;0,1;0,6;1,3;2,1;2,2;2,8;2,8;3,4;3,7;4,0;4,1;3,2;2,9;1,1;2,1;2,2;2,1;2,5;3,1;3,7;3,9;4,2;4,4;4,4;4,5;4,8;2,4;2,4;2,7;2,9;3,3;3,6;4,4;4,4;5,2;5,4;5,4;5,6;5,4;3,1;3,1;3,4;3,7;4,0;4,3;4,7;5,2;5,5;5,7;5,9;6,1;6,5;4,0;4,0;4,0;4,1;4,4;4,7;5,5;5,5;5,9;6,3;6,6;6,8;7,2;4,2;4,5;4,8;4,9;5,4;5,7;5,9;6,7;6,9;7,1;7,2;7,5;7,7;5,5;5,6;5,6;6,3;6,2;6,8;6,9;7,2;7,4;7,6;7,6;7,8;8,2;6,1;6,7;6,8;7,1;7,4;7,5;7,4;7,7;7,8;8,1;8,3;8,4;8,5;7,4;7,4;7,8;8,1;8,0;8,0;8,3;8,5;8,5;8,7;8,7;8,7;8,9;7,6;7,9;8,4;8,5;8,6;8,9;8,8;8,8;9,0;9,1;9,2;9,4;9,4;8,4;8,6;8,7;9,2;9,0;9,1;9,2;9,4;9,5;9,5;9,8;10,1;10,1;8,8;9,1;9,4;9,5;9,5;9,4;9,9;10,0;9,9;10,2;10,2;10,8;10,9
113;2,0;0,8;0,7;0,5;0,3;0,8;1,6;1,8;2,2;2,3;2,3;2,5;2,5;2,2;0,1;0,2;0,6;1,1;1,8;2,1;2,1;2,5;3,2;3,2;2,9;2,8;1,3;2,3;2,2;2,1;2,0;2,2;2,6;2,9;3,6;3,9;4,1;4,5;4,6;2,5;2,3;2,3;2,2;2,9;2,9;3,2;3,5;4,6;4,8;5,1;5,2;4,9;2,9;3,0;3,1;3,0;3,4;3,9;4,2;4,5;5,0;5,2;5,5;5,8;6,0;3,9;4,0;3,9;4,0;4,2;4,3;4,6;5,3;5,8;5,9;5,9;6,1;6,8;4,0;4,6;4,4;4,9;5,4;5,7;5,8;6,2;6,2;6,3;6,7;7,0;7,2;5,2;5,7;6,0;6,1;6,1;6,6;7,0;7,0;7,3;7,5;7,7;7,7;7,6;6,4;6,8;6,8;6,8;7,0;7,4;7,4;7,7;7,7;7,9;8,0;8,1;8,2;7,3;7,4;7,7;8,2;8,2;8,1;8,2;8,3;8,2;8,4;8,5;8,7;8,9;7,6;7,9;8,2;8,6;8,6;8,8;8,7;9,2;9,2;9,3;9,3;9,1;9,2;8,3;8,5;8,8;9,1;9,1;9,0;9,3;9,4;9,4;9,5;9,5;9,7;9,9;8,7;8,7;9,2;9,2;9,3;9,5;9,5;9,9;9,8;10,0;10,1;10,1;10,5
114;3,1;2,4;2,0;1,4;0,9;0,9;1,2;1,4;1,4;1,4;1,5;1,7;2,0;2,6;2,6;2,4;2,1;1,7;1,4;1,6;1,8;2,1;2,4;2,2;2,3;2,5;1,6;2,6;2,4;2,0;1,9;2,0;2,5;2,6;2,8;2,8;3,1;3,6;4,1;2,0;2,4;2,6;2,5;2,7;2,9;3,0;3,1;3,3;3,6;4,5;4,7;4,6;2,9;3,1;3,4;3,3;3,1;3,3;3,5;4,1;4,5;4,8;5,2;5,4;5,7;3,9;4,0;3,8;4,1;4,2;4,1;4,2;4,5;5,5;5,7;5,8;5,9;6,1;4,3;4,3;4,4;5,0;5,1;5,6;6,0;6,2;6,2;6,3;6,4;6,6;6,8;5,3;5,5;5,8;5,9;6,2;6,5;6,5;6,7;6,7;7,2;7,3;7,6;7,8;6,5;6,7;7,1;7,1;7,0;7,6;7,7;7,4;7,3;7,7;7,9;8,0;8,3;7,2;7,3;7,8;8,2;8,0;8,1;8,3;8,5;8,6;8,5;8,4;8,6;8,9;7,5;7,9;8,2;8,6;8,6;8,8;8,9;8,9;9,1;9,3;9,3;9,3;9,4;8,2;8,2;8,6;8,8;9,1;9,3;9,3;9,5;9,4;9,7;9,7;9,7;9,8;8,8;9,1;9,3;9,5;9,5;9,5;9,3;9,6;9,6;10,0;10,0;10,2;10,3
115;3,2;3,1;2,7;2,6;2,1;1,9;1,8;1,6;1,9;1,5;1,4;1,5;1,5;3,3;3,2;2,6;2,4;2,1;2,0;2,0;1,9;2,2;2,1;2,1;2,0;2,1;2,2;2,3;2,6;2,6;2,3;2,3;2,5;2,7;2,8;2,7;2,8;2,7;3,1;1,7;2,7;2,6;2,6;2,8;2,9;3,2;3,0;3,3;3,3;3,5;4,3;4,2;3,3;3,3;3,5;3,5;3,7;3,7;3,8;3,7;3,9;4,3;5,1;5,2;5,0;4,2;4,2;4,3;4,2;4,1;4,3;4,3;4,5;4,9;5,4;5,7;5,8;6,0;4,8;4,9;4,9;4,6;5,2;5,4;5,5;6,1;6,4;6,4;6,6;6,7;6,8;5,5;5,9;5,9;6,2;6,4;6,6;6,6;6,9;7,1;7,2;7,3;7,4;7,6;6,5;6,8;7,0;7,0;7,0;7,2;7,6;7,8;7,9;8,0;8,1;8,1;8,2;7,5;7,6;7,6;7,7;8,3;8,3;8,4;8,5;8,6;8,7;8,5;8,7;8,6;7,7;7,8;8,1;8,5;8,7;8,7;8,7;8,9;9,0;9,0;9,1;9,3;9,2;8,3;8,4;8,6;8,8;9,0;9,0;9,1;9,3;9,4;9,5;9,6;9,7;9,5;8,7;8,8;8,8;9,1;9,2;9,2;9,4;9,4;9,7;9,6;10,0;9,9;10,0
116;3,4;3,2;3,0;3,0;2,6;2,4;2,3;2,0;2,0;1,8;1,6;1,5;1,6;3,5;3,4;3,2;3,0;2,9;2,6;2,4;2,4;1,9;2,4;2,6;2,1;1,7;2,9;2,3;2,7;2,4;2,5;2,5;2,9;2,7;2,9;2,9;2,9;2,9;2,7;2,8;3,3;3,4;3,1;3,3;3,2;3,4;3,3;3,3;3,4;3,4;4,2;4,1;3,6;4,2;4,0;4,2;4,0;4,2;4,0;3,8;4,2;4,1;4,7;5,0;4,9;4,8;4,8;4,8;4,6;4,7;4,5;4,8;4,8;5,1;5,6;5,7;5,8;5,8;5,4;5,3;5,4;5,4;5,6;5,7;6,2;6,0;6,5;6,9;6,8;7,1;7,3;6,3;5,9;6,0;6,1;6,7;6,8;6,8;7,0;7,2;7,3;7,7;7,8;7,7;6,8;7,1;7,2;7,3;7,3;7,3;7,4;8,0;8,2;8,3;8,3;8,4;8,4;7,4;7,7;7,8;8,2;7,9;8,3;8,6;8,7;8,6;8,7;8,7;8,8;8,6;7,6;8,1;8,3;8,3;8,4;8,6;8,9;9,0;9,1;8,9;8,8;9,1;8,8;8,4;8,5;8,4;8,6;8,7;8,9;9,1;9,2;9,3;9,2;9,2;9,3;9,3;8,5;8,4;8,7;8,9;9,1;9,2;9,2;9,2;9,3;9,3;9,6;9,5;9,7
117;3,4;3,5;3,2;2,9;2,7;2,7;2,7;2,4;2,5;2,1;1,9;1,7;1,5;3,2;3,6;3,4;3,0;3,0;3,0;2,9;2,8;2,9;3,0;2,5;2,4;2,2;3,4;2,8;2,9;3,2;3,1;3,3;3,3;3,1;3,2;3,0;3,2;2,9;3,0;3,7;4,1;4,1;3,8;3,7;3,7;3,3;3,8;3,7;3,7;4,1;4,4;4,0;4,3;4,4;4,5;4,3;4,4;4,4;4,6;4,8;4,9;4,7;4,6;5,1;5,6;5,1;5,1;5,4;5,1;5,2;5,4;5,4;5,5;5,9;5,9;6,0;6,5;6,6;5,9;6,0;5,8;5,7;5,6;6,1;6,4;6,5;6,7;6,9;7,0;7,2;7,3;6,3;6,3;6,4;6,5;6,8;7,0;6,9;7,0;7,4;7,7;7,7;7,7;7,9;6,9;7,3;7,4;7,6;7,4;7,7;8,0;7,9;8,2;8,3;8,3;8,3;8,6;7,4;7,8;8,0;8,3;8,3;8,5;8,6;8,8;8,9;8,9;8,8;8,8;9,0;7,9;7,9;7,9;8,3;8,7;8,8;9,0;9,0;9,0;8,9;9,1;9,2;9,2;8,0;8,1;8,5;8,7;8,7;8,8;8,9;9,2;9,2;9,2;9,3;9,3;9,5;8,3;8,6;8,6;8,5;8,6;8,9;8,8;8,8;9,1;9,1;9,3;9,4;9,6
118;3,5;3,4;3,3;3,2;3,0;2,8;2,4;2,7;3,2;2,9;2,4;2,6;1,8;3,6;3,7;3,7;3,6;3,6;3,5;3,4;3,5;3,2;3,1;3,3;2,8;2,1;3,7;3,7;3,7;3,3;3,4;3,8;3,8;3,5;3,2;3,4;3,6;3,6;3,8;4,1;4,2;4,2;4,1;4,2;4,1;4,3;4,4;4,4;4,7;4,7;4,9;4,7;4,9;4,9;5,0;5,0;5,1;5,2;5,3;5,0;5,4;5,5;5,5;5,8;6,0;5,6;6,1;5,3;5,7;5,8;5,8;6,0;6,2;6,3;6,2;6,5;6,5;6,6;6,3;6,2;6,2;6,4;6,4;6,9;6,8;6,8;6,8;7,1;7,1;7,0;7,2;6,6;6,6;6,9;7,0;7,3;7,3;7,5;7,6;7,5;7,5;7,9;8,1;8,2;7,2;7,4;7,4;7,7;7,8;8,0;8,2;8,2;8,5;8,6;8,6;8,7;8,6;8,0;8,0;8,2;8,5;8,7;8,5;8,5;8,7;9,0;9,0;9,1;9,1;9,1;8,1;8,3;8,4;8,6;8,7;8,6;8,7;8,9;9,1;9,1;9,1;9,3;9,2;8,3;8,2;8,6;8,4;8,4;8,4;8,6;9,1;9,1;9,1;9,1;9,3;9,3;8,5;8,5;8,5;8,7;8,8;8,9;8,7;8,8;9,0;9,0;8,9;9,1;9,2
119;3,8;3,7;3,6;3,6;3,6;3,4;3,3;2,9;3,3;3,2;3,0;2,9;2,7;4,0;3,9;3,9;3,8;3,8;3,9;3,6;3,7;3,6;3,8;3,6;3,2;2,8;4,1;4,1;4,2;4,3;4,4;4,4;4,3;4,2;4,2;4,3;4,5;4,4;4,7;4,8;4,9;4,8;4,9;4,9;5,0;5,2;5,3;5,2;5,3;5,6;5,8;5,6;5,5;5,4;5,4;5,3;5,6;5,8;6,0;6,0;6,2;6,3;6,3;6,4;6,5;6,4;6,4;6,5;6,4;6,3;6,5;6,7;6,7;6,9;7,0;6,8;7,0;7,2;6,7;6,9;6,9;7,0;7,0;7,3;7,1;7,4;7,4;7,4;7,4;7,6;8,2;7,0;7,1;7,4;7,4;7,7;7,8;7,9;8,0;8,2;8,3;8,6;8,6;8,7;7,9;7,8;8,3;8,2;8,2;8,4;8,6;8,5;8,6;8,9;9,0;9,2;9,3;8,3;8,3;8,3;8,4;8,6;8,7;8,5;8,8;8,7;9,2;9,1;9,3;9,5;8,1;8,3;8,2;8,5;8,4;8,5;8,4;8,5;8,7;9,2;9,3;9,3;9,3;8,1;8,3;8,4;8,6;8,6;8,5;8,6;8,6;8,6;8,9;9,1;9,1;9,1;8,4;8,3;8,4;8,6;8,7;8,6;8,8;8,8;8,9;8,8;8,9;8,8;9,2
120;4,1;4,2;4,2;4,0;4,0;3,6;3,6;3,5;3,6;3,6;3,4;3,2;3,1;4,3;4,5;4,5;4,4;4,5;4,6;4,3;4,4;4,3;4,3;4,1;3,6;3,4;4,7;4,8;4,9;4,8;4,9;5,3;5,2;5,2;5,2;5,2;4,9;4,9;5,3;5,2;5,6;5,5;5,6;5,9;5,8;5,7;5,7;6,0;6,1;6,3;6,3;6,1;6,1;6,0;6,3;6,4;6,3;6,1;6,1;6,8;6,8;6,8;7,1;7,2;7,2;6,7;6,8;6,9;7,0;7,0;7,2;7,2;7,5;7,4;7,4;7,8;8,1;8,3;7,2;7,4;7,4;7,3;7,4;7,8;7,9;8,1;8,1;8,4;8,5;8,7;8,9;7,8;7,9;7,7;7,9;8,3;8,4;8,6;8,5;8,6;8,9;9,1;9,2;9,3;8,3;8,6;8,4;8,5;8,5;8,8;8,9;8,8;8,8;9,0;9,4;9,6;9,8;8,5;8,6;8,5;8,5;8,8;8,9;8,9;8,9;9,0;9,0;9,2;9,5;9,5;8,1;8,2;8,5;8,7;8,7;8,8;8,8;9,0;9,1;9,0;9,3;9,4;9,4;7,9;8,0;8,1;8,4;8,5;8,5;8,8;9,0;9,0;9,1;9,1;9,1;9,0;7,8;8,1;8,1;8,1;8,5;8,5;8,7;8,9;8,7;8,8;8,9;8,9;8,8
121;4,7;4,6;4,5;4,6;4,6;4,5;4,5;4,6;4,8;4,6;4,3;4,1;3,5;5,0;5,0;5,1;5,3;5,4;5,4;5,1;5,2;5,2;5,2;4,7;4,4;3,7;5,3;5,5;5,7;5,8;6,1;5,9;5,9;5,6;5,8;5,9;6,1;5,8;6,2;6,2;6,3;6,5;6,6;6,6;6,7;6,7;6,8;7,0;7,0;7,1;7,5;7,3;7,0;7,1;7,1;7,0;7,3;7,3;7,4;7,4;7,3;8,0;8,2;8,6;8,8;7,6;7,8;7,8;7,8;7,9;7,9;8,1;8,1;8,3;8,6;8,8;9,1;9,3;7,9;8,0;8,0;8,0;8,2;8,2;8,5;8,7;8,9;9,0;9,1;9,3;9,6;8,4;8,4;8,6;8,5;8,6;8,6;8,9;9,0;9,1;9,2;9,4;9,8;9,6;8,6;8,7;8,7;8,8;9,0;9,0;9,1;9,4;9,5;9,6;9,9;9,9;9,9;8,6;8,7;8,8;9,0;9,0;9,1;9,2;9,3;9,4;9,5;9,6;9,9;9,8;8,3;8,6;8,8;8,9;9,0;8,9;9,0;9,2;9,4;9,4;9,4;9,3;9,4;8,0;8,1;8,3;8,5;8,6;8,7;8,9;9,1;9,2;9,3;9,2;9,2;9,1;7,9;7,9;8,0;8,2;8,4;8,6;8,7;8,9;9,0;8,9;9,0;8,9;8,9
122;5,0;5,1;5,5;5,4;5,3;5,4;5,1;4,9;5,1;5,2;4,8;4,6;4,1;5,8;6,0;6,1;6,1;6,1;6,2;5,9;5,7;5,8;5,9;5,5;4,9;4,4;6,4;6,4;6,5;6,4;6,7;6,7;6,8;6,6;6,4;6,8;6,8;6,6;6,9;6,9;7,1;7,1;7,1;7,4;7,6;7,7;7,6;7,7;7,9;8,3;8,5;8,2;7,5;7,5;7,6;7,6;7,9;8,1;8,2;8,3;8,5;8,6;8,8;9,3;9,5;7,9;7,9;8,3;8,4;8,6;8,7;8,9;8,9;9,0;9,2;9,5;9,6;9,9;8,0;8,3;8,4;8,7;8,8;8,9;8,9;9,0;9,1;9,3;9,6;9,9;10,0;8,4;8,6;8,8;8,9;8,9;9,0;9,0;9,1;9,4;9,5;9,7;9,7;10,0;8,3;8,9;8,8;9,0;9,1;9,1;9,3;9,5;9,7;9,8;9,9;10,0;10,1;8,3;8,4;8,8;8,9;9,0;9,2;9,4;9,5;9,6;9,8;9,8;9,9;9,9;8,0;8,2;8,5;8,5;8,9;9,0;9,1;9,2;9,2;9,3;9,2;9,4;9,4;7,8;8,0;8,1;8,2;8,6;8,7;8,9;8,9;9,0;9,0;9,1;9,1;9,0;7,6;7,7;8,1;8,1;8,4;8,5;8,6;8,8;8,9;9,0;8,8;9,0;9,0
123;5,7;5,8;5,8;6,0;6,3;5,7;5,9;5,6;6,0;6,0;5,7;5,1;4,4;6,5;6,6;6,5;6,5;6,8;6,9;6,5;6,8;6,9;7,1;6,5;5,8;5,1;6,8;6,8;7,1;7,2;7,3;7,4;7,8;7,4;7,5;7,6;8,0;8,0;8,1;7,3;7,4;7,4;7,6;7,9;8,0;8,0;8,3;8,4;8,8;9,0;9,3;8,8;7,6;7,6;7,6;7,9;8,3;8,7;8,9;8,8;9,0;9,2;9,4;9,9;9,9;8,2;8,3;8,6;8,5;8,7;9,0;9,1;9,2;9,3;9,6;9,8;10,1;10,4;8,3;8,5;8,5;8,6;9,0;9,1;9,2;9,2;9,3;9,6;9,7;10,0;10,2;8,4;8,7;8,8;8,9;9,0;9,1;9,1;9,1;9,4;9,6;9,8;9,9;10,0;8,4;8,6;8,8;9,0;8,9;9,2;9,2;9,4;9,5;9,6;9,9;9,8;9,9;8,3;8,4;8,3;8,4;9,2;9,2;9,2;9,4;9,3;9,5;9,5;9,6;9,7;7,9;8,2;8,2;8,3;8,5;9,0;8,9;8,9;9,1;9,3;9,2;9,2;9,2;7,5;7,8;8,0;8,1;8,2;8,3;8,4;8,7;9,0;9,1;9,0;8,8;9,1;7,3;7,2;7,3;7,6;8,0;8,3;8,3;8,5;8,9;8,9;8,9;9,0;8,9
124;6,0;6,1;6,3;6,5;6,6;6,4;6,4;6,4;6,7;6,8;6,5;5,9;5,2;6,5;6,7;7,0;7,0;7,4;7,4;7,1;7,4;7,6;8,0;7,5;6,8;6,3;6,9;7,2;7,5;7,6;7,8;8,0;8,2;7,8;8,0;8,1;8,3;8,4;8,6;7,4;7,6;7,7;8,0;8,0;8,5;8,7;8,8;8,9;9,0;9,3;9,6;8,9;8,1;8,1;8,1;8,5;8,6;8,7;9,2;9,1;9,2;9,3;9,6;10,0;10,1;8,4;8,5;8,7;8,8;8,9;9,2;9,0;9,2;9,6;9,6;9,8;10,1;10,4;8,2;8,4;8,6;8,8;8,9;9,0;9,1;9,1;9,2;9,7;9,6;9,9;10,4;8,3;8,4;8,5;8,9;9,0;9,1;9,2;9,3;9,3;9,7;9,8;9,9;10,0;8,2;8,3;8,5;8,8;8,9;9,1;9,4;9,4;9,4;9,5;9,5;9,6;9,9;8,0;8,3;8,4;8,5;8,8;8,9;9,0;9,2;9,2;9,5;9,4;9,3;9,5;7,6;7,9;8,0;8,2;8,4;8,6;8,7;9,0;9,1;9,0;9,0;9,0;9,1;7,2;7,4;7,7;7,7;8,1;8,2;8,3;8,6;8,7;9,1;8,9;9,0;9,0;6,6;6,9;7,2;7,5;7,8;8,1;8,0;8,1;8,3;8,6;8,8;9,1;8,9
125;6,0;6,3;6,5;6,9;7,0;6,9;7,1;6,9;7,5;7,5;7,1;6,6;6,0;6,7;6,9;7,3;7,5;7,7;7,9;7,5;7,8;8,0;8,3;7,9;7,3;6,7;7,1;7,4;7,8;7,8;8,0;8,1;8,3;8,0;8,2;8,4;8,5;8,5;8,7;7,6;7,8;7,9;8,1;8,4;8,4;8,6;8,7;9,0;9,1;9,5;9,7;9,0;8,0;8,3;8,3;8,3;8,5;8,8;9,0;9,1;9,1;9,5;9,8;9,9;10,0;8,2;8,4;8,5;8,7;8,9;9,2;9,2;9,2;9,4;9,6;10,0;10,2;10,3;8,2;8,3;8,5;8,7;8,9;9,1;9,2;9,3;9,3;9,5;9,7;9,9;10,1;7,9;8,1;8,3;8,6;8,9;9,1;9,2;9,2;9,3;9,5;9,6;9,8;10,0;7,9;8,1;8,3;8,4;8,9;8,8;9,0;9,1;9,3;9,4;9,5;9,6;9,8;7,7;7,9;8,2;8,2;8,5;8,5;8,6;8,8;9,0;9,2;9,1;9,3;9,5;7,4;7,5;7,5;7,8;8,0;8,1;8,1;8,4;8,6;8,8;8,9;9,0;8,9;7,0;6,9;7,2;7,2;7,4;7,8;7,9;8,2;8,3;8,5;8,6;8,6;8,8;6,2;6,6;6,8;7,3;7,5;7,7;7,9;8,1;8,1;8,3;8,5;8,6;9,0
126;6,0;6,4;6,8;6,9;7,4;7,2;7,3;7,5;7,7;7,8;7,3;6,9;6,0;6,9;7,1;7,3;7,5;8,0;8,1;7,9;8,2;8,3;8,3;7,9;7,2;6,5;7,4;7,4;7,5;7,8;8,2;8,2;8,3;7,9;8,0;8,3;8,3;8,4;8,6;7,6;7,7;7,8;8,1;8,4;8,4;8,5;8,7;8,7;9,1;9,3;9,4;8,8;7,9;8,0;8,3;8,2;8,3;8,5;8,8;8,9;9,0;9,2;9,4;9,6;9,8;8,0;8,1;8,4;8,4;8,6;8,9;9,0;9,0;9,2;9,3;9,6;9,8;10,0;7,9;7,9;8,1;8,3;8,4;8,7;8,8;9,0;9,1;9,2;9,3;9,6;9,8;7,6;7,7;7,9;8,0;8,2;8,5;8,8;9,0;9,0;9,1;9,3;9,5;9,6;7,3;7,5;7,8;7,9;8,2;8,6;8,8;8,8;8,8;8,9;8,9;9,4;9,6;7,1;7,2;7,4;7,8;7,9;8,3;8,4;8,4;8,5;8,7;8,8;8,9;9,3;6,7;6,8;6,9;7,1;7,3;7,6;7,8;8,0;8,1;8,3;8,4;8,6;8,7;6,4;6,5;6,5;6,6;7,0;7,2;7,5;7,9;7,7;8,0;7,8;8,1;8,5;5,8;6,2;6,2;6,5;6,9;7,1;7,4;7,7;7,7;7,8;8,0;8,2;8,3
127;5,8;6,4;6,6;6,9;7,1;6,9;7,0;7,1;7,6;7,6;7,1;6,5;5,9;6,5;7,0;7,3;7,3;7,5;7,9;7,6;7,8;7,9;8,2;7,7;6,6;6,1;6,9;7,1;7,5;7,6;7,8;8,0;8,2;7,9;7,9;8,0;8,0;8,0;8,2;7,1;7,3;7,5;7,7;7,9;8,2;8,3;8,4;8,4;8,5;8,8;8,9;8,4;7,4;7,7;7,8;7,9;8,0;8,2;8,5;8,5;8,5;8,8;9,0;9,0;9,1;7,6;7,5;7,8;7,8;8,1;8,4;8,5;8,6;8,6;8,8;9,0;9,2;9,4;7,3;7,5;7,6;7,6;7,9;8,1;8,3;8,4;8,5;8,5;8,7;8,8;9,1;6,7;6,9;7,3;7,4;7,7;7,9;8,1;8,2;8,3;8,5;8,7;8,8;9,0;6,4;6,5;6,8;7,0;7,3;7,9;7,9;8,3;8,3;8,4;8,6;8,6;8,7;6,2;6,4;6,6;6,6;7,0;7,2;7,7;8,1;8,2;8,2;8,4;8,5;8,7;6,0;6,3;6,3;6,3;6,6;6,8;7,0;7,3;7,7;8,2;8,1;8,2;8,3;5,8;5,7;6,1;6,5;6,4;6,8;6,9;7,1;7,5;7,8;7,8;7,9;8,0;5,1;5,4;5,6;6,1;6,6;6,6;6,8;7,0;7,1;7,5;7,6;8,0;7,8
128;5,6;5,9;6,1;6,6;6,7;6,4;6,4;6,7;7,3;7,3;6,5;5,8;5,0;6,1;6,7;6,8;6,9;7,2;7,3;7,1;7,3;7,3;7,5;6,9;6,0;5,2;6,1;6,5;7,0;7,1;7,2;7,4;7,5;7,2;7,3;7,5;7,4;7,3;7,4;6,4;6,7;6,9;7,0;7,3;7,5;7,8;7,8;7,9;7,9;8,1;8,0;7,6;6,4;6,7;6,9;7,1;7,5;7,5;7,6;7,8;8,0;8,0;8,2;8,1;8,4;6,7;6,8;6,9;7,2;7,4;7,7;7,8;7,7;7,9;8,0;8,3;8,4;8,5;6,3;6,2;6,6;6,9;6,9;7,2;7,4;7,3;7,4;7,3;7,6;8,1;8,3;6,0;6,0;6,2;6,5;6,6;6,9;7,2;7,2;7,6;7,6;7,8;8,0;8,2;5,6;6,0;6,0;6,2;6,5;6,6;6,9;7,0;7,2;7,6;7,9;8,2;8,2;5,5;5,9;5,7;6,0;6,1;6,3;6,7;7,0;7,1;7,4;7,6;8,2;8,3;5,1;5,5;5,6;5,9;5,9;6,0;6,2;6,5;6,9;7,2;7,2;7,4;7,6;4,6;4,9;5,3;5,3;5,8;6,1;6,1;6,3;6,7;7,0;7,2;7,4;7,5;3,7;4,3;4,9;5,2;5,5;5,8;6,0;6,4;6,5;6,6;7,0;7,4;7,4
129;5,1;5,4;5,9;5,9;6,1;6,0;5,8;6,1;6,5;6,5;6,0;5,5;4,8;5,7;5,9;6,2;6,5;6,6;6,6;6,4;6,6;6,6;6,7;6,2;5,5;4,9;5,7;5,9;6,1;6,6;6,6;6,6;6,6;6,3;6,5;6,5;6,3;6,2;6,3;5,7;5,9;6,2;6,3;6,6;6,7;6,5;6,7;6,8;6,9;6,7;6,8;6,2;5,6;6,1;6,2;6,3;6,5;6,6;6,8;6,8;6,7;6,6;6,9;6,9;6,9;5,3;5,8;6,1;6,3;6,4;6,6;6,6;6,8;6,6;6,5;6,5;6,8;7,0;4,7;5,3;5,8;6,0;6,0;6,2;6,2;6,4;6,5;6,7;6,7;6,9;6,8;4,5;4,8;5,0;5,3;5,5;5,9;5,9;6,1;6,4;6,5;6,6;6,7;7,3;4,0;4,6;4,8;5,0;5,3;5,7;5,9;6,1;6,3;6,6;6,9;7,1;7,4;3,8;4,2;4,5;4,6;4,8;5,4;5,9;5,8;6,1;6,5;7,0;7,3;7,2;3,6;3,7;4,1;4,5;5,0;5,3;5,4;5,6;5,6;6,1;6,5;6,5;6,8;3,5;3,6;3,4;3,8;4,2;5,1;5,3;5,3;5,6;5,9;6,3;6,4;6,9;2,8;3,1;2,9;3,4;3,9;4,5;4,7;5,3;5,6;5,9;5,6;6,3;6,8
130;4,6;4,6;4,9;5,4;5,4;5,2;5,4;5,3;5,6;5,6;5,2;4,8;4,2;4,9;5,0;5,3;5,7;5,8;6,1;5,7;5,8;6,0;6,2;5,7;4,9;4,4;4,6;5,0;5,2;5,6;5,8;5,9;6,0;5,5;5,6;5,7;5,7;5,5;5,4;4,5;4,7;5,3;5,5;5,6;5,7;5,7;5,7;5,9;5,9;5,8;5,8;5,2;4,1;4,6;5,0;5,4;5,6;5,8;5,7;5,7;5,8;5,8;5,9;5,8;5,8;4,1;4,6;4,8;5,3;5,3;5,5;5,6;5,7;5,9;5,8;6,0;6,1;6,3;3,9;4,2;4,5;4,7;4,9;5,2;5,2;5,4;5,6;5,7;5,8;5,8;6,1;3,4;3,6;3,7;4,1;4,5;4,6;4,7;5,0;5,2;5,4;5,5;5,4;5,9;3,2;3,1;3,1;3,3;4,0;4,6;4,6;4,8;5,0;5,3;5,6;5,8;6,0;2,9;2,8;2,7;3,2;3,7;4,2;4,4;4,5;4,8;5,0;5,2;5,6;5,9;2,2;2,5;2,2;2,1;3,2;2,7;3,8;4,0;4,7;4,8;5,2;5,3;5,6;2,1;2,1;2,4;2,3;2,3;1,6;3,2;3,2;3,9;4,6;4,7;5,1;5,5;1,9;2,2;2,6;2,5;2,7;3,0;3,4;3,7;3,9;4,1;4,7;5,0;5,1
131;4,1;4,2;4,9;5,0;4,9;4,8;4,9;4,8;5,1;5,0;4,5;4,2;3,9;4,2;4,4;4,8;4,9;5,2;5,3;5,2;5,2;5,3;5,6;5,2;4,6;3,9;4,1;4,0;4,3;4,8;5,0;5,3;5,3;4,9;5,1;5,1;5,0;4,8;5,0;4,0;4,2;4,1;4,6;4,7;5,1;5,3;5,3;5,3;5,2;5,2;5,2;5,0;3,9;3,9;4,0;4,5;4,5;4,7;4,8;5,1;5,2;5,0;5,2;5,2;5,1;3,7;3,9;4,2;4,3;4,5;4,7;4,8;5,0;5,1;5,3;5,2;5,2;5,1;3,2;3,2;3,4;3,7;3,9;4,0;4,2;4,4;4,8;4,8;4,9;5,0;5,1;2,8;2,8;3,0;3,2;3,3;3,5;3,9;4,2;4,0;4,7;4,6;4,7;4,9;2,3;2,1;2,6;2,6;2,6;3,1;3,7;3,9;4,1;4,4;4,3;4,7;5,0;1,9;1,8;2,1;2,0;1,9;2,2;3,6;3,7;3,8;4,6;4,7;4,9;5,1;1,9;1,9;1,7;1,4;1,3;1,9;2,0;2,2;3,4;3,7;4,0;4,4;4,5;0,9;0,9;1,5;1,5;1,5;1,7;2,3;2,9;2,9;3,3;3,9;4,2;4,1;0,9;0,5;1,1;1,2;1,3;2,6;2,4;2,4;3,4;3,2;3,2;3,5;3,9
132;3,6;3,7;4,2;4,4;4,4;4,2;4,3;4,3;4,6;4,6;4,3;4,1;3,8;3,4;3,5;4,1;4,5;4,4;4,6;4,6;4,8;4,6;4,6;4,7;4,3;3,8;3,6;3,4;4,0;3,9;4,2;4,3;4,4;4,3;4,6;4,6;4,6;4,5;4,6;3,7;3,5;3,9;3,9;4,3;4,2;4,7;4,5;4,8;4,8;4,4;4,4;4,2;3,5;3,7;3,9;3,9;4,0;4,3;4,3;4,1;4,4;4,3;4,8;4,7;4,7;3,3;3,4;3,2;3,5;3,8;4,0;4,0;4,1;4,3;4,5;4,4;4,5;4,6;2,6;2,7;2,8;2,6;2,9;3,2;3,5;3,6;3,7;3,9;3,9;4,1;4,3;2,1;1,7;1,7;2,2;2,6;2,3;2,7;3,3;3,7;4,0;4,2;3,9;4,0;1,6;1,8;1,7;2,0;1,9;2,0;2,3;2,7;3,5;3,5;3,6;4,0;3,8;1,3;1,5;1,6;1,3;1,7;1,6;1,3;2,0;3,3;3,3;3,2;3,0;3,4;1,7;2,0;1,9;1,0;1,2;1,2;1,4;1,4;1,5;2,7;3,1;2,9;3,2;1,5;1,4;1,6;1,0;0,8;1,0;0,7;1,2;2,2;1,8;2,4;2,8;3,0;1,6;1,6;1,6;1,3;1,3;1,2;1,2;2,1;2,2;2,4;2,7;2,2;3,3
133;3,2;3,4;3,2;4,1;4,2;3,9;3,9;4,0;4,4;4,5;4,2;3,9;3,7;3,3;3,3;4,2;4,0;4,3;4,5;4,3;4,5;4,6;4,4;4,2;4,0;3,6;3,7;3,9;4,2;4,2;4,3;4,4;4,4;4,3;4,4;4,4;4,2;4,2;4,3;3,4;3,3;3,9;3,7;3,8;4,0;4,1;4,3;4,3;4,6;4,3;4,3;4,0;3,5;3,4;3,5;3,6;3,7;3,7;3,7;3,8;4,0;4,2;4,0;3,8;4,0;3,2;3,4;3,4;3,0;2,9;3,4;3,6;3,6;3,7;3,7;3,7;3,8;3,8;2,8;2,5;2,2;2,3;2,7;2,7;2,9;2,9;2,6;3,6;3,7;3,5;3,4;2,5;2,5;2,1;2,1;2,1;2,4;2,3;2,2;2,1;2,1;2,5;2,4;2,6;2,3;1,9;1,8;1,7;1,7;1,7;1,8;1,6;1,6;1,5;1,6;2,8;2,4;1,9;2,0;2,0;2,1;1,7;1,4;1,5;1,1;1,4;1,2;1,3;1,5;1,7;2,3;2,0;2,1;2,1;2,1;1,3;1,3;0,8;0,9;1,3;1,5;1,8;1,4;2,2;2,4;2,4;2,2;2,5;2,6;1,9;1,8;1,7;1,6;1,7;1,5;1,8;3,0;3,2;2,8;2,9;2,3;2,1;2,0;2,0;2,3;2,1;1,9;1,8;1,6
134;3,4;3,6;3,2;3,4;3,6;3,6;3,9;3,9;4,0;4,2;3,9;3,9;3,6;3,4;3,8;3,6;3,9;3,6;4,3;4,1;4,3;4,4;4,5;4,3;4,0;3,6;3,4;3,6;3,8;3,6;3,6;3,7;4,1;4,0;3,9;3,9;4,2;4,1;4,2;3,5;3,4;3,3;3,2;3,2;3,4;3,7;4,0;4,0;4,4;4,4;4,3;3,7;3,6;3,5;3,4;3,3;3,2;3,4;3,5;3,7;3,6;4,0;3,9;3,7;3,6;3,7;3,5;3,3;3,5;3,4;3,1;3,4;3,6;3,3;3,5;3,2;3,0;3,4;3,2;2,6;2,9;2,5;3,0;2,7;2,7;2,6;2,6;2,5;2,4;2,3;2,3;2,7;2,7;2,6;2,7;2,6;2,3;2,1;2,2;1,7;1,4;0,7;1,7;2,4;3,2;2,9;2,6;2,6;2,0;2,1;2,7;1,9;1,7;1,0;0,9;1,3;1,9;3,0;2,8;2,9;2,4;2,5;2,9;2,4;1,8;1,8;1,2;1,0;1,2;0,3;3,5;3,3;3,0;3,2;3,2;2,9;2,9;2,7;2,0;1,5;1,3;1,4;0,1;4,0;3,5;3,6;3,7;3,2;2,7;2,5;2,6;2,7;2,2;2,0;2,2;1,6;3,6;3,8;3,7;3,7;3,6;3,5;3,0;2,8;2,7;2,9;2,7;2,8;2,6
135;3,5;3,4;3,5;3,4;3,6;3,2;3,8;3,6;3,8;3,9;3,5;3,3;3,1;3,8;3,5;3,9;3,8;3,6;3,9;4,0;4,1;4,1;4,2;3,8;3,5;3,1;3,7;3,3;3,4;3,5;3,7;3,7;3,7;3,7;3,8;3,8;3,8;3,8;3,7;3,5;3,4;3,4;3,4;3,3;3,2;3,8;3,3;3,8;3,9;4,3;3,9;3,3;3,9;3,8;3,8;3,3;3,4;3,1;3,2;2,9;3,4;3,3;3,6;3,5;3,4;4,0;3,8;3,7;3,2;2,9;3,0;2,9;3,3;3,0;3,0;2,9;2,7;2,9;3,5;3,3;3,3;3,0;2,9;2,8;2,8;2,9;2,7;2,5;2,2;2,0;1,6;3,9;3,2;3,0;3,1;3,1;2,9;2,3;1,9;2,4;2,1;1,8;1,9;1,3;3,8;3,8;3,3;3,2;2,9;2,8;2,3;2,2;2,2;2,2;1,8;1,7;1,1;4,2;4,2;4,1;3,6;3,2;3,3;3,2;2,8;2,9;2,7;2,6;1,7;0,8;4,2;4,3;4,0;3,8;3,6;3,3;3,1;3,1;2,9;3,1;3,6;2,6;2,0;4,6;4,7;4,3;4,3;3,8;3,8;3,7;3,8;3,2;3,3;3,2;3,5;3,4;4,7;4,6;4,4;4,3;4,2;4,2;4,1;3,9;3,7;3,7;3,9;3,7;3,4
136;4,6;4,3;4,4;4,3;4,3;3,9;3,8;3,5;3,6;3,5;3,3;2,6;2,3;4,4;4,2;4,4;3,8;3,5;3,7;3,6;3,8;3,8;3,9;3,5;2,9;2,6;4,3;4,3;3,8;3,5;3,5;3,5;4,0;3,6;3,8;3,7;3,6;3,6;3,4;4,5;4,5;4,0;4,0;3,6;3,6;3,3;3,6;3,8;3,8;3,8;3,7;3,1;4,4;4,4;4,1;3,9;3,8;3,5;3,4;3,1;3,0;3,2;3,2;3,5;3,6;4,3;4,1;4,0;3,8;3,7;3,4;3,2;3,0;3,0;3,0;3,0;2,8;2,5;4,4;4,4;4,0;3,8;3,5;3,3;3,2;3,0;3,0;2,7;2,6;2,3;1,9;4,6;4,5;3,7;3,5;3,5;3,3;3,2;3,1;2,5;3,0;2,5;2,1;1,9;4,7;4,7;4,4;4,3;3,7;3,7;3,6;3,4;3,0;2,9;2,8;2,7;2,2;5,1;4,5;4,3;4,4;4,3;4,1;3,9;3,8;3,5;3,3;3,4;3,0;2,8;5,6;5,3;5,1;4,9;4,7;4,4;3,9;3,8;3,9;4,1;3,8;3,7;3,7;5,7;5,6;5,3;5,2;4,8;4,7;4,7;4,5;4,2;4,2;4,4;3,9;3,9;5,6;5,5;5,5;5,5;5,5;5,2;5,0;4,6;4,8;4,7;4,4;4,3;4,1
137;5,9;5,5;5,4;5,4;5,0;4,4;4,3;3,8;3,8;3,6;3,3;2,9;2,8;5,6;5,3;5,2;4,7;4,7;4,9;4,4;4,0;3,8;4,0;3,3;2,9;2,8;5,6;5,2;4,8;4,6;4,4;4,4;4,2;3,8;4,1;4,0;3,8;3,6;3,5;5,5;5,4;5,1;4,7;4,5;4,4;4,5;4,4;3,7;3,8;3,7;3,7;3,3;5,7;5,0;4,9;4,8;4,5;4,2;4,2;4,2;3,7;3,6;3,5;3,5;3,5;5,2;4,9;4,9;4,6;4,3;3,9;3,8;3,5;3,4;3,3;3,5;3,0;2,9;5,5;5,4;5,5;4,9;4,1;4,2;3,7;3,8;3,7;3,8;3,4;3,0;2,5;5,5;5,5;5,7;5,1;5,0;4,5;4,7;4,5;4,3;4,0;3,3;2,7;2,5;5,4;5,8;5,7;5,5;5,1;5,2;4,8;4,8;4,5;4,2;3,9;3,7;3,3;6,0;6,0;5,8;5,6;5,6;5,4;5,1;5,1;4,8;4,4;4,2;4,2;3,7;6,3;6,3;5,9;5,9;5,9;5,8;5,3;5,3;4,7;4,7;4,7;4,6;4,2;6,5;6,5;6,4;6,3;6,2;5,9;5,8;5,5;5,4;5,2;4,9;4,9;4,7;6,4;6,4;6,3;6,4;6,5;6,4;6,3;6,3;5,9;5,5;5,5;5,3;5,0
138;7,7;7,5;7,1;6,8;6,2;5,6;5,1;4,8;4,8;4,8;4,3;3,8;3,5;7,8;7,6;6,8;6,2;6,4;6,1;5,0;5,0;4,9;4,9;4,3;3,5;3,3;7,9;7,5;7,0;6,7;6,5;5,7;5,5;4,9;4,9;4,7;4,6;4,6;4,4;7,7;7,4;7,1;6,8;6,5;5,9;5,4;4,8;5,1;5,1;4,7;4,7;4,0;7,6;7,0;6,8;6,5;5,7;5,3;5,2;5,0;4,9;4,8;4,7;4,7;4,3;7,3;7,1;6,7;6,4;5,4;5,4;5,2;5,2;4,3;4,5;4,4;4,2;4,2;7,0;7,1;6,7;6,3;6,1;6,0;6,0;5,5;5,3;5,1;4,7;4,4;4,2;6,9;7,0;7,0;6,7;6,6;6,0;5,8;5,5;5,1;4,7;4,7;4,5;4,4;6,9;6,9;6,7;6,5;6,3;6,1;5,9;5,7;5,1;5,3;5,0;4,7;4,4;7,0;7,2;6,8;6,6;6,9;6,6;6,4;6,3;6,1;6,0;5,6;5,2;5,0;7,2;7,3;6,8;7,0;7,0;6,8;6,5;6,5;6,5;6,4;6,0;5,5;5,1;7,0;7,0;7,2;7,3;7,2;7,1;7,0;6,9;6,5;6,5;6,4;6,2;5,7;7,1;7,1;7,3;7,3;7,3;7,1;7,1;7,3;7,0;6,9;6,7;6,7;6,3
139;9,1;9,0;8,6;8,3;8,2;7,6;7,0;6,4;6,4;6,2;5,5;4,6;4,2;9,2;8,7;8,5;8,1;7,9;7,8;6,8;6,6;6,3;6,5;5,6;4,8;4,2;9,0;8,5;8,4;8,2;7,9;7,5;7,5;6,7;6,3;6,3;6,2;5,9;5,7;8,9;8,4;8,2;8,0;7,9;7,5;7,4;7,1;6,4;6,4;6,2;5,9;5,3;8,5;8,3;8,0;7,8;7,5;7,4;7,3;6,7;6,6;6,5;6,2;5,7;5,7;8,4;8,1;7,9;7,8;7,6;7,4;7,1;7,1;6,6;6,4;6,3;6,0;5,5;8,2;7,9;7,8;7,7;7,7;7,5;7,4;6,9;6,9;6,6;6,5;6,1;5,9;7,9;7,9;7,9;7,6;7,4;7,4;7,0;7,0;6,8;6,7;6,5;6,5;6,2;8,0;8,2;8,2;8,1;7,3;7,3;7,2;7,1;7,0;6,8;6,8;6,7;6,6;8,0;8,3;8,3;8,2;7,7;7,4;7,4;7,2;7,3;7,0;6,8;6,8;6,8;8,3;8,2;8,2;8,2;8,0;8,0;7,9;7,7;7,5;7,5;7,3;7,2;7,0;8,5;8,4;8,4;8,3;8,4;8,1;8,0;8,1;7,9;7,7;7,6;7,4;7,4;8,4;8,2;8,4;8,2;8,3;8,1;8,6;8,3;8,2;8,0;7,8;7,8;7,8
140;9,9;9,8;9,8;9,4;9,4;8,7;8,7;8,2;8,4;8,2;7,5;6,5;5,5;10,0;9,9;9,7;9,5;9,4;9,3;8,5;8,4;8,1;8,2;7,4;6,4;5,6;10,0;9,9;9,6;9,5;9,3;9,1;8,9;8,1;7,9;7,8;7,5;7,4;7,3;9,8;9,6;9,5;9,3;9,2;8,9;8,7;8,5;8,1;8,2;8,0;7,9;7,2;9,8;9,5;9,4;9,4;9,0;8,7;8,6;8,3;8,1;7,9;7,9;7,8;7,5;9,4;9,4;9,2;9,2;9,0;8,8;8,3;8,0;7,8;8,0;7,9;7,8;7,6;9,3;9,2;9,1;9,1;8,9;8,8;8,4;8,1;8,1;8,1;8,0;8,0;7,6;9,4;9,3;9,3;9,1;8,8;8,7;8,6;8,5;8,2;8,3;8,1;7,9;7,7;9,4;9,6;9,3;9,2;9,1;8,7;8,6;8,5;8,4;8,4;8,3;7,9;7,7;9,6;9,6;9,4;9,3;9,3;9,1;8,9;8,7;8,5;8,4;8,2;7,9;7,9;9,5;9,7;9,4;9,3;9,0;9,1;9,1;9,0;8,8;8,7;8,6;8,4;8,2;9,4;9,4;9,4;9,4;9,2;9,0;9,1;9,2;9,0;8,9;8,8;8,6;8,5;9,4;9,4;9,3;9,2;9,2;9,3;9,2;9,1;9,0;9,2;9,2;9,1;9,0
141;10,6;10,6;10,5;10,3;10,4;9,5;9,4;9,0;9,4;9,1;8,1;7,2;6,4;10,7;10,7;10,6;10,4;10,2;10,1;9,3;9,4;9,2;9,2;8,2;7,2;6,4;10,7;10,6;10,5;10,4;10,1;10,0;9,9;9,2;9,1;8,8;8,6;8,3;8,2;10,6;10,3;10,2;10,2;10,2;10,0;9,9;9,6;9,3;9,4;9,2;8,9;8,2;10,6;10,5;10,3;10,2;10,0;9,9;9,9;9,5;9,2;9,2;9,0;8,8;8,7;10,8;10,6;10,5;10,5;10,2;10,0;9,8;9,6;9,3;8,8;8,7;8,6;8,5;11,1;10,6;10,5;10,0;9,9;9,9;9,6;9,4;9,2;9,2;9,1;8,6;8,5;10,8;10,7;10,3;9,9;10,2;10,0;9,8;9,7;9,5;9,4;9,1;8,7;8,5;10,7;10,5;10,4;10,1;9,8;9,9;10,0;9,9;9,6;9,5;9,2;8,8;8,6;10,3;10,4;10,3;10,2;10,0;10,0;10,0;9,8;9,7;9,4;9,4;9,2;9,1;10,4;10,4;10,3;10,1;10,2;10,0;9,8;9,9;9,7;9,7;9,6;9,4;9,4;10,4;10,4;10,3;10,2;10,2;10,0;9,9;9,8;9,7;9,7;9,6;9,8;9,6;10,3;10,3;10,2;10,2;10,0;10,1;10,1;10,2;10,2;10,1;10,0;9,8;9,9
142;11,0;10,7;10,7;10,6;10,7;9,9;9,7;9,1;9,6;9,5;8,6;8,1;7,2;11,0;11,0;10,9;10,8;10,5;10,3;9,6;9,8;9,7;9,7;8,8;7,9;7,0;11,1;11,0;10,9;10,6;10,4;10,2;10,2;9,7;9,6;9,7;9,3;9,1;9,1;11,3;11,0;10,9;10,8;10,6;10,4;10,5;10,3;10,2;10,3;10,0;9,9;9,0;11,5;11,4;11,2;11,0;10,7;10,7;10,6;10,3;10,4;10,3;10,2;10,0;9,8;11,6;11,7;11,5;11,3;10,8;10,7;10,5;10,4;10,3;10,4;10,2;10,0;9,8;11,4;11,3;11,4;11,2;11,1;10,8;10,8;10,6;10,3;10,3;10,2;10,2;10,0;11,4;11,4;11,3;11,2;11,0;10,7;10,7;10,5;10,5;10,5;10,3;10,3;9,9;11,1;11,1;11,2;11,1;10,8;10,8;10,6;10,6;10,5;10,4;10,3;10,2;10,1;11,1;11,1;11,2;11,1;11,1;10,8;10,9;10,6;10,5;10,4;10,5;10,4;10,4;11,2;11,2;11,3;11,2;11,1;11,1;10,9;10,8;10,7;10,5;10,4;10,5;10,5;11,3;11,2;11,1;11,1;11,1;11,1;10,9;10,9;10,8;10,6;10,5;10,8;10,9;11,0;11,0;10,9;10,7;10,7;10,9;11,1;11,1;10,9;10,8;10,8;10,9;10,7
143;11,2;10,8;10,7;10,6;10,6;10,0;9,6;9,4;9,9;9,8;8,9;8,4;7,7;11,3;11,2;10,9;10,9;10,8;10,7;9,7;9,6;9,6;9,8;9,0;8,3;7,2;11,4;11,3;11,1;10,8;10,9;10,5;10,3;9,6;9,6;9,6;9,6;9,4;9,6;11,7;11,5;11,2;11,0;11,1;11,0;10,7;10,4;10,4;10,5;10,5;10,3;9,6;11,8;11,7;11,5;11,4;11,4;11,2;11,0;10,7;10,7;10,8;10,8;10,5;10,6;11,9;11,8;11,7;11,5;11,5;11,5;11,2;11,0;10,9;10,9;11,0;11,0;10,8;12,0;11,9;11,7;11,6;11,4;11,4;11,3;11,1;11,0;11,1;11,0;11,0;10,8;11,8;11,7;11,7;11,5;11,4;11,4;11,4;11,3;11,2;11,1;11,0;10,9;10,9;11,8;11,8;11,7;11,5;11,4;11,4;11,2;11,2;11,2;11,2;11,0;10,9;11,0;11,8;11,8;11,6;11,6;11,5;11,5;11,6;11,7;11,5;11,3;11,1;11,0;10,9;11,7;11,6;11,7;11,5;11,5;11,5;11,6;11,6;11,6;11,6;11,4;11,3;11,1;11,7;11,5;11,8;11,5;11,5;11,5;11,8;11,8;11,8;11,7;11,7;11,5;11,4;11,4;11,2;11,4;11,5;11,7;11,8;11,8;11,6;11,9;11,6;11,7;11,8;11,7
144;10,8;10,8;10,7;10,7;10,7;9,9;9,9;9,6;9,8;9,9;9,4;9,0;8,0;11,1;11,1;11,1;10,9;10,8;10,7;9,8;10,0;9,8;9,8;9,3;8,5;7,8;11,5;11,5;11,3;11,1;11,0;10,8;10,6;10,1;10,0;9,8;9,8;9,6;9,7;11,8;11,6;11,6;11,4;11,5;11,3;11,1;10,9;10,8;10,9;11,0;10,9;10,1;12,1;12,0;11,8;11,7;11,6;11,6;11,5;11,4;11,4;11,2;11,1;11,1;11,2;12,3;12,2;12,0;11,9;11,8;11,8;11,7;11,7;11,6;11,6;11,3;11,4;11,4;12,5;12,2;12,0;11,9;11,8;11,8;11,7;12,0;11,9;11,7;11,7;11,4;11,5;12,4;12,3;12,2;11,9;11,8;12,0;12,0;12,1;12,0;11,8;11,6;11,6;11,6;12,5;12,4;12,3;12,3;12,4;12,4;12,3;12,2;12,2;12,0;11,8;11,7;11,8;12,6;12,6;12,6;12,7;12,6;12,6;12,5;12,4;12,3;12,2;12,1;11,8;11,8;12,3;12,4;12,3;12,3;12,5;12,6;12,6;12,5;12,4;12,4;12,3;12,1;12,0;12,2;12,1;12,1;12,3;12,2;12,5;12,6;12,6;12,5;12,6;12,5;12,4;12,3;11,8;11,8;11,8;12,0;12,2;12,2;12,5;12,5;12,6;12,5;12,5;12,5;12,5
145;10,0;10,1;10,2;10,3;10,6;9,8;9,9;9,5;10,4;10,5;9,9;9,5;9,0;10,9;10,7;10,6;10,7;10,7;10,9;10,2;10,5;10,5;10,7;10,1;9,1;8,5;11,3;11,3;11,2;11,3;11,4;11,6;11,4;10,5;10,6;10,7;10,7;10,3;10,6;11,8;11,7;11,6;11,6;11,7;11,7;11,8;11,7;11,6;11,8;11,8;11,7;10,9;12,2;12,1;12,2;12,2;12,0;12,0;12,0;12,0;12,0;11,9;11,9;11,8;11,7;12,7;12,6;12,3;12,4;12,2;12,3;12,2;12,2;12,2;12,1;12,2;12,1;12,1;12,7;12,7;12,6;12,5;12,5;12,6;12,4;12,4;12,3;12,4;12,3;12,2;12,3;12,8;12,8;12,6;12,7;12,8;12,8;12,8;12,7;12,6;12,7;12,6;12,3;12,3;13,1;12,9;12,8;13,0;12,8;12,8;12,9;13,0;12,9;12,9;12,8;12,7;12,5;13,2;13,2;13,0;13,1;13,2;13,2;13,2;13,2;13,1;13,0;12,8;12,7;12,4;13,0;12,9;12,9;13,2;13,2;13,1;13,3;13,3;13,2;13,2;13,1;12,9;12,6;12,9;12,9;12,8;12,6;12,9;12,9;13,1;13,2;13,3;13,3;13,1;13,0;12,8;12,5;12,6;12,5;12,6;12,9;12,9;13,0;13,5;13,4;13,4;13,4;13,3;13,2
146;9,1;9,2;9,1;9,3;9,4;9,0;9,1;9,1;9,5;9,9;9,6;9,6;9,0;9,5;9,7;9,6;10,0;10,1;10,5;9,9;10,2;10,3;10,6;10,4;9,6;8,9;10,4;10,8;10,9;11,0;11,0;11,1;11,2;10,6;10,8;10,9;11,0;10,9;11,1;11,4;11,5;11,4;11,5;11,6;11,7;11,8;11,7;11,8;11,9;12,0;12,0;11,1;12,2;12,3;12,3;12,3;12,3;12,3;12,4;12,3;12,3;12,2;12,2;12,4;12,4;13,0;13,0;13,0;12,9;13,0;12,9;12,9;12,6;12,6;12,7;12,8;12,7;12,6;13,4;13,3;13,3;13,2;13,2;13,1;13,1;12,8;12,9;12,8;12,8;12,9;13,0;13,7;13,7;13,5;13,5;13,4;13,4;13,2;13,0;12,9;13,0;13,0;12,8;13,2;14,2;14,0;13,9;13,8;13,8;13,6;13,6;13,6;13,5;13,4;13,1;13,0;13,2;14,1;14,1;13,9;14,0;13,9;13,9;13,9;13,9;13,8;13,8;13,7;13,2;13,3;13,9;13,9;13,7;13,7;13,9;13,9;14,0;13,8;13,8;13,9;13,8;13,7;13,4;13,6;13,7;13,4;13,6;13,8;13,9;14,0;14,2;13,9;13,9;13,9;13,9;13,8;13,3;13,3;13,3;13,5;13,4;13,8;14,0;14,1;14,0;14,0;14,2;14,4;14,1
147;9,2;9,1;9,1;9,1;9,2;8,6;8,7;8,6;9,3;9,2;8,7;8,5;8,0;9,3;9,5;9,6;9,8;9,5;9,6;9,3;9,8;10,0;10,1;9,4;8,7;8,5;10,1;10,1;10,3;10,7;10,7;10,8;10,7;10,2;10,4;10,5;10,6;10,6;10,9;11,0;11,1;11,4;11,3;11,4;11,6;11,4;11,4;11,6;11,5;11,7;11,8;11,1;12,0;12,2;12,2;12,2;12,1;12,2;12,2;12,0;12,4;12,3;12,4;12,3;12,3;12,8;12,9;13,1;13,2;13,0;13,1;13,0;13,0;12,9;12,9;12,7;12,6;12,6;13,2;13,6;13,6;13,8;13,7;13,5;13,3;13,2;13,1;12,9;12,8;12,8;13,0;13,9;14,1;14,2;14,1;13,9;14,0;13,5;13,6;13,6;13,4;13,5;13,3;13,3;14,5;14,6;14,6;14,5;14,4;14,4;14,4;14,5;14,4;14,5;13,9;14,1;14,0;14,7;14,8;14,8;14,7;14,6;14,6;14,6;14,6;14,7;14,6;14,4;14,4;14,2;14,7;14,7;14,6;14,7;14,7;14,6;14,8;14,6;14,6;14,7;14,6;14,9;14,8;14,8;14,5;14,5;14,4;14,6;14,6;14,8;14,7;14,7;14,9;14,7;14,8;14,9;14,7;14,4;14,4;14,4;14,5;14,5;14,6;14,7;14,8;14,9;15,1;15,0;14,8
148;10,0;10,1;10,3;10,1;9,7;8,8;8,6;8,2;8,6;8,5;8,1;7,5;6,9;10,4;10,0;10,1;10,2;9,7;9,7;8,9;9,0;9,3;9,3;8,7;7,9;7,4;10,5;10,6;10,4;10,4;10,1;10,0;10,1;9,9;9,9;9,8;9,8;9,8;10,0;10,9;11,0;11,1;11,0;10,9;11,0;11,1;11,1;11,1;11,2;11,2;11,3;10,5;11,4;11,5;11,5;11,6;11,8;11,8;11,8;11,6;11,8;11,7;11,8;11,8;11,9;12,1;12,2;12,2;12,3;12,2;12,3;12,3;12,3;12,4;12,3;12,3;12,4;12,7;12,4;12,6;12,8;12,8;12,9;12,8;12,9;12,9;13,1;13,4;13,2;13,0;13,0;13,0;13,0;13,3;13,3;13,5;13,7;13,7;14,0;14,0;14,1;14,0;14,1;13,9;13,7;13,8;13,7;14,2;14,3;14,5;14,6;14,5;14,4;14,5;14,5;14,7;14,5;14,2;14,3;14,6;14,6;14,8;14,9;15,1;14,8;14,8;15,0;15,0;15,0;14,9;14,8;14,7;14,8;15,4;15,6;15,3;15,2;15,3;15,2;15,1;15,1;15,0;14,9;15,1;15,1;15,0;15,3;15,5;15,5;15,4;15,5;15,6;15,5;15,3;15,3;15,4;15,2;15,2;15,3;15,5;15,6;15,7;15,7;16,1;16,0;15,7;15,4;15,4;15,4
149;11,2;11,2;11,0;11,0;10,4;9,3;8,8;8,4;8,8;8,2;7,5;7,0;6,4;11,1;11,0;10,9;10,6;10,2;9,6;8,8;8,8;8,7;8,5;7,9;7,2;6,7;11,0;10,9;10,8;10,6;10,3;9,9;9,8;9,0;9,2;9,1;8,9;8,9;9,1;10,9;10,8;10,8;10,6;10,4;10,1;10,0;10,2;10,4;10,5;10,7;10,5;10,1;11,0;11,1;11,1;11,0;10,8;10,9;10,9;10,8;11,1;11,1;11,3;11,4;11,5;11,3;11,3;11,3;11,2;11,3;11,4;11,5;11,7;11,8;11,9;12,0;12,0;12,5;11,3;11,5;11,7;11,8;11,9;12,0;12,2;12,4;12,5;12,8;13,0;13,1;13,5;11,7;11,8;12,0;12,1;12,5;12,5;12,8;13,1;13,7;13,9;14,0;14,2;14,3;12,4;12,5;12,6;13,0;13,1;13,6;14,0;14,3;14,6;14,5;14,6;14,6;14,9;12,7;13,1;13,2;13,6;14,0;14,5;14,7;15,1;15,3;15,5;15,4;15,2;15,1;13,2;13,5;14,0;14,5;14,7;15,0;15,4;15,5;15,7;15,7;15,6;15,6;15,7;13,8;14,2;14,6;15,0;15,6;15,5;15,7;16,1;16,2;16,3;16,1;15,9;15,8;14,4;14,8;15,3;15,7;15,8;16,2;16,4;16,6;16,4;16,4;16,3;16,3;16,0
150;12,0;11,8;11,6;11,6;11,0;10,0;9,7;8,9;9,1;8,8;7,9;7,3;6,3;11,8;11,6;11,5;11,3;10,9;10,5;9,3;9,1;8,8;8,7;8,2;7,2;6,5;11,4;11,4;11,2;11,1;10,7;10,5;10,2;9,2;9,2;8,9;8,8;8,7;8,9;11,3;11,1;10,9;11,0;10,6;10,4;10,4;10,3;10,4;10,3;10,1;10,4;9,7;11,1;11,0;11,0;10,8;10,5;10,5;10,7;10,7;10,8;10,8;10,8;11,1;11,3;10,9;10,7;10,9;11,0;10,8;10,9;11,0;11,1;11,4;11,6;11,7;11,9;12,0;10,7;10,7;11,3;11,3;11,2;11,2;11,5;11,6;12,1;12,3;12,4;12,6;13,1;11,0;11,0;11,1;11,3;11,4;11,7;11,9;12,2;13,0;13,3;13,4;13,5;13,8;11,2;11,3;11,5;11,7;12,0;12,5;12,7;13,7;14,3;14,3;14,2;14,5;14,7;11,6;11,8;12,1;12,5;12,8;13,2;13,9;14,5;14,9;15,1;15,2;15,2;15,3;12,0;12,1;12,5;13,1;13,7;14,1;14,5;15,1;15,6;15,7;15,6;15,7;15,8;12,5;12,9;13,4;14,1;14,4;15,1;15,4;15,6;16,2;16,1;16,3;16,2;16,2;13,4;13,8;14,3;15,3;15,6;15,9;16,0;16,4;16,8;16,6;16,4;16,4;16,3
151;12,4;12,3;12,3;12,4;12,2;11,0;10,8;10,3;10,4;9,7;8,8;8,2;7,1;12,4;12,3;12,2;12,4;12,1;11,8;10,7;10,7;10,2;9,9;9,0;7,9;7,0;12,4;12,2;12,1;12,1;11,8;11,5;11,4;10,4;10,3;9,9;9,6;9,4;9,5;12,0;12,1;12,0;12,0;11,6;11,4;11,4;11,3;11,2;11,1;10,9;10,6;9,9;11,9;11,9;12,0;11,8;11,8;11,7;11,4;11,4;11,4;11,2;11,0;11,0;11,1;11,8;11,9;11,8;11,7;11,7;11,5;11,6;11,6;11,5;11,5;11,5;11,7;11,8;11,7;11,4;11,6;11,4;11,2;11,4;11,3;11,6;11,8;11,7;11,9;12,1;12,6;11,5;11,3;11,2;11,1;11,3;11,5;11,6;11,7;12,3;12,2;12,5;12,6;13,0;11,4;11,4;11,5;11,4;11,2;11,8;11,9;12,2;13,1;13,1;13,3;13,5;13,8;11,5;11,5;11,6;11,9;11,9;12,3;12,5;13,5;13,7;13,6;13,9;14,2;14,4;11,3;11,4;11,8;12,0;12,5;12,8;13,2;13,6;14,2;14,6;14,7;14,8;14,9;11,4;11,7;12,1;12,5;12,9;13,5;13,8;14,5;15,3;15,5;15,5;15,6;15,8;12,0;12,4;12,7;13,4;13,6;14,2;15,0;15,5;15,8;16,0;16,0;16,2;16,6
152;12,7;12,8;13,0;12,8;13,0;11,9;11,6;11,3;11,5;11,5;10,5;9,8;8,7;12,9;13,0;12,9;12,9;12,8;12,9;11,9;11,7;11,6;11,5;10,8;9,6;8,2;12,7;12,8;12,8;12,9;12,8;12,6;12,4;11,6;11,6;11,1;10,8;10,4;10,3;12,7;12,7;12,7;12,7;12,6;12,4;12,2;12,0;12,0;11,8;11,7;11,4;10,2;12,5;12,5;12,5;12,6;12,4;12,4;12,3;12,1;12,0;11,8;11,6;11,1;11,0;12,5;12,5;12,7;12,7;12,3;12,3;12,2;12,1;12,1;11,7;11,4;11,1;11,2;12,5;12,5;12,6;12,6;12,3;11,8;11,7;11,8;11,7;11,4;11,4;11,4;11,8;12,4;12,1;12,1;12,0;11,5;11,5;11,6;11,4;11,3;11,4;11,5;11,5;12,0;12,3;11,9;11,5;11,6;11,5;11,5;11,6;11,6;11,7;11,7;11,9;12,0;12,2;11,9;11,8;11,5;11,5;11,5;11,4;11,8;11,7;12,1;12,1;12,3;12,7;13,0;11,1;11,1;11,2;11,5;11,4;11,5;11,7;12,2;12,7;12,8;12,9;13,3;13,5;11,0;11,0;11,0;11,1;11,5;11,8;12,0;12,8;13,3;13,3;13,5;14,1;14,5;10,8;10,9;11,0;11,4;11,7;12,1;12,9;13,4;14,1;14,3;14,7;15,0;15,3
153;13,1;13,0;13,2;13,4;13,3;12,6;12,2;11,7;12,0;11,9;11,0;10,7;9,4;13,0;13,1;13,3;13,3;13,4;13,5;12,6;12,6;12,2;12,3;11,5;10,5;9,2;13,3;13,1;13,3;13,5;13,7;13,6;13,5;12,3;12,2;12,0;11,6;11,0;10,9;13,2;13,1;13,3;13,0;13,1;12,8;12,9;12,9;12,7;12,4;12,0;11,8;10,7;13,2;13,0;13,1;13,1;13,0;12,8;12,7;12,6;12,6;12,5;12,1;11,9;11,4;12,9;12,9;13,0;13,3;13,0;12,7;12,7;12,4;12,4;12,1;11,7;11,4;11,3;12,7;12,6;12,7;12,8;12,8;12,6;12,5;12,3;12,2;11,7;11,4;11,3;11,2;12,8;12,6;12,7;12,6;12,4;12,2;12,0;11,9;11,7;11,5;11,1;11,3;11,4;12,7;12,6;12,5;12,5;11,8;11,8;11,7;11,6;11,5;11,3;11,2;11,4;11,7;12,2;12,2;12,0;11,8;11,4;11,4;11,5;11,4;11,4;11,3;11,5;11,7;11,9;11,9;11,5;11,2;11,2;11,1;11,2;11,2;11,2;11,4;11,3;11,4;11,8;12,1;11,5;11,3;11,0;10,8;10,9;10,9;11,1;11,3;11,9;12,0;11,9;12,6;13,2;10,9;10,8;10,8;10,9;10,8;10,8;11,3;12,0;12,5;12,6;13,0;13,6;13,8
154;13,3;13,4;13,5;13,5;13,5;12,5;12,5;12,1;12,5;12,3;11,5;10,9;9,7;13,3;13,3;13,6;13,6;13,6;13,6;12,5;12,8;12,7;13,0;12,1;11,0;9,5;13,3;13,5;13,6;13,5;13,5;13,6;13,4;12,5;12,4;12,4;12,1;11,5;11,6;13,5;13,5;13,4;13,4;13,0;13,4;13,4;13,4;13,5;13,2;12,9;12,6;11,3;13,2;13,3;13,2;13,0;13,0;13,1;13,1;13,2;13,3;13,2;12,6;12,5;12,1;12,9;12,9;13,0;13,0;13,0;13,1;13,1;13,0;13,0;12,8;12,5;12,3;11,9;12,9;12,8;12,9;12,8;12,6;12,7;12,9;12,8;12,9;12,5;12,3;11,9;11,8;12,8;12,7;12,9;12,9;12,7;12,5;12,6;12,6;12,4;12,3;12,0;11,7;11,6;12,9;12,8;12,5;12,7;12,4;12,4;12,4;12,3;12,2;12,0;11,8;11,7;11,7;12,8;12,6;12,4;12,5;11,8;11,7;11,9;11,8;11,9;11,6;11,4;11,2;11,2;12,4;12,3;12,3;12,2;11,7;11,6;11,7;11,5;11,5;11,2;11,2;11,1;11,4;12,2;11,9;11,8;11,5;11,3;11,2;11,1;11,4;11,4;11,0;11,3;11,3;11,7;11,6;11,5;11,3;11,4;11,2;11,1;11,1;11,1;11,6;11,5;11,6;12,0;12,1
155;13,1;13,3;13,4;13,4;13,4;12,5;12,3;12,2;12,5;12,5;11,5;11,1;9,9;13,1;13,2;13,2;13,3;13,3;13,3;12,4;12,6;12,6;12,6;11,9;11,1;9,7;13,3;13,3;13,3;13,3;13,4;13,3;13,3;12,6;12,6;12,4;12,2;12,0;11,9;13,4;13,4;13,1;13,2;13,2;13,3;13,5;13,6;13,8;13,8;13,4;12,9;11,8;13,0;13,0;13,1;13,1;13,1;13,2;13,5;13,5;13,7;13,4;13,3;13,1;13,1;13,1;13,1;13,1;13,1;13,1;13,3;13,2;13,3;13,4;13,4;13,2;13,0;13,0;13,1;13,0;13,1;12,9;13,0;13,2;13,1;13,1;13,1;13,1;12,9;12,9;12,7;12,9;13,0;13,1;13,0;13,1;13,1;13,1;13,0;12,8;12,9;12,7;12,4;12,4;13,1;13,0;13,0;13,0;13,0;13,0;12,8;12,8;12,9;12,8;12,5;12,3;12,2;12,9;12,9;12,7;12,8;12,6;12,8;12,7;12,5;12,6;12,1;11,8;11,6;11,7;12,8;12,8;12,8;12,7;12,5;12,3;12,2;12,1;11,8;11,5;11,3;11,2;11,2;12,6;12,3;12,4;12,6;12,2;12,1;11,8;11,9;11,6;11,2;11,2;10,9;10,8;12,3;12,3;12,2;12,2;12,0;11,7;11,3;11,4;11,2;11,0;10,8;11,0;11,0
156;13,0;12,9;13,2;13,0;13,1;12,2;12,4;11,9;12,5;12,2;11,5;10,8;9,9;12,9;13,0;13,1;13,0;13,1;13,4;12,5;12,7;12,7;12,8;12,1;10,6;9,5;13,2;13,1;13,2;13,2;13,1;13,3;13,6;12,8;12,9;12,7;12,6;12,1;12,1;13,1;13,2;13,3;13,5;13,5;13,5;13,6;13,7;14,0;14,2;13,6;13,6;12,1;13,0;13,0;13,1;13,2;13,1;13,4;13,4;13,3;13,5;13,6;13,6;13,4;13,2;13,1;13,1;13,1;13,0;13,2;13,3;13,3;13,4;13,6;13,7;13,6;13,3;13,3;13,3;13,2;13,1;13,2;13,2;13,3;13,4;13,4;13,5;13,3;13,3;13,1;13,1;13,4;13,1;13,2;13,2;13,3;13,2;13,3;13,3;13,3;13,1;13,0;12,8;12,8;13,2;13,1;13,1;13,3;13,3;13,3;13,3;13,1;13,1;13,0;12,9;12,8;12,6;13,0;13,2;13,2;13,4;13,6;13,3;13,2;13,2;13,2;12,9;12,5;12,4;12,2;12,9;13,0;13,2;13,4;13,3;13,1;12,7;12,7;12,9;12,5;12,1;11,8;11,6;12,8;12,9;13,0;13,2;13,0;12,6;12,6;12,4;12,4;11,9;11,6;11,3;11,0;12,4;12,6;12,8;12,9;12,5;12,3;12,2;12,0;11,9;11,3;11,0;10,8;10,7
157;12,7;12,7;12,7;12,8;13,1;12,4;12,4;12,0;12,4;12,5;11,6;11,1;9,6;12,8;12,9;13,0;13,1;13,2;13,3;12,4;12,5;12,6;12,9;12,1;10,7;9,6;13,0;13,0;13,1;13,0;13,2;13,4;13,4;12,8;12,7;12,9;12,8;12,6;12,3;12,9;13,1;13,0;13,1;13,4;13,5;13,5;13,8;13,8;13,7;13,4;13,8;12,5;13,0;13,1;13,0;13,0;13,2;13,5;13,7;13,5;13,6;13,6;13,5;13,7;13,4;13,4;13,1;13,1;13,1;13,3;13,4;13,7;13,7;13,5;13,6;13,5;13,7;13,7;13,7;13,5;13,3;13,2;13,5;13,6;13,6;13,6;13,6;13,6;13,6;13,5;13,4;13,7;13,5;13,5;13,5;13,4;13,5;13,6;13,6;13,6;13,7;13,4;13,3;13,1;13,3;13,4;13,4;13,4;13,4;13,5;13,6;13,5;13,5;13,6;13,6;13,0;12,9;13,2;13,3;13,5;13,5;13,4;13,5;13,4;13,5;13,3;13,2;13,1;12,9;12,7;13,0;13,1;13,1;13,3;13,3;13,3;13,4;13,4;13,1;12,9;12,7;12,4;12,2;12,3;12,8;13,0;13,1;13,1;13,0;13,1;13,1;12,9;12,6;12,3;12,1;11,9;12,2;12,3;12,6;13,3;13,0;12,7;12,8;12,7;12,5;12,4;12,0;11,8;11,3
158;12,5;12,6;12,7;12,9;13,2;12,2;12,1;11,9;12,4;12,5;11,7;11,1;9,7;12,7;12,8;12,8;13,0;13,1;13,1;12,4;12,5;12,8;12,8;11,9;10,8;9,7;12,8;13,1;13,3;13,1;13,1;13,2;13,2;12,4;12,6;12,8;12,5;12,6;12,8;12,9;13,0;13,0;13,0;13,3;13,2;13,4;13,5;13,6;13,6;13,9;13,9;12,6;13,1;13,2;13,1;13,1;13,2;13,3;13,5;13,7;13,6;13,6;13,7;13,7;13,6;13,7;13,7;13,5;13,2;13,3;13,4;13,5;13,6;13,7;13,8;13,7;13,9;13,7;13,7;13,7;13,8;13,7;13,5;13,5;13,5;13,5;13,9;13,7;13,6;13,7;13,7;13,7;13,8;13,7;13,8;13,8;13,8;13,6;13,5;13,5;13,6;13,5;13,5;13,4;13,6;13,7;13,6;13,6;13,6;13,6;13,4;13,5;13,5;13,5;13,4;13,5;13,1;13,3;13,3;13,5;13,6;13,6;13,6;13,5;13,5;13,4;13,5;13,5;13,4;13,1;12,7;13,1;13,3;13,7;13,2;13,3;13,3;13,5;13,4;13,4;13,4;13,0;12,8;12,3;12,7;13,1;13,5;13,3;13,3;13,4;13,3;13,3;13,0;13,0;12,9;12,7;11,8;12,3;12,5;13,4;13,3;13,3;13,2;13,2;13,0;12,9;12,8;12,6;12,3
159;12,6;12,7;12,7;12,8;13,0;12,2;12,1;11,8;12,3;12,4;11,7;11,0;10,0;12,8;12,8;12,9;13,1;13,0;13,2;12,3;12,4;12,4;12,7;11,9;11,0;9,9;12,9;13,0;12,8;13,0;13,0;13,2;13,3;12,3;12,4;12,5;12,5;12,4;12,5;13,1;13,0;13,0;13,0;13,1;13,2;13,3;13,4;13,4;13,7;13,6;13,5;12,6;13,3;13,1;13,2;13,1;13,1;13,1;13,2;13,1;13,4;13,4;13,5;13,6;13,8;13,6;13,4;13,4;13,4;13,3;13,4;13,3;13,5;13,5;13,6;13,8;13,8;13,7;13,5;13,6;13,7;13,7;13,9;13,8;13,5;13,5;13,6;13,7;13,7;13,6;13,8;13,5;13,9;14,0;14,0;14,0;13,8;13,6;13,7;13,7;13,6;13,5;13,6;13,8;13,6;13,6;13,8;13,9;13,8;13,8;13,8;13,8;13,9;13,7;13,7;13,8;13,6;13,2;13,2;13,5;13,9;13,7;13,8;13,7;13,8;13,7;13,6;13,6;13,7;13,5;12,3;12,5;12,9;13,3;13,5;13,6;13,5;13,5;13,6;13,5;13,5;13,4;13,4;11,6;12,1;12,4;13,2;13,0;13,2;13,3;13,4;13,4;13,4;13,2;13,0;13,0;11,0;11,7;12,3;12,8;12,9;13,0;13,1;13,2;13,4;13,2;13,0;12,9;12,7
160;12,6;12,8;12,9;12,9;13,0;12,2;12,3;11,7;12,2;12,3;11,3;11,1;10,1;12,7;12,9;12,7;12,7;12,8;12,9;12,1;12,2;12,3;12,4;11,8;11,0;10,2;12,8;12,8;12,7;12,8;13,1;13,0;13,0;12,3;12,5;12,7;12,5;12,3;12,6;13,0;13,0;13,0;13,0;13,0;13,1;13,2;13,3;13,3;13,6;13,4;13,5;12,5;13,2;13,3;13,3;13,3;13,2;13,2;13,2;13,2;13,4;13,5;13,6;13,6;13,6;13,0;13,4;13,5;13,3;13,3;13,4;13,3;13,6;13,6;13,7;13,7;13,8;13,9;13,2;13,3;13,5;13,9;13,8;13,7;13,6;13,8;13,8;13,8;14,0;13,9;14,1;13,3;13,3;13,6;13,8;13,9;13,9;13,9;13,8;14,0;13,9;14,2;14,2;14,2;12,9;13,2;13,6;13,8;13,8;13,9;14,0;14,0;14,1;14,1;14,2;14,1;13,9;12,3;12,5;13,1;13,6;13,6;13,7;13,8;13,9;14,1;13,9;14,0;13,8;13,8;11,5;12,0;12,4;12,7;12,9;13,1;13,3;13,5;13,6;13,6;13,6;13,6;13,5;11,3;11,6;11,8;12,2;12,5;12,6;12,8;13,2;13,5;13,6;13,4;13,3;13,2;10,9;11,1;11,3;12,0;12,1;12,3;12,5;12,7;13,1;13,2;13,2;13,1;12,9
161;12,7;12,7;12,7;12,9;12,9;12,2;12,0;11,7;12,4;12,3;11,7;11,4;10,4;12,5;12,5;12,6;12,6;12,9;12,9;12,1;12,3;12,3;12,7;12,1;11,3;10,6;12,6;12,7;12,8;12,8;13,2;13,2;13,3;12,7;12,6;12,5;12,5;12,5;12,8;12,6;12,9;12,9;13,0;13,1;13,4;13,4;13,5;13,5;13,6;13,9;13,8;12,8;13,0;13,1;13,1;13,4;13,3;13,3;13,6;13,7;13,7;13,9;13,9;14,0;14,0;12,8;12,7;13,0;13,4;13,5;13,5;13,6;13,7;13,8;14,0;14,0;14,1;14,2;12,5;12,7;13,1;13,3;13,6;13,7;13,8;13,9;14,3;14,2;14,2;14,3;14,3;12,4;12,5;12,9;13,2;13,5;13,8;13,8;14,0;14,4;14,6;14,7;14,6;14,5;11,9;12,2;13,0;13,2;13,6;13,9;13,9;14,1;14,6;14,6;14,6;14,7;14,7;11,6;12,1;12,3;12,6;12,7;13,4;13,7;13,8;14,2;14,6;14,4;14,9;14,9;11,3;11,5;11,8;12,3;12,3;12,6;12,7;13,2;13,7;13,6;13,7;13,9;14,1;11,4;11,4;11,5;11,6;11,7;11,8;12,2;12,8;13,1;13,2;13,4;13,5;13,6;11,7;11,3;11,1;11,2;11,3;11,5;11,8;12,2;12,6;12,7;13,0;13,3;13,5
162;12,5;12,6;12,5;12,4;12,8;12,0;12,1;11,8;12,5;12,5;11,6;11,4;10,7;12,2;12,4;12,5;12,7;12,7;12,9;12,2;12,4;12,5;12,8;12,2;11,6;10,7;12,3;12,4;12,6;12,6;12,8;13,1;13,3;12,5;12,7;12,7;12,8;12,9;13,1;12,1;12,4;12,5;12,8;13,0;13,2;13,3;13,5;13,7;13,8;13,9;14,0;13,2;12,1;12,7;12,9;13,0;13,1;13,3;13,6;13,6;13,9;14,0;14,0;14,2;14,2;12,1;12,6;12,8;13,2;13,4;13,6;13,8;13,8;14,1;14,4;14,3;14,3;14,7;11,7;12,1;12,5;12,9;13,1;13,3;13,7;14,1;14,4;14,5;14,6;14,6;14,8;11,5;11,7;12,5;12,8;12,9;13,0;13,5;13,9;14,4;14,6;14,6;14,6;14,8;11,6;11,9;12,6;12,8;12,8;13,2;13,4;13,9;14,4;14,4;14,5;14,5;15,2;11,6;11,7;11,9;12,4;12,4;12,7;12,9;13,4;13,9;13,9;14,1;14,3;14,9;12,1;11,6;11,8;12,0;12,2;12,2;12,4;12,7;12,9;13,1;13,5;13,8;13,9;12,7;12,2;12,0;12,0;11,9;12,1;12,1;12,2;12,7;12,7;13,0;13,2;13,6;13,4;12,9;12,5;12,4;12,0;11,8;11,9;12,2;12,6;12,6;12,7;13,1;13,3
163;11,9;12,2;12,3;12,6;12,7;11,9;12,0;11,8;12,5;12,7;11,7;11,6;10,8;12,0;12,1;12,2;12,4;12,6;12,7;12,0;12,3;12,6;13,1;12,6;11,8;11,1;11,3;11,4;12,0;12,3;12,5;12,6;13,0;12,5;12,8;13,1;13,1;13,1;13,3;11,1;11,2;11,6;12,1;12,6;12,8;13,0;13,6;13,7;14,1;14,1;14,1;13,2;11,2;11,4;11,7;12,2;12,5;12,9;13,6;13,8;14,0;14,0;14,2;14,4;14,6;11,2;11,6;11,9;12,4;12,7;13,0;13,5;13,6;14,0;14,4;14,4;14,7;14,9;11,1;11,2;11,6;12,1;12,5;12,7;12,8;13,1;13,8;14,0;14,4;14,7;15,0;11,3;11,4;11,9;12,3;12,5;12,6;12,8;12,9;13,7;13,8;14,4;14,5;14,7;11,9;11,8;11,8;12,6;12,5;12,6;12,6;12,7;13,4;13,4;14,1;14,5;14,8;12,7;12,4;12,5;12,6;12,4;12,6;12,6;12,7;13,0;13,2;13,6;13,7;14,3;13,4;13,0;12,8;12,9;12,7;12,6;12,5;12,7;12,8;12,9;13,0;13,3;13,4;14,5;13,8;13,5;13,1;13,0;12,9;12,9;12,9;12,9;12,6;12,6;13,0;13,2;16,2;15,6;15,0;14,8;14,0;13,4;13,2;13,3;13,2;12,6;12,6;12,7;12,8
164;11,2;11,3;11,5;11,9;12,3;11,5;11,7;11,6;12,4;12,5;11,8;11,6;11,2;11,2;11,4;11,5;11,9;12,2;12,4;11,7;12,2;12,4;12,9;12,4;11,8;11,0;10,5;10,7;11,1;11,2;11,9;11,9;12,4;11,9;12,4;12,7;12,8;13,0;13,4;10,2;10,4;11,0;11,2;11,6;11,8;12,3;12,7;13,2;13,6;14,0;14,1;13,4;10,4;10,6;11,0;11,2;11,4;12,0;12,5;12,9;13,6;13,8;14,1;14,5;14,6;10,7;10,6;11,0;11,0;11,7;12,2;12,4;12,9;13,5;13,8;14,1;14,4;14,9;10,9;11,1;11,2;11,4;11,7;12,0;12,4;12,6;12,8;13,3;13,6;14,0;14,5;11,8;11,9;11,9;12,0;12,0;12,2;12,3;12,5;12,8;13,1;13,3;13,5;14,3;12,8;12,7;12,7;12,5;12,3;12,3;12,3;12,6;12,6;12,8;13,1;13,3;13,9;14,0;13,6;13,3;13,2;12,8;12,9;12,7;12,8;12,8;12,7;12,7;13,2;13,3;15,1;15,1;14,7;14,6;13,8;13,4;13,3;13,2;13,2;12,8;12,8;12,8;13,0;16,4;16,4;16,1;16,0;15,3;14,7;14,0;13,7;13,6;13,2;12,9;12,9;12,8;17,5;17,4;17,3;17,3;16,9;16,3;15,7;15,1;15,0;13,8;13,1;13,1;12,8
165;10,1;10,6;10,7;11,0;11,4;10,9;11,2;11,1;11,9;12,2;11,5;11,4;10,6;10,1;10,7;10,7;10,9;11,2;11,6;11,0;11,7;12,0;12,5;12,3;11,6;10,9;9,8;9,8;10,4;10,6;10,7;11,2;11,4;11,4;11,6;12,2;12,4;12,7;13,1;9,8;9,7;10,1;10,4;10,8;11,1;11,5;11,9;12,3;12,9;13,4;13,9;13,0;9,9;10,0;10,2;10,6;11,0;11,2;11,7;12,1;12,5;13,0;13,7;13,9;14,5;10,6;10,6;11,0;10,9;11,1;11,5;11,8;12,3;12,8;13,0;13,4;13,9;14,7;11,5;11,5;11,5;11,5;11,5;11,6;11,9;12,2;12,9;12,9;12,9;13,1;13,7;12,2;12,4;12,4;12,4;12,3;12,4;12,3;12,5;12,6;12,6;12,9;13,0;13,2;14,0;13,9;14,0;13,8;13,5;13,3;13,1;13,0;13,2;13,0;13,0;13,0;13,3;14,9;14,9;14,8;14,9;14,8;14,3;14,2;14,0;13,8;13,3;13,3;13,3;13,3;16,2;16,2;16,2;16,3;16,1;15,7;15,3;15,0;14,9;14,2;13,7;13,6;13,5;16,6;16,7;16,8;17,1;16,7;16,6;16,4;16,3;15,9;15,1;14,5;14,1;13,8;17,3;17,8;18,0;18,2;18,0;17,9;17,6;17,6;17,3;16,3;15,5;14,8;14,4
166;9,4;9,7;9,7;10,1;10,7;10,1;10,3;10,2;11,0;11,2;10,8;10,9;10,5;9,3;9,7;9,8;9,9;10,4;10,6;10,2;10,8;11,0;11,4;11,4;11,1;10,5;9,2;9,5;9,7;9,9;9,9;10,2;10,3;10,3;10,7;11,1;11,2;11,9;12,2;9,5;9,6;9,6;9,7;9,8;10,3;10,7;10,9;11,5;11,9;11,9;12,7;12,2;10,2;10,1;10,3;10,3;10,5;10,7;10,9;11,2;11,9;12,1;12,4;12,6;13,3;11,5;11,5;11,5;11,5;11,4;11,4;11,3;11,5;12,3;12,3;12,5;12,8;13,2;12,1;12,3;12,2;12,3;12,1;12,0;11,9;12,1;12,5;12,6;12,5;12,7;13,0;13,1;13,1;13,3;13,4;13,4;13,4;13,7;13,6;13,6;13,2;13,1;13,0;13,3;14,1;14,3;14,6;14,8;14,8;14,6;14,8;14,8;14,9;14,4;13,9;13,7;14,0;14,8;15,2;15,6;16,1;16,0;15,8;15,9;15,9;15,9;15,4;15,0;14,6;14,4;15,4;16,1;16,5;16,8;16,7;16,7;16,7;16,8;16,9;16,2;16,0;15,3;15,1;16,5;16,8;16,9;17,4;17,3;17,4;17,5;17,3;17,4;17,2;17,0;16,4;15,8;16,7;17,1;17,5;17,8;18,0;18,1;18,3;18,4;18,6;18,0;17,6;17,6;17,1
167;8,3;8,4;8,5;9,0;9,2;8,9;9,2;9,1;9,9;10,0;9,7;9,8;9,5;8,4;8,6;8,9;9,1;9,4;9,6;9,3;9,5;9,7;10,3;10,3;9,8;9,5;8,5;8,7;9,0;9,3;9,5;9,5;9,9;9,5;9,6;9,9;10,3;10,5;11,1;9,4;9,4;9,5;9,5;9,7;9,8;10,2;10,3;10,6;10,8;11,1;11,5;11,0;10,0;10,2;10,4;10,4;10,4;10,6;10,7;10,7;11,1;11,3;11,4;11,7;12,0;11,4;11,5;11,6;11,8;11,7;11,7;11,9;11,8;11,9;11,9;11,8;12,0;12,1;12,3;12,2;12,4;12,7;12,7;12,8;12,8;12,9;12,9;12,5;12,5;12,7;12,8;12,8;13,2;13,5;13,6;13,5;13,7;13,7;13,7;14,1;14,1;13,7;13,7;13,8;13,8;14,1;14,3;14,8;14,7;15,0;15,4;15,6;15,8;15,5;15,6;15,4;15,2;14,3;14,7;15,0;15,6;16,0;16,3;16,4;16,6;16,6;16,2;16,2;16,0;15,7;14,9;15,3;15,7;16,5;16,8;16,7;17,0;17,2;17,5;17,4;17,2;16,7;16,5;15,3;15,6;16,2;16,6;17,1;17,6;17,9;18,1;18,2;18,1;17,9;17,4;17,3;15,4;16,3;16,5;16,9;17,8;17,9;18,3;18,3;18,9;18,7;18,4;18,3;18,2
168;7,4;7,6;7,7;7,8;8,3;8,1;8,2;8,3;8,8;9,0;8,4;8,4;8,1;8,1;8,2;8,1;8,5;8,6;9,1;8,7;9,1;9,2;9,3;9,0;8,5;8,3;8,7;8,7;8,9;9,0;9,1;9,2;9,5;9,3;9,4;9,4;9,5;9,6;10,1;9,3;9,3;9,4;9,4;9,8;9,9;10,2;10,3;10,4;10,5;10,7;11,0;10,3;10,5;10,6;10,7;10,8;10,7;10,9;11,1;11,0;11,4;11,4;11,2;11,2;11,4;11,1;11,5;11,6;11,6;11,8;11,8;11,9;11,9;12,2;12,0;12,0;12,1;12,5;11,9;12,0;12,1;12,5;12,6;12,7;12,9;13,1;13,2;13,2;13,1;13,1;13,4;12,3;12,6;12,9;13,1;13,3;13,5;13,9;14,0;14,4;14,5;14,5;15,0;14,9;12,6;13,2;13,5;13,6;14,1;14,6;14,7;15,3;15,7;15,7;15,8;15,6;15,5;13,1;13,8;13,9;14,6;14,9;15,3;15,9;16,5;16,7;16,9;16,5;16,7;16,8;13,7;14,1;14,4;14,9;15,5;16,2;16,5;17,0;17,1;17,5;17,4;17,3;17,3;14,0;14,6;15,0;15,3;16,2;16,7;16,9;17,5;17,9;17,9;17,8;17,7;17,7;14,4;14,9;15,3;16,0;16,5;16,7;17,6;17,9;18,3;18,5;18,5;18,3;18,0
169;7,4;7,4;7,7;7,9;8,2;7,6;7,8;7,7;8,4;8,7;8,1;7,8;7,4;8,6;8,5;8,5;8,5;8,5;8,7;8,4;8,7;8,9;9,1;8,5;8,0;7,5;9,0;9,0;8,8;9,2;9,3;9,5;9,7;9,2;9,5;9,5;9,5;9,5;9,8;9,5;9,4;9,4;10,0;10,0;10,3;10,6;10,8;10,9;11,0;11,5;11,5;10,8;10,4;10,5;10,7;10,9;11,0;11,2;11,5;11,5;11,7;11,8;12,0;12,1;12,3;10,8;11,2;11,4;11,5;11,7;11,9;12,2;12,4;12,7;12,8;12,9;13,1;13,4;11,2;11,3;11,4;11,8;12,3;12,7;12,9;13,2;13,5;13,7;13,9;14,0;14,5;11,7;11,8;11,8;12,4;12,8;13,1;13,2;13,7;14,2;14,2;14,5;15,1;15,6;11,9;12,0;12,5;12,8;13,3;13,8;14,1;14,6;14,9;15,2;15,6;16,1;16,3;12,2;12,4;13,0;13,4;13,8;14,3;14,7;15,2;15,5;15,8;16,3;16,8;17,1;12,4;12,7;13,4;13,8;14,4;14,7;15,1;15,6;16,1;16,6;16,9;17,2;17,3;12,9;13,3;13,5;14,1;14,7;15,3;16,1;16,3;16,6;16,9;17,3;17,5;17,7;13,1;13,7;14,2;14,9;15,2;15,9;16,2;16,7;17,1;17,4;17,7;18,1;18,0
170;7,7;7,6;7,3;7,9;8,2;7,6;7,5;7,4;8,1;8,1;7,5;7,4;6,8;8,8;8,7;8,8;8,7;8,6;8,7;8,1;8,5;8,7;8,8;8,2;7,5;6,9;9,1;9,1;9,2;9,1;9,2;9,3;9,6;9,3;9,5;9,6;9,4;9,5;9,8;9,4;9,5;9,5;9,6;10,1;10,4;10,7;10,8;11,0;11,3;11,3;11,4;10,8;10,1;10,1;10,3;10,4;10,8;11,2;11,4;11,6;11,8;12,0;12,4;12,7;12,9;10,4;10,6;10,7;11,0;11,4;11,7;12,0;12,3;12,6;13,1;13,1;13,5;14,3;10,6;10,7;11,0;11,0;11,5;12,1;12,3;12,6;13,2;13,5;14,1;14,3;14,8;10,8;11,2;11,3;11,6;12,0;12,4;12,8;13,1;14,1;14,2;14,6;14,9;15,7;11,3;11,6;11,9;12,1;12,4;12,9;13,2;13,7;14,4;14,8;15,1;15,9;16,3;11,6;12,0;12,1;12,5;13,0;13,4;14,0;14,4;15,1;15,2;15,7;16,2;16,6;11,8;11,9;12,5;12,9;13,3;13,9;14,3;14,9;15,4;15,8;16,4;16,5;16,7;12,0;12,4;12,7;13,0;13,8;14,3;14,8;15,3;16,0;16,3;16,6;17,0;17,0;12,3;12,6;13,1;13,5;14,1;14,8;15,3;16,0;16,1;16,6;16,8;17,2;17,2
171;7,4;7,3;7,2;7,7;7,8;7,2;7,3;7,3;7,6;7,7;7,3;7,2;6,6;8,3;8,4;8,4;8,7;8,7;8,8;8,3;8,4;8,6;8,8;8,3;7,6;6,9;8,6;8,8;8,8;8,9;9,1;9,2;9,4;9,0;9,4;9,6;9,5;9,6;9,8;8,9;9,0;9,1;9,5;9,7;9,8;10,1;10,6;10,9;10,9;11,1;11,3;10,7;9,3;9,6;9,6;9,9;10,2;10,5;11,0;11,2;11,4;11,6;11,9;12,3;12,6;9,5;10,1;10,3;10,4;10,8;11,2;11,4;11,7;12,0;12,2;12,7;13,2;13,9;10,1;10,4;10,7;10,9;11,1;11,4;11,7;12,2;12,4;12,8;13,3;14,0;14,5;10,3;10,7;10,9;11,0;11,4;11,8;12,2;12,4;12,6;13,4;14,2;14,7;15,3;10,8;11,0;11,2;11,5;11,8;12,2;12,5;13,1;13,6;14,7;14,8;15,2;15,8;11,0;11,2;11,5;11,7;12,1;12,5;12,8;13,7;14,6;14,8;15,2;15,5;16,4;11,3;11,5;11,7;12,3;12,6;12,9;13,6;14,1;14,7;15,2;15,6;16,1;16,4;11,5;11,8;12,2;12,4;12,9;13,4;13,8;14,6;15,0;15,3;16,1;16,2;16,4;11,8;12,1;12,2;12,6;13,2;13,9;14,3;14,8;15,4;15,7;16,5;16,6;16,7
172;7,1;7,1;7,2;7,4;7,4;7,0;6,9;6,6;7,3;7,5;7,2;7,0;6,6;7,8;7,7;7,8;7,8;8,2;8,5;7,9;8,2;8,3;8,5;8,0;7,4;6,9;8,0;8,1;8,2;8,4;8,5;8,8;9,1;8,7;8,8;9,1;9,3;9,3;9,8;8,1;8,2;8,5;8,6;9,1;9,3;9,6;9,7;10,4;10,6;10,7;10,8;10,4;8,5;8,8;8,9;9,3;9,4;9,8;10,0;10,6;10,9;11,0;11,4;11,7;12,0;9,1;9,2;9,3;9,8;10,1;10,3;10,8;11,2;11,4;11,7;12,0;12,3;12,9;9,2;9,7;10,0;10,2;10,7;11,1;11,3;11,6;11,7;12,2;12,4;12,9;13,6;9,7;9,9;10,2;10,5;11,0;11,5;11,8;12,0;12,2;12,6;13,1;13,8;14,5;10,0;10,2;10,5;10,7;11,0;11,7;12,0;12,2;12,5;13,3;13,8;14,7;14,9;10,4;10,7;10,8;10,9;11,3;11,8;12,4;12,5;13,2;14,1;14,7;15,0;15,3;10,8;10,9;11,0;11,5;11,9;12,5;12,7;13,3;13,9;14,3;15,0;15,0;15,7;10,9;10,9;11,5;11,7;12,1;12,8;13,2;13,8;14,4;14,8;15,2;15,5;16,0;11,1;11,6;11,8;11,9;12,4;12,7;13,7;13,9;14,6;15,0;15,3;15,9;16,4
173;6,8;6,7;6,7;7,0;7,0;6,8;6,8;6,8;7,0;7,0;6,9;6,5;6,1;7,4;7,5;7,4;7,6;7,7;7,9;7,5;7,6;7,9;8,3;7,9;7,4;6,7;7,4;7,6;7,8;7,9;8,0;8,2;8,3;8,2;8,3;8,6;8,9;9,0;9,2;7,6;7,9;7,9;8,0;8,4;8,6;8,8;9,1;9,5;10,1;10,2;10,4;10,1;7,9;8,2;8,3;8,3;8,6;9,1;9,4;9,8;10,0;10,4;10,8;11,2;11,5;8,2;8,4;8,7;8,7;9,3;9,7;10,0;10,2;10,7;10,9;11,5;11,8;12,1;8,4;8,8;8,9;9,5;9,8;10,2;10,4;10,9;11,2;11,5;11,8;12,2;12,9;9,0;9,4;9,6;10,0;10,2;10,5;10,9;11,2;11,7;11,9;12,3;12,8;13,4;9,3;9,6;9,8;9,9;10,4;10,7;11,2;11,7;12,0;12,3;13,0;13,2;13,8;9,4;9,7;10,2;10,4;10,5;11,0;11,4;12,0;12,4;12,9;13,3;13,7;14,3;10,0;10,3;10,4;10,6;10,9;11,4;11,7;12,1;12,8;13,5;13,7;14,4;14,8;10,4;10,7;10,8;11,0;11,4;11,7;12,2;12,7;13,4;13,8;14,1;14,6;15,2;10,8;10,8;11,2;11,2;11,8;12,2;12,6;13,4;13,7;14,0;14,6;15,1;15,2
174;6,2;6,4;6,5;6,5;6,5;6,0;6,2;6,4;6,9;7,0;6,6;6,1;5,6;6,9;7,0;7,0;7,0;7,1;7,5;7,1;7,4;7,5;7,5;7,3;6,5;6,1;6,6;6,8;7,2;7,2;7,3;7,9;8,1;7,6;7,7;7,7;8,2;8,3;8,7;6,9;7,3;7,2;7,4;7,7;8,1;8,3;8,4;8,6;9,0;9,4;9,7;9,4;7,1;7,5;7,7;7,9;8,2;8,4;8,6;8,8;9,2;9,6;9,9;10,5;10,9;7,6;7,8;8,3;8,3;8,5;8,9;9,2;9,4;9,7;10,2;10,7;11,1;11,4;7,9;8,0;8,3;8,5;9,1;9,3;9,7;9,9;10,4;10,6;11,1;11,6;12,0;8,1;8,5;8,6;9,1;9,5;9,8;10,1;10,3;10,8;11,2;11,7;12,1;12,4;8,6;8,8;9,2;9,5;9,9;9,9;10,4;10,6;11,0;11,5;11,9;12,5;12,9;8,8;9,2;9,3;9,7;10,3;10,5;10,6;11,1;11,6;11,8;12,4;13,0;13,3;9,0;9,5;9,6;9,9;10,6;10,7;10,8;11,4;11,9;12,1;12,9;13,3;13,6;9,8;9,8;10,2;10,6;10,8;11,1;11,5;11,8;12,3;12,6;13,0;13,5;13,9;10,2;10,4;10,7;11,0;11,2;11,7;12,0;12,2;12,8;13,0;13,3;13,9;14,2
175;5,6;5,7;6,0;6,2;6,3;5,9;5,8;5,7;6,0;6,3;5,9;5,3;4,5;6,2;6,3;6,5;6,4;6,6;6,8;6,4;6,5;6,9;7,0;6,6;5,7;5,1;6,2;6,4;6,6;6,6;6,7;7,0;7,1;6,7;7,3;7,3;7,4;7,3;7,8;6,0;6,3;6,6;6,7;6,7;7,1;7,5;7,7;7,9;8,2;8,3;8,9;8,5;6,1;6,4;6,9;7,1;7,1;7,8;7,9;8,2;8,4;8,5;9,1;9,3;9,9;6,5;6,8;7,1;7,5;7,8;8,1;8,4;8,6;8,9;9,2;9,7;10,2;10,7;7,1;7,3;7,6;7,8;8,1;8,6;8,8;9,1;9,4;9,9;10,3;10,7;11,3;7,2;7,6;7,7;8,2;8,5;9,0;9,3;9,5;9,8;10,5;10,8;11,2;11,8;7,8;8,2;8,4;8,5;9,1;9,4;9,8;10,1;10,2;10,8;11,3;11,6;11,8;8,2;8,6;8,8;9,1;9,4;9,9;9,9;10,2;10,6;11,2;11,3;11,9;12,3;8,5;8,7;8,9;9,4;9,9;9,8;10,4;10,4;10,9;11,3;11,9;12,2;12,6;8,8;9,2;9,5;9,9;10,1;10,6;10,7;11,1;11,5;11,9;12,3;12,7;12,8;9,6;9,8;10,0;10,4;10,8;10,8;11,3;11,7;12,0;12,3;12,5;13,0;13,1
176;5,2;5,3;5,4;5,4;5,6;5,1;5,2;5,1;5,5;5,6;4,9;4,5;4,1;5,4;5,5;5,8;6,0;5,9;6,1;5,8;6,0;6,0;6,1;5,7;5,0;4,4;5,3;5,4;5,9;6,0;6,1;6,2;6,2;6,0;6,1;6,2;6,3;6,4;6,7;5,4;5,6;5,9;6,2;6,4;6,5;6,6;6,7;6,9;6,9;7,4;7,7;7,5;5,3;5,7;5,9;6,1;6,2;6,6;6,8;6,9;6,9;7,4;7,9;8,4;8,9;5,3;5,8;5,9;6,5;6,8;7,1;7,4;7,4;7,9;8,2;8,7;8,9;9,7;5,8;6,1;6,4;6,9;7,1;7,5;7,7;8,1;8,4;8,8;9,2;9,5;10,3;6,1;6,3;6,8;7,1;7,5;7,8;8,2;8,6;8,8;9,3;9,5;10,1;10,7;6,6;6,8;7,3;7,9;8,2;8,5;8,8;9,1;9,4;9,6;10,1;10,7;11,0;7,3;7,6;8,0;8,4;8,7;9,0;9,2;9,6;9,7;10,2;10,7;11,0;11,2;7,6;8,2;8,6;9,0;9,1;9,4;9,8;9,9;10,1;10,5;10,7;11,4;11,4;8,4;8,4;9,0;9,2;9,3;10,0;10,3;10,4;10,7;11,2;11,5;11,7;11,9;8,7;8,8;9,4;9,8;10,2;10,4;10,7;10,9;11,3;11,6;11,9;12,2;12,4
177;4,1;4,3;4,4;4,6;4,8;4,6;4,6;4,3;4,5;4,5;4,0;3,6;3,4;4,1;4,2;4,7;4,9;4,7;5,0;4,3;4,6;4,8;4,9;4,7;4,0;3,5;4,0;4,3;4,3;4,8;5,0;5,1;5,3;4,7;5,2;5,4;5,2;5,4;5,7;3,9;4,4;4,6;4,9;5,2;5,5;5,6;5,8;5,8;5,7;6,2;6,6;6,0;3,9;4,4;4,9;5,6;5,8;5,7;6,0;6,1;6,0;6,2;6,4;6,8;7,3;4,4;4,7;5,0;5,5;5,6;6,0;6,2;6,3;6,6;7,0;7,3;7,7;8,4;4,6;5,0;5,8;6,0;6,2;6,6;6,9;7,2;7,1;7,4;8,1;8,5;9,0;5,3;5,4;6,0;6,4;6,6;7,2;7,3;7,7;8,0;8,4;8,7;9,0;9,3;5,7;6,1;6,5;6,7;7,3;7,7;7,9;8,4;8,6;8,9;9,1;9,5;10,0;6,5;7,0;7,2;7,7;7,9;8,6;8,9;8,9;9,1;9,4;9,6;10,1;10,5;7,2;7,4;7,9;8,4;8,7;9,0;9,3;9,4;9,6;9,8;10,0;10,3;10,6;7,8;8,0;8,4;8,9;8,9;9,3;9,7;9,9;10,1;10,5;10,8;10,8;11,1;8,0;8,4;8,7;9,2;9,5;9,7;10,0;10,6;10,8;10,8;10,9;11,3;11,7
178;3,2;3,1;3,3;3,4;3,5;3,5;3,5;3,9;3,7;3,6;3,4;3,1;2,8;2,9;3,0;3,1;3,4;3,4;3,8;3,7;3,8;3,9;4,2;3,8;3,3;3,1;2,9;3,0;2,8;2,8;3,8;3,8;4,2;3,9;4,1;4,3;4,6;4,7;4,9;2,8;2,8;3,2;3,4;4,0;4,4;4,6;4,9;4,9;5,2;5,3;5,6;5,2;3,0;3,3;3,6;3,9;4,5;4,8;5,0;5,1;5,3;5,6;5,8;6,0;6,2;3,2;3,4;4,2;4,5;4,9;5,3;5,3;5,7;5,9;6,1;6,3;6,5;7,1;3,6;4,2;4,5;4,9;5,5;5,5;6,0;6,3;6,6;6,9;7,2;7,5;8,0;3,9;4,6;4,7;5,7;5,9;6,1;6,6;7,0;7,3;7,6;7,9;8,3;8,6;5,1;5,6;5,8;5,8;6,3;7,0;7,4;7,7;8,0;8,3;8,6;8,9;9,0;5,6;6,1;6,5;7,0;7,3;7,8;7,9;8,4;8,7;8,9;9,1;9,3;9,6;6,5;6,9;7,2;7,6;8,0;8,5;8,7;8,8;9,2;9,4;9,6;9,9;10,1;7,3;7,6;7,8;8,2;8,6;9,0;9,1;9,4;9,6;10,0;10,1;10,2;10,6;7,9;8,1;8,3;8,5;9,1;9,3;9,5;9,9;10,2;10,4;10,7;11,0;11,1
179;2,4;2,7;2,4;2,4;2,1;2,0;2,5;2,9;3,4;3,2;2,9;2,8;2,6;2,5;2,0;2,2;1,9;2,1;2,4;2,5;3,0;3,2;3,4;3,2;3,1;2,9;1,4;1,6;1,7;2,0;2,4;2,7;3,1;3,3;3,4;3,9;4,1;4,1;4,4;1,7;1,7;1,9;2,4;3,4;3,3;3,7;4,4;4,2;4,5;4,7;5,0;5,0;1,8;2,4;2,6;3,1;3,6;3,9;4,4;4,7;5,0;4,9;5,3;5,7;6,1;2,6;2,9;3,4;3,8;4,1;4,5;4,9;5,2;5,4;5,7;5,8;6,2;6,4;3,0;3,2;3,5;4,2;4,8;5,4;5,6;5,8;6,1;6,6;6,8;7,1;7,5;3,2;3,8;4,3;4,8;5,4;5,8;6,0;6,4;6,8;7,1;7,5;7,9;8,2;4,2;4,7;5,2;5,5;5,8;5,9;6,7;7,2;7,5;7,8;8,3;8,5;8,8;5,0;5,3;5,8;6,1;6,4;7,0;7,8;8,0;8,1;8,5;8,8;9,1;9,3;5,8;5,8;6,5;6,9;7,4;7,8;8,3;8,5;8,9;9,1;9,4;9,5;9,9;6,4;6,8;7,3;7,3;8,0;8,4;8,8;9,1;9,3;9,6;9,8;10,0;10,5;7,2;7,5;7,8;8,1;8,5;8,9;9,4;9,6;9,8;10,1;10,6;10,7;10,9
180;1,8;1,6;0,6;0,7;0,3;0,9;1,8;1,6;2,2;2,8;2,7;2,6;2,0;1,7;1,3;1,2;0,8;0,8;0,8;1,7;1,7;2,0;2,9;3,1;3,0;2,8;0,9;0,5;0,4;1,5;1,5;1,6;2,6;2,8;3,0;3,2;3,4;3,8;4,0;0,6;1,1;1,2;1,6;1,9;2,7;3,3;3,5;3,7;4,3;4,4;4,5;4,4;1,8;1,8;1,9;2,0;3,1;3,5;3,6;4,1;4,4;4,5;5,3;5,4;5,9;2,0;2,2;2,6;3,0;3,5;4,0;4,5;4,8;5,3;5,6;5,8;6,1;6,4;2,3;2,7;3,1;3,7;4,1;5,0;5,2;5,5;5,8;5,9;6,5;6,6;7,1;2,6;3,2;3,9;4,4;4,9;5,2;5,9;6,2;6,2;6,7;7,3;7,6;8,1;3,9;4,3;5,0;5,2;5,6;6,0;6,2;6,5;7,1;7,7;8,0;8,3;8,5;4,4;5,0;5,5;5,8;6,2;6,5;6,8;7,5;7,9;8,2;8,5;8,8;9,0;5,1;5,4;5,7;6,2;6,7;7,0;7,6;8,1;8,4;8,7;9,0;9,3;9,7;5,6;6,0;6,4;7,0;7,3;7,7;8,1;8,5;9,1;9,3;9,6;10,1;10,2;6,3;6,7;7,2;7,6;7,9;8,5;8,9;9,3;9,5;9,7;10,2;10,7;10,7
181;2,4;2,2;1,8;1,5;1,1;0,8;0,4;1,6;1,8;1,9;2,2;2,5;2,4;2,5;1,9;1,8;1,7;1,7;1,4;1,5;1,5;1,9;2,4;2,4;2,5;2,7;2,2;1,8;1,4;1,3;1,2;1,6;2,5;2,5;2,6;3,1;3,3;3,6;4,0;2,1;1,7;1,4;1,4;2,0;2,3;2,9;3,2;3,5;3,9;4,3;4,6;4,6;2,3;2,1;1,8;2,2;2,5;3,1;3,5;3,8;4,5;4,9;5,1;5,5;5,7;2,1;2,1;2,1;2,5;2,9;3,9;4,0;4,7;4,9;5,3;5,7;5,8;6,3;2,6;2,5;2,4;3,5;4,2;4,7;5,0;5,3;5,3;5,6;6,1;6,7;7,0;2,6;2,9;3,6;4,5;4,9;5,1;5,3;5,7;6,1;6,3;7,0;7,7;8,0;3,5;4,1;4,4;5,1;5,4;5,6;5,8;6,3;6,5;7,2;7,8;8,1;8,4;4,0;4,3;5,3;5,5;5,9;5,9;6,6;6,9;7,6;8,0;8,3;8,6;8,9;4,6;5,2;5,6;6,0;6,5;6,8;7,2;7,7;8,1;8,5;8,7;8,9;9,5;5,6;5,4;6,3;6,5;6,8;7,3;7,7;8,2;8,5;8,9;9,2;9,5;9,9;6,0;6,4;6,6;6,9;7,7;8,3;8,0;8,8;9,2;9,4;9,7;10,0;10,4
182;3,3;2,7;2,3;2,4;2,2;2,1;1,5;1,4;1,6;2,0;2,0;2,0;2,0;3,3;3,0;3,0;2,2;2,3;1,8;2,2;1,8;1,9;2,3;2,2;2,3;2,6;3,2;3,0;2,0;1,6;1,8;1,8;2,2;2,3;2,6;2,8;3,1;3,4;3,9;2,9;2,7;2,6;2,0;1,6;1,7;2,7;3,1;3,4;4,2;4,5;4,7;4,7;3,1;2,5;2,2;2,2;2,5;3,1;3,5;3,7;4,2;4,4;4,9;5,2;5,5;2,9;2,5;2,6;2,8;3,4;3,4;3,8;3,9;4,6;5,1;5,2;5,3;5,9;3,0;2,5;3,0;3,1;3,5;4,2;4,6;4,9;5,3;5,5;5,5;6,1;6,9;3,0;3,0;3,3;4,0;4,6;5,0;5,2;5,3;5,4;5,7;6,4;7,1;7,6;3,8;4,1;4,3;5,1;5,4;5,6;5,7;5,8;6,2;6,6;7,3;7,7;8,0;4,1;4,2;4,6;5,3;5,7;6,0;6,2;6,8;7,1;7,4;7,8;8,1;8,6;4,4;4,9;5,1;5,5;6,1;6,3;6,9;7,3;7,5;8,0;8,3;8,5;8,9;5,3;5,5;5,7;6,2;6,5;6,9;7,1;7,6;8,1;8,4;8,8;9,1;9,3;5,6;6,0;6,4;6,7;7,0;7,4;7,7;7,8;8,4;8,8;9,1;9,5;9,8
183;4,2;4,2;3,5;3,1;2,8;2,2;2,5;2,3;2,5;1,9;1,8;1,8;1,7;4,2;3,9;3,5;3,4;3,0;3,0;2,5;2,1;2,3;2,3;2,3;2,2;2,1;3,9;3,3;3,3;2,9;2,8;2,0;2,7;2,6;2,8;2,8;2,8;3,1;3,5;3,6;3,2;3,2;3,0;2,7;2,5;2,7;3,2;3,2;3,8;4,3;4,4;4,4;3,9;3,7;3,3;3,1;3,0;2,8;3,2;3,4;3,9;4,4;4,5;4,8;5,0;3,9;3,8;3,4;3,2;3,0;3,1;3,5;3,8;4,4;4,9;5,0;5,3;5,4;3,5;3,3;3,3;3,5;3,3;3,7;4,3;4,8;5,1;5,3;5,3;5,4;6,3;3,9;3,4;4,0;4,1;4,4;4,9;5,2;5,2;5,6;5,6;5,7;6,1;6,6;4,0;4,1;4,3;4,5;5,1;5,4;5,6;5,6;5,9;6,4;6,8;7,1;7,1;4,3;4,4;4,8;5,2;5,6;5,7;5,9;6,4;6,8;7,1;7,3;7,7;8,1;4,8;5,1;5,6;5,3;5,8;6,1;6,5;6,9;7,2;7,5;7,7;8,0;8,3;5,4;5,5;5,6;6,1;6,5;6,7;7,0;7,1;7,4;7,7;8,0;8,3;8,5;5,2;5,8;6,0;6,3;6,7;7,0;7,4;7,7;7,9;8,3;8,6;8,9;9,2
184;5,3;5,2;4,5;4,4;4,3;3,7;2,9;2,8;2,7;2,5;2,1;2,1;2,0;5,3;4,7;4,6;3,8;3,5;3,6;3,2;3,3;2,7;2,6;2,6;2,2;2,2;4,9;4,6;4,3;3,5;3,3;3,3;3,4;3,3;2,8;3,1;3,2;3,3;3,5;4,8;4,6;4,4;3,6;3,3;3,2;3,2;3,1;3,1;3,8;3,9;4,2;4,0;4,8;4,5;4,3;3,9;3,8;3,4;3,4;3,2;3,7;3,9;4,2;4,2;4,8;4,7;4,4;4,2;4,0;3,8;3,7;3,9;3,7;4,1;4,3;4,7;4,9;5,4;4,6;4,4;4,5;4,1;4,1;4,2;4,4;4,5;4,6;4,8;5,2;5,2;5,9;5,1;4,8;4,8;4,5;4,6;4,8;5,0;4,9;5,3;5,5;6,0;5,9;6,3;5,2;5,3;5,2;5,0;5,1;5,3;5,3;5,4;6,1;6,3;6,6;6,8;6,9;5,3;5,5;5,5;5,3;5,6;5,5;5,8;6,0;6,4;6,7;7,0;7,1;7,1;5,8;5,7;5,7;5,9;5,9;6,0;6,2;6,6;6,7;7,0;7,2;7,5;7,5;5,9;5,9;6,0;6,0;6,2;6,2;6,6;6,9;7,0;7,1;7,6;7,9;7,9;5,7;5,8;6,1;6,2;6,5;6,7;6,7;7,1;6,9;7,6;7,9;8,3;8,7
185;7,2;6,6;6,3;5,6;5,5;4,9;4,6;4,2;4,0;3,6;3,2;2,9;2,7;7,5;6,6;6,0;5,7;5,5;5,1;4,7;4,2;4,0;4,0;3,3;2,9;2,7;7,5;6,7;5,4;5,4;5,1;4,9;5,0;4,1;4,1;4,0;3,8;3,6;3,5;7,5;6,6;5,9;5,3;5,0;4,6;4,5;4,6;4,3;4,3;4,1;4,3;4,2;7,3;6,5;5,7;5,1;5,2;4,4;4,6;4,4;4,2;4,1;4,1;4,2;4,6;7,1;6,7;5,5;5,2;4,7;4,5;4,5;4,2;4,2;4,3;4,8;5,0;5,4;7,0;6,5;5,6;5,4;5,0;4,9;4,9;4,6;4,9;4,8;5,2;5,4;5,7;6,8;6,3;6,1;5,9;5,4;5,3;4,9;4,8;4,9;5,3;5,3;5,8;6,2;6,5;6,1;5,9;5,9;5,6;5,5;5,5;5,3;5,4;6,1;6,2;6,0;6,6;6,5;6,2;5,9;5,9;6,0;6,0;6,0;6,1;6,2;6,5;6,6;6,8;6,9;6,4;6,4;6,2;6,3;6,0;6,1;6,1;6,3;6,7;6,8;6,9;7,0;7,4;6,5;6,3;6,4;6,3;6,2;6,3;6,4;6,6;6,6;6,9;7,1;7,2;7,7;6,0;6,1;6,1;6,3;6,6;6,7;6,8;6,8;7,1;7,2;7,3;7,7;7,7
186;8,5;8,0;7,9;7,3;7,2;6,1;5,9;5,2;5,1;4,8;4,4;4,0;3,5;8,9;8,3;7,9;7,6;7,2;6,7;5,8;5,6;5,0;5,0;4,4;3,8;3,3;9,0;8,3;8,0;7,6;7,4;7,0;6,2;5,3;5,0;5,0;4,7;4,6;4,5;9,1;8,2;8,0;7,7;7,4;7,0;6,0;5,4;5,2;5,1;5,0;4,8;4,5;8,8;8,4;7,9;7,6;7,2;6,8;5,7;5,5;5,2;5,2;5,2;5,1;5,1;8,8;8,3;7,8;7,6;7,0;6,8;6,4;5,9;5,6;5,5;5,2;5,4;5,6;8,6;7,9;7,6;7,4;7,0;6,5;6,2;6,2;5,6;5,5;5,7;5,6;5,8;8,4;8,0;7,5;7,0;6,7;6,5;6,2;6,1;5,8;5,8;5,6;5,9;5,9;8,1;8,0;7,2;7,1;6,9;6,7;6,4;6,2;6,2;6,3;6,3;6,1;6,6;7,8;7,8;7,5;7,2;7,0;6,7;6,6;6,6;6,7;6,7;6,7;6,8;6,7;7,5;7,5;7,1;7,2;7,0;6,9;6,6;6,6;6,8;6,8;6,7;6,8;7,0;7,2;7,0;7,2;7,1;6,8;7,0;6,9;6,9;7,0;7,0;7,0;7,2;7,4;7,0;7,1;6,7;6,9;7,1;7,1;7,0;7,3;7,2;7,3;7,0;7,3;7,4
187;10,1;9,7;9,1;9,2;9,1;8,0;7,7;6,8;6,7;6,4;5,5;4,7;4,0;10,5;9,9;9,6;9,1;8,8;8,5;7,8;7,4;6,9;6,6;5,9;4,8;4,0;10,5;10,2;9,5;9,2;8,9;8,3;8,1;7,1;6,7;6,6;6,3;5,7;5,5;10,5;9,8;9,5;9,3;9,0;8,3;8,1;7,6;7,1;6,6;6,2;5,9;5,3;10,5;9,9;9,6;9,3;8,9;8,5;8,0;7,7;6,9;6,6;6,5;5,8;5,7;10,7;10,0;9,8;9,5;9,0;8,7;8,0;7,5;7,1;6,8;6,4;6,0;6,0;10,5;10,0;9,7;9,4;9,0;8,3;8,0;7,5;7,3;6,9;6,6;6,3;5,9;10,3;10,1;9,8;9,2;8,6;8,4;8,0;7,7;7,4;7,1;6,6;6,6;6,3;10,2;9,8;9,5;9,1;8,7;8,5;8,1;7,6;7,3;7,0;6,9;6,8;6,7;10,0;9,4;9,3;9,2;8,8;8,5;7,9;7,7;7,3;7,2;6,9;6,8;6,9;9,8;9,2;9,1;9,0;8,4;8,1;7,9;7,6;7,5;7,3;7,2;7,1;7,0;9,1;8,9;8,8;8,7;8,4;8,1;7,9;7,8;7,7;7,4;7,3;7,3;7,2;8,9;8,8;8,6;8,4;7,9;7,9;7,7;7,7;7,6;7,4;7,3;7,5;7,6
188;11,4;11,1;10,7;10,2;10,1;9,2;8,9;8,4;8,4;8,2;7,4;6,5;5,3;11,3;11,3;11,0;10,4;10,2;9,7;8,9;8,7;8,4;8,3;7,5;6,4;5,3;11,6;11,2;10,9;10,6;10,4;9,8;9,6;8,7;8,4;8,1;7,6;7,3;7,0;11,7;11,2;11,1;10,9;10,6;9,9;9,6;9,2;8,8;8,6;8,3;7,9;7,1;12,1;11,4;11,3;11,1;10,8;10,3;9,8;9,3;9,1;8,4;8,2;7,8;7,4;12,5;12,0;11,4;10,9;10,5;10,2;9,8;9,5;9,1;8,5;8,0;7,9;7,5;12,4;12,0;11,3;11,2;10,6;10,4;10,0;9,4;9,0;8,4;8,1;8,0;7,5;12,2;12,0;11,4;11,0;10,5;10,4;10,0;9,6;8,9;8,6;8,1;7,8;7,3;11,9;12,0;11,5;10,9;10,6;10,4;10,0;9,4;8,9;8,6;8,3;7,6;7,4;11,8;11,7;11,1;10,8;10,7;10,2;9,9;9,4;9,0;8,6;8,0;7,6;7,1;11,7;10,9;10,9;10,5;9,9;9,9;9,4;9,2;8,9;8,6;8,0;7,4;7,3;11,4;11,0;10,6;10,5;10,0;9,4;9,2;9,2;8,8;8,4;7,9;7,4;7,4;11,0;10,7;10,5;10,2;9,9;9,3;9,2;9,0;8,9;8,2;7,9;7,7;7,4
189;12,6;12,2;11,3;11,1;10,9;10,0;9,9;9,2;9,4;9,2;8,1;7,2;6,4;13,1;12,2;11,5;11,3;11,0;10,8;9,9;9,8;9,7;9,3;8,4;7,3;6,4;13,3;12,7;12,2;11,5;11,2;10,9;10,6;9,8;9,7;9,4;8,9;8,3;8,2;13,5;13,1;12,4;12,1;11,6;11,4;11,0;10,5;10,3;10,1;9,7;9,3;8,2;14,0;13,3;13,0;12,6;12,2;11,6;11,3;10,6;10,6;10,0;9,8;9,3;8,8;14,1;13,6;13,3;12,9;12,4;12,0;11,5;10,9;10,7;10,4;9,9;9,5;8,6;13,9;13,7;13,5;13,0;12,4;11,8;11,5;10,9;10,7;10,5;9,9;9,2;8,4;14,3;14,0;13,7;13,4;12,6;11,9;11,5;11,1;11,0;10,4;9,9;9,0;8,4;14,2;14,0;13,6;13,3;12,6;12,0;11,5;11,3;10,7;10,3;9,9;8,9;8,6;14,0;13,9;13,5;12,9;12,5;12,0;11,5;11,2;10,8;10,1;9,7;9,1;8,7;13,8;13,2;12,5;12,4;12,1;11,8;11,4;10,6;10,4;9,9;9,5;9,2;8,7;13,6;12,9;12,4;12,1;11,9;11,6;10,9;10,4;10,1;9,7;9,4;9,2;8,9;13,3;12,8;12,4;11,9;11,6;11,3;10,8;10,4;10,2;9,7;9,3;9,0;8,8
190;13,8;13,7;13,2;12,6;12,1;10,8;10,6;10,1;10,2;10,0;9,0;8,2;7,4;14,1;13,7;13,1;12,5;12,1;11,6;10,5;10,5;10,1;10,2;9,6;8,1;7,4;14,9;14,2;13,7;13,1;12,5;12,2;11,9;10,7;10,3;10,3;10,2;9,8;9,6;15,3;14,7;14,1;13,6;13,2;12,8;12,4;11,8;11,4;11,0;10,9;10,8;9,7;15,2;15,1;14,4;14,2;13,8;13,4;13,1;12,0;11,8;11,3;11,1;10,9;10,5;15,5;15,2;14,7;14,4;14,2;13,7;13,3;12,7;11,9;11,7;11,3;11,2;10,6;15,7;15,4;14,7;14,7;14,2;13,8;13,4;13,0;12,1;11,7;11,3;11,0;10,6;15,9;15,2;14,8;14,6;14,3;14,0;13,8;12,9;12,3;11,7;11,4;11,1;10,5;15,7;15,3;15,2;14,8;14,4;14,0;13,6;13,2;12,4;12,1;11,4;11,2;10,6;15,9;15,5;15,1;14,8;14,4;14,0;13,3;12,9;12,5;11,9;11,5;11,1;10,5;15,8;15,3;15,0;14,9;14,4;13,8;13,0;12,7;12,4;11,7;11,1;10,9;10,3;15,8;15,8;15,0;14,7;14,2;13,6;13,0;12,7;12,2;11,6;11,2;10,7;10,4;15,9;15,3;14,9;14,5;13,8;13,2;12,7;12,4;11,8;11,4;10,8;10,5;9,9
191;15,1;14,9;14,6;13,9;13,8;12,6;12,1;11,1;11,1;11,0;9,8;9,1;8,2;15,7;15,1;14,6;13,9;13,7;13,3;12,0;11,7;11,2;11,1;10,3;9,2;8,4;16,4;15,6;15,2;14,5;14,3;13,8;13,2;11,8;11,6;11,4;11,0;10,5;10,5;16,4;15,9;15,5;15,2;14,7;14,3;13,8;13,3;12,7;12,2;12,1;11,8;10,5;16,8;16,4;15,7;15,6;15,3;14,7;14,2;13,5;13,0;12,8;12,4;12,0;11,6;16,7;16,5;16,1;15,8;15,4;15,1;14,5;13,9;13,4;13,1;12,6;12,2;11,8;17,1;16,8;16,4;15,8;15,6;15,2;14,6;14,1;13,6;13,2;12,5;12,2;11,9;17,6;17,1;16,5;16,0;15,8;15,4;14,9;14,5;13,9;13,5;12,8;12,2;12,0;17,6;17,2;16,8;16,3;15,8;15,5;15,0;14,8;14,3;13,8;13,0;12,6;12,1;17,3;17,2;17,0;16,6;16,2;15,6;15,5;15,0;14,7;13,8;13,1;12,7;12,2;17,5;17,0;16,7;16,6;16,1;15,3;15,3;15,0;14,6;13,8;13,2;12,6;12,0;17,8;17,2;16,6;16,4;15,9;15,5;15,0;14,8;14,6;13,7;13,2;12,4;12,0;17,3;17,1;16,5;16,5;16,2;15,6;14,8;14,7;14,0;13,5;13,0;12,4;11,8
192;16,7;16,6;15,9;15,2;15,1;13,6;13,1;12,5;12,4;12,4;11,5;10,8;9,9;16,9;16,6;15,9;15,5;15,2;14,5;13,3;13,1;12,4;12,6;11,5;10,6;9,5;17,2;16,6;16,4;16,0;15,6;15,1;14,6;13,3;12,9;12,9;12,3;12,1;11,7;17,5;16,9;16,6;16,2;15,8;15,4;15,2;14,3;14,1;13,8;13,7;13,1;11,9;17,4;17,3;16,9;16,6;16,1;15,7;15,4;14,7;14,3;14,0;13,7;13,1;12,9;17,7;17,5;17,2;16,6;16,2;16,1;15,4;15,1;14,7;14,2;13,8;13,3;13,0;17,9;17,7;17,2;16,9;16,5;16,3;15,7;15,2;15,1;14,9;14,1;13,6;13,4;18,5;17,7;17,5;17,1;17,0;16,3;16,0;15,6;15,0;14,9;14,6;14,0;13,7;18,7;18,0;17,5;17,3;17,0;16,4;16,3;16,2;15,6;15,0;14,7;14,3;13,9;18,9;18,6;17,8;17,3;17,2;17,0;16,8;16,4;15,6;15,6;14,9;14,4;14,0;18,8;18,8;18,0;17,7;17,2;17,1;17,0;16,3;16,0;15,8;15,0;14,4;14,0;19,0;18,4;17,9;17,8;17,2;17,0;16,7;16,5;16,1;15,8;15,5;14,6;14,2;18,8;18,3;18,1;17,8;17,5;16,8;16,6;16,3;16,2;15,7;15,5;14,8;14,3
193;17,7;17,4;16,9;16,5;16,3;14,7;14,4;13,4;13,8;13,4;12,6;12,5;11,3;17,9;17,4;17,1;16,7;15,9;15,7;14,2;14,0;13,5;13,6;12,8;11,9;10,7;18,4;18,2;17,3;16,8;16,3;15,9;15,6;14,2;13,8;13,6;13,4;13,2;13,2;18,6;18,3;17,4;17,1;16,8;16,2;16,0;15,7;15,0;14,8;14,5;14,2;12,9;18,7;18,3;17,5;17,2;16,9;16,4;16,1;15,8;15,1;15,0;14,7;14,3;14,2;18,8;18,5;17,9;17,4;17,1;16,9;16,3;15,8;15,4;15,3;15,0;14,7;14,5;18,8;18,4;17,8;17,6;17,5;17,0;16,7;16,3;15,9;15,6;15,4;15,1;14,8;18,8;18,8;18,1;17,7;17,5;17,4;16,9;16,6;16,4;16,2;15,8;15,3;14,9;19,1;18,6;18,2;17,9;17,8;17,5;17,1;17,1;16,6;16,6;16,2;15,6;15,4;19,2;19,0;18,6;18,2;17,9;17,8;17,5;17,5;17,1;16,6;16,3;16,1;15,6;19,2;19,0;19,0;18,7;18,3;18,0;17,9;17,8;17,6;17,2;16,5;16,3;15,8;19,5;19,4;19,1;18,8;18,7;18,3;18,1;17,8;17,6;17,3;16,7;16,6;15,9;19,5;19,5;19,2;19,0;18,8;18,6;18,6;18,1;17,7;17,5;16,9;17,0;16,2
194;18,6;17,9;17,5;17,0;16,9;15,6;15,2;14,4;14,9;14,9;13,9;13,6;12,5;18,3;17,9;17,9;17,4;17,0;16,6;15,0;14,9;14,4;14,5;13,9;13,0;12,0;18,4;18,3;18,2;18,0;17,4;16,8;16,5;15,2;14,8;14,7;14,7;14,5;14,4;18,8;18,7;18,5;18,2;17,7;17,1;16,8;16,4;16,1;16,0;15,9;15,6;14,3;18,7;18,8;18,8;18,7;17,6;17,4;16,9;16,6;16,3;16,1;16,0;15,8;15,5;18,8;18,7;18,6;18,3;17,7;17,3;17,0;16,8;16,6;16,1;16,1;15,9;15,7;18,9;18,8;18,8;18,7;18,0;17,6;17,3;17,1;16,7;16,6;16,3;16,1;16,0;19,2;19,2;19,2;18,9;18,7;17,9;17,6;17,3;17,1;17,0;16,8;16,5;16,4;19,2;19,3;19,2;19,1;18,9;18,6;17,9;17,9;17,4;17,2;17,1;16,8;16,5;19,5;19,6;19,5;19,3;19,0;18,9;18,4;18,4;18,0;17,8;17,4;17,0;16,7;19,5;19,4;19,7;19,7;19,2;19,2;19,1;18,8;18,6;18,5;18,0;17,2;17,0;19,8;19,6;19,5;19,6;19,5;19,4;19,1;19,1;19,0;18,7;18,3;18,0;17,1;19,9;19,9;19,9;19,8;19,4;19,5;19,3;19,3;19,2;18,9;18,6;18,4;17,3
195;18,5;18,6;18,0;17,6;17,5;16,3;16,3;15,3;15,7;15,6;14,8;15,3;13,9;18,7;18,6;17,9;17,7;17,4;17,3;15,9;15,7;15,3;15,6;14,8;14,1;13,3;18,4;18,4;18,1;17,9;17,9;17,6;17,4;15,8;15,5;15,4;15,3;15,3;15,4;18,6;18,3;18,5;18,3;18,4;17,9;17,4;17,0;16,7;16,6;16,4;16,4;15,0;18,6;18,8;18,6;18,8;18,2;17,9;17,5;17,1;16,9;16,7;16,6;16,4;16,2;18,3;18,4;18,5;18,5;18,4;18,3;17,8;17,3;17,2;17,0;16,6;16,6;16,6;18,8;18,7;18,8;18,9;18,5;18,3;18,0;17,6;17,6;17,4;17,1;16,9;16,7;18,6;18,7;19,0;19,2;18,9;18,3;18,2;18,1;17,9;17,5;17,3;17,1;16,9;18,7;19,1;19,0;19,1;19,0;19,0;18,8;18,7;18,1;17,9;17,7;17,5;17,2;18,9;19,0;19,1;19,4;19,1;19,1;19,0;18,9;18,7;18,5;18,2;17,8;17,6;19,0;19,3;19,2;19,6;19,5;19,7;19,6;19,6;19,3;19,4;18,5;18,3;18,1;19,3;19,7;19,5;19,5;19,4;19,6;19,4;19,6;19,5;19,2;18,7;18,5;18,3;20,2;19,6;19,7;20,1;20,0;20,4;19,9;20,0;19,5;19,2;18,6;18,6;18,3
196;18,1;18,2;17,8;17,9;18,0;16,5;16,5;15,7;16,2;16,1;15,2;15,3;14,3;18,6;18,3;17,9;18,0;17,7;17,6;16,3;16,1;16,0;16,0;15,2;14,3;13,5;18,4;18,4;18,2;18,0;18,0;17,8;17,4;16,2;16,0;15,6;15,6;15,4;15,7;18,3;18,3;18,1;18,3;18,1;17,8;17,7;17,2;17,0;16,7;16,6;16,5;15,2;18,1;18,1;18,2;18,4;18,0;18,1;17,5;17,3;17,1;16,9;16,7;16,5;16,0;18,3;18,4;18,5;18,6;18,1;17,9;17,6;17,7;17,5;17,2;16,9;16,8;16,6;17,9;18,3;18,5;18,6;18,3;18,0;17,8;17,9;17,6;17,5;17,4;17,2;16,9;17,7;18,2;18,2;18,5;18,3;18,2;18,0;17,9;17,7;18,0;17,6;17,6;17,2;17,5;17,8;17,9;18,0;18,0;17,9;18,1;17,9;18,1;17,8;17,9;17,7;17,3;17,4;17,5;17,8;18,1;17,9;18,0;18,0;18,1;18,2;18,1;18,0;17,9;17,9;17,6;17,5;18,0;18,3;18,0;18,1;18,3;18,7;18,7;18,7;18,4;18,3;18,3;17,7;17,7;18,3;18,4;18,4;18,4;18,7;19,1;19,1;19,1;18,7;18,6;18,4;17,3;17,9;18,3;18,4;18,6;18,8;19,0;19,1;19,4;19,3;19,0;19,0;18,7
197;17,7;18,2;18,0;18,3;18,2;16,9;16,4;15,9;16,6;16,0;15,4;15,3;14,1;17,9;17,9;17,8;18,0;17,8;17,8;16,3;16,1;16,2;16,0;15,0;13,9;13,0;17,6;18,0;18,0;18,0;17,8;17,6;17,7;16,0;15,9;15,5;15,3;15,2;15,4;17,8;17,6;17,9;18,0;17,7;17,6;17,2;17,0;16,7;16,7;16,2;16,0;14,8;17,2;17,3;17,5;17,8;17,5;17,2;17,1;17,0;17,0;16,3;16,0;15,8;15,6;17,1;17,1;17,2;17,4;17,3;17,3;17,0;16,8;16,8;16,2;16,0;16,0;16,0;16,7;16,7;17,0;17,2;17,3;17,0;16,8;16,6;16,6;16,5;16,1;16,1;16,1;16,5;16,6;16,9;17,0;16,9;16,8;16,7;16,5;16,5;16,3;16,4;16,4;16,6;16,0;16,2;16,5;16,8;16,8;16,7;16,6;16,3;16,7;16,5;16,5;16,6;16,8;15,9;16,2;16,3;16,5;16,4;16,4;16,5;16,5;16,6;16,7;16,8;17,0;17,3;15,7;15,8;16,0;16,3;16,4;16,5;16,6;16,8;16,9;17,0;17,2;17,9;17,9;15,7;15,7;15,7;16,0;16,4;16,7;16,7;16,9;17,3;17,6;17,8;18,0;18,4;15,4;15,7;15,7;15,8;16,4;16,7;16,9;17,2;17,7;17,9;18,2;18,5;18,6
198;16,2;16,7;17,0;17,3;17,4;16,5;16,6;16,1;16,7;16,5;15,5;15,6;14,6;16,3;16,7;17,1;17,4;17,5;17,8;16,6;16,5;16,1;16,3;15,6;14,9;13,8;16,2;16,6;16,8;17,3;17,3;17,3;17,3;16,1;15,8;15,7;15,5;15,6;15,5;16,4;16,6;16,7;17,0;17,0;16,9;17,0;17,0;16,7;16,5;16,5;16,5;15,1;16,4;16,7;16,8;17,0;16,9;16,8;16,9;16,8;16,6;16,5;16,6;16,5;16,0;15,7;16,4;16,6;16,9;16,6;16,8;16,7;16,8;16,9;16,3;16,1;16,0;16,1;15,8;16,1;16,2;16,7;16,6;16,6;16,5;16,7;16,7;16,3;16,1;16,1;16,0;15,5;15,9;16,0;16,2;16,2;16,2;16,4;16,5;16,5;16,4;16,5;16,4;16,3;15,3;15,5;15,6;15,8;15,8;15,9;16,0;16,2;16,4;16,1;16,0;16,1;16,4;15,0;15,2;15,3;15,7;15,7;15,8;16,1;16,2;16,3;16,2;16,1;16,3;16,6;15,1;15,2;15,2;15,3;15,4;15,7;15,8;16,1;16,3;16,3;16,6;16,8;17,4;15,0;15,1;15,1;15,3;15,3;15,7;15,7;16,0;16,6;16,8;16,8;17,2;17,8;14,8;14,6;14,5;14,6;15,0;15,5;15,8;16,3;16,8;16,9;17,0;17,5;18,0
199;14,4;14,8;15,4;15,9;16,1;15,4;15,6;15,3;16,7;16,4;15,4;16,7;15,8;14,5;15,1;15,6;16,0;16,1;16,4;15,5;15,9;15,9;16,3;16,0;15,8;14,8;14,9;15,1;15,6;16,0;16,3;16,4;16,6;15,5;15,9;15,8;15,8;16,1;16,1;14,7;15,2;15,8;16,2;16,3;16,5;16,7;16,8;17,1;16,9;17,0;16,9;15,5;14,8;15,1;15,7;16,0;16,3;16,4;16,6;16,9;17,0;16,9;16,8;16,6;16,6;14,7;15,4;15,5;16,1;16,3;16,4;16,6;16,8;17,0;16,8;16,5;16,5;16,6;15,0;15,3;15,7;16,1;16,2;16,4;16,8;16,7;17,0;16,7;16,7;16,2;16,2;15,1;15,4;15,6;16,1;16,1;16,4;16,6;16,6;16,8;16,6;16,5;16,4;16,3;15,1;15,6;15,8;16,0;16,3;16,3;16,4;16,7;16,6;16,4;16,2;16,2;16,2;15,3;15,4;15,6;16,5;16,3;16,4;16,5;16,5;16,8;16,6;16,0;16,1;16,4;15,6;15,7;16,0;16,3;16,3;16,3;16,3;16,4;16,6;16,3;16,2;16,2;16,4;16,2;16,2;16,1;16,3;16,3;16,2;16,3;16,3;16,6;16,3;16,4;16,3;16,8;16,3;16,4;16,2;16,3;16,3;16,1;16,3;16,3;16,4;16,5;16,8;16,6;17,0
200;13,3;13,7;14,2;14,4;14,8;13,9;14,4;14,4;15,4;15,4;14,8;15,6;15,1;13,2;13,7;14,3;14,5;14,9;15,2;14,5;15,2;15,2;15,7;15,6;15,2;14,6;13,4;14,0;14,3;14,8;15,2;15,4;15,8;15,1;15,4;15,4;15,5;15,6;16,0;13,3;13,9;14,3;14,7;15,3;15,4;15,9;16,2;16,4;16,4;16,4;16,4;15,2;13,7;14,2;14,7;15,0;15,3;15,5;15,9;16,2;16,4;16,4;16,3;16,3;16,5;14,0;14,4;14,7;15,1;15,4;15,5;16,0;16,2;16,5;16,4;16,0;15,9;16,3;14,1;14,8;14,9;15,2;15,4;15,6;15,9;16,2;16,5;16,3;16,1;15,9;16,0;14,9;15,0;15,1;15,4;15,5;15,8;15,9;16,3;16,4;16,2;16,0;15,8;15,9;14,8;15,2;15,6;15,7;15,9;15,9;16,0;16,1;16,2;16,1;15,9;15,8;15,7;15,5;15,7;15,7;15,9;16,0;16,0;16,2;16,2;16,3;16,1;15,8;15,5;15,5;15,7;15,8;16,2;16,5;16,6;16,7;16,6;16,4;16,3;16,1;15,7;15,5;15,3;16,2;16,5;16,6;16,7;16,7;16,5;16,4;16,4;16,4;16,0;15,4;15,2;15,2;16,8;17,0;17,2;16,9;16,7;16,5;16,5;16,6;16,5;15,8;15,4;15,1;15,1
201;12,0;12,5;12,8;13,1;13,7;12,9;13,0;12,7;13,8;14,0;13,4;13,7;13,2;12,1;12,5;13,0;13,1;13,8;13,9;13,1;13,5;13,8;14,2;13,9;13,2;12,5;12,1;12,6;12,9;13,1;13,9;14,1;14,3;13,5;13,6;14,1;14,1;14,3;14,8;12,2;12,6;12,8;12,9;13,9;14,3;14,2;14,8;14,9;15,0;15,1;15,3;14,2;12,4;12,8;13,0;13,5;13,7;14,3;14,7;14,8;14,9;15,1;15,0;15,1;15,3;12,7;13,0;13,3;13,8;13,8;14,3;14,6;14,8;15,0;15,0;14,9;15,2;15,3;13,2;13,5;13,6;13,9;14,1;14,4;14,8;14,8;14,9;15,0;15,0;15,1;15,3;13,6;13,8;14,2;14,2;14,3;14,3;14,5;14,8;14,9;14,9;15,0;15,1;15,3;14,0;14,3;14,3;14,2;14,3;14,4;14,5;14,7;14,8;14,9;15,0;14,8;15,0;14,5;14,8;14,8;14,8;14,7;14,5;14,7;15,0;14,9;15,0;14,9;14,9;14,8;15,2;15,2;15,3;15,3;15,2;15,2;15,3;15,4;15,3;15,1;15,0;14,8;14,8;15,5;15,5;15,6;15,6;15,5;15,5;15,5;15,6;15,5;15,3;14,9;14,9;14,7;16,0;15,9;16,0;16,1;16,0;15,9;15,8;15,7;15,6;15,3;15,1;14,7;14,4
202;10,9;11,2;11,5;11,6;12,0;11,6;12,0;11,6;12,5;12,8;12,2;11,9;11,1;11,0;11,1;11,3;11,4;11,8;12,4;11,9;12,2;12,5;13,1;12,7;11,7;10,8;11,1;11,1;11,3;11,5;11,9;12,1;12,3;12,2;12,4;12,6;12,6;12,8;13,3;11,5;11,6;11,7;11,7;12,0;12,0;12,5;12,6;13,5;13,7;13,7;13,8;12,9;11,7;11,8;11,8;11,7;12,0;12,1;12,6;12,8;13,4;13,7;13,7;13,8;14,1;12,0;11,8;12,0;12,0;12,1;12,3;12,7;12,9;13,5;13,7;13,9;14,0;14,3;12,3;12,3;12,2;12,1;12,5;12,6;12,9;13,2;13,3;13,9;13,9;14,1;14,4;12,7;12,7;12,6;12,6;12,8;13,0;13,2;13,4;13,5;13,8;14,0;14,2;14,5;12,9;13,2;12,8;12,8;13,0;13,2;13,3;13,5;13,5;13,6;13,9;14,3;14,6;13,4;13,4;13,4;13,2;13,5;13,6;13,6;13,6;13,4;13,7;14,1;14,4;14,5;13,8;13,9;14,0;14,0;14,1;13,8;13,7;13,6;13,8;14,0;14,2;14,5;15,0;14,3;14,3;14,3;14,5;14,5;14,5;14,3;14,3;14,5;14,4;14,9;15,1;15,1;14,8;14,7;14,7;14,6;14,7;14,7;14,6;14,7;14,7;14,9;15,2;15,6;15,5
203;10,1;10,0;10,2;10,3;10,5;10,0;10,0;9,9;10,7;11,1;10,5;10,4;9,7;10,0;10,1;10,3;10,3;10,5;10,8;10,2;10,4;10,6;11,2;10,9;10,4;9,5;10,2;10,2;10,5;10,5;10,6;10,7;10,8;10,3;10,5;10,9;11,2;11,4;11,7;10,4;10,4;10,5;10,7;10,7;10,9;11,0;10,9;11,4;11,6;12,0;12,6;11,8;10,8;10,9;10,7;10,6;10,9;11,1;11,4;11,3;11,7;12,0;12,3;12,9;13,1;11,2;11,1;11,1;10,9;11,2;11,4;11,4;11,6;12,0;12,3;12,7;13,0;13,2;11,5;11,4;11,5;11,6;11,7;11,7;11,9;11,9;12,3;12,6;12,8;13,1;13,4;12,2;12,1;11,9;11,9;12,1;12,0;12,1;12,2;12,5;12,9;13,2;13,4;13,6;12,6;12,4;12,3;12,3;12,3;12,4;12,7;12,6;12,9;13,1;13,4;13,7;14,0;12,9;12,9;12,6;12,5;12,5;12,9;13,0;13,2;13,1;13,4;13,6;14,0;14,0;13,4;13,5;13,4;13,4;13,5;13,6;13,6;13,6;13,5;13,7;13,9;14,2;14,4;13,9;13,8;13,9;14,0;13,9;14,0;14,0;13,8;14,2;14,5;14,4;14,6;14,9;14,1;14,0;14,0;13,9;14,1;14,2;14,2;14,3;14,2;14,5;15,0;15,3;15,4
204;9,2;9,2;9,0;9,0;9,3;8,8;8,7;8,6;9,1;9,3;8,8;8,5;7,9;9,2;9,2;9,2;9,3;9,3;9,7;9,1;9,2;9,2;9,5;9,3;8,6;7,8;9,6;9,6;9,8;9,6;9,8;9,9;10,1;9,6;9,7;9,7;9,8;9,9;10,3;10,2;10,0;9,9;9,9;10,0;10,2;10,2;10,4;10,5;10,7;10,9;11,2;10,7;10,5;10,4;10,2;10,2;10,3;10,5;10,7;10,8;10,9;10,9;11,3;11,6;11,8;10,8;10,7;10,5;10,3;10,5;10,9;11,1;11,2;11,2;11,3;11,4;11,8;12,0;11,5;11,2;11,1;11,0;11,4;11,4;11,5;11,6;11,5;11,5;11,9;12,0;12,4;12,0;11,7;11,8;11,8;11,8;11,8;11,9;11,8;11,9;12,0;12,4;12,4;12,6;12,4;12,4;12,3;12,2;12,1;12,1;12,2;12,1;12,4;12,6;12,7;12,8;12,7;12,9;12,9;12,7;12,4;12,5;12,6;12,7;12,9;12,8;13,0;13,1;13,1;13,2;13,4;13,4;13,2;13,2;13,3;13,6;13,5;13,4;13,4;13,5;13,5;13,6;13,8;13,8;13,7;13,7;13,8;13,7;13,8;13,7;13,7;13,8;13,7;13,7;13,9;14,1;14,0;13,9;13,9;13,9;14,0;14,0;14,1;13,8;13,9;14,0;14,1;14,3;14,7
205;8,8;8,8;8,5;8,5;8,7;8,1;8,2;8,0;8,2;8,3;7,8;7,4;6,9;9,1;9,0;8,8;8,7;8,9;9,1;8,5;8,5;8,5;8,7;8,2;7,5;6,7;9,6;9,4;9,4;9,4;9,4;9,6;9,5;8,9;8,8;9,1;9,0;8,9;9,0;9,8;9,8;9,7;9,6;9,8;9,9;9,8;9,8;9,8;10,0;10,1;10,2;9,3;10,4;10,3;10,1;10,0;10,2;10,1;10,2;10,0;10,2;10,4;10,4;10,3;10,4;10,6;10,6;10,5;10,4;10,5;10,3;10,7;10,5;10,6;10,8;10,6;10,5;10,6;11,5;11,3;11,2;10,7;11,1;11,3;11,2;11,2;11,2;11,2;11,1;11,0;11,2;11,8;11,8;11,8;11,7;11,5;11,6;11,6;11,6;11,5;11,6;11,6;11,5;11,6;12,5;12,3;12,2;12,2;12,2;12,2;12,1;12,1;12,1;12,1;12,0;12,1;12,1;13,0;12,9;12,8;12,8;12,8;12,7;12,8;12,5;12,5;12,5;12,4;12,2;12,2;13,4;13,2;13,1;13,2;13,2;13,2;13,4;13,3;13,1;13,0;12,9;12,9;12,9;13,9;13,8;13,6;13,6;13,6;13,5;13,6;13,7;13,6;13,6;13,3;13,4;13,3;14,3;14,1;14,1;13,9;14,0;13,9;13,9;13,9;13,8;13,9;13,8;13,9;13,7
206;8,6;8,5;8,6;8,6;8,7;7,9;7,8;7,6;7,8;7,7;7,2;6,8;6,2;9,1;9,2;8,8;8,8;9,0;8,8;8,1;8,3;8,1;8,2;7,6;6,8;6,2;9,7;9,4;9,2;9,2;9,2;9,3;9,4;8,8;8,7;8,4;8,2;8,2;8,4;10,3;10,1;9,9;9,7;9,7;9,7;9,8;9,5;9,5;9,5;9,3;9,2;8,7;10,5;10,3;10,2;10,0;10,0;10,1;10,1;10,0;10,0;9,7;9,9;9,9;9,6;10,9;10,8;10,5;10,5;10,5;10,7;10,6;10,6;10,3;10,3;10,2;10,3;10,1;11,0;11,1;11,0;11,1;11,0;11,1;10,8;11,0;10,9;10,9;10,7;10,5;10,4;12,0;12,0;11,3;11,8;11,7;11,6;11,8;11,5;11,2;11,2;11,0;11,0;10,6;12,2;12,2;12,3;12,2;12,0;12,3;12,1;11,9;11,9;11,8;11,6;11,4;11,3;13,1;13,1;13,0;12,7;12,7;12,7;12,8;12,8;12,4;12,2;12,0;11,9;11,8;13,6;13,3;13,2;13,0;13,0;13,0;12,9;13,0;13,2;12,9;12,6;12,5;12,3;14,0;13,7;13,6;13,6;13,5;13,3;13,5;13,4;13,3;13,3;13,1;13,1;13,0;14,4;14,1;14,0;13,8;13,9;13,9;13,9;13,9;13,6;13,5;13,7;13,7;13,6
207;9,0;9,0;8,9;8,8;8,7;8,1;7,9;7,5;7,7;7,7;6,9;6,4;5,9;9,4;9,5;9,3;9,3;9,3;9,2;8,3;8,3;8,1;8,0;7,4;6,5;5,8;10,2;9,9;9,8;9,6;9,6;9,5;9,6;9,0;8,7;8,6;8,1;8,0;8,0;10,5;10,3;10,2;10,0;10,0;10,1;10,0;9,7;9,6;9,5;9,1;8,9;8,2;10,8;10,6;10,4;10,4;10,2;10,2;10,3;10,1;10,0;9,8;9,6;9,2;9,1;11,2;11,0;10,9;10,6;10,4;10,5;10,5;10,6;10,5;10,1;10,1;9,7;9,7;11,8;11,5;11,4;11,4;11,1;11,1;11,0;10,9;10,7;10,6;10,4;10,3;10,2;12,3;12,0;11,9;11,5;11,5;11,4;11,4;11,2;11,3;11,2;11,0;10,7;10,5;12,9;12,6;12,3;12,3;12,0;11,8;11,9;11,9;11,5;11,5;11,3;11,0;10,7;13,3;12,9;12,7;12,7;12,5;12,6;12,4;12,3;12,2;11,9;11,7;11,6;11,3;13,6;13,2;13,2;13,0;12,8;12,7;12,9;12,6;12,7;12,7;12,5;12,3;12,1;14,1;13,6;13,2;13,4;13,4;13,2;13,3;13,2;13,0;13,0;12,8;12,9;12,8;14,6;14,1;13,7;13,9;13,6;13,4;13,3;13,6;13,5;13,4;13,3;13,4;13,2
208;9,9;9,8;9,6;9,4;9,2;8,4;8,3;7,9;8,1;8,0;7,1;6,4;5,7;10,3;9,7;9,7;9,7;9,5;9,4;8,6;8,7;8,4;8,2;7,7;6,6;5,7;10,6;10,5;10,4;10,2;9,8;9,6;9,8;8,9;8,8;8,7;8,3;8,1;7,9;10,9;10,8;10,7;10,4;10,4;10,4;9,9;10,0;10,0;9,7;9,5;9,2;8,2;11,5;11,2;11,0;10,7;10,6;10,8;10,5;10,6;10,4;10,2;9,9;9,6;9,3;11,9;11,8;11,3;10,9;11,0;11,1;10,8;10,7;10,5;10,5;10,4;9,9;9,7;12,5;12,3;12,0;11,9;11,6;11,6;11,5;11,3;11,0;11,0;10,7;10,5;10,2;12,9;12,7;12,5;12,3;12,0;11,9;11,7;11,5;11,5;11,1;11,0;10,8;10,6;13,2;13,0;12,9;12,4;12,1;12,0;12,0;11,7;11,7;11,6;11,4;11,2;11,1;13,6;13,2;13,1;12,6;12,4;12,4;12,3;12,4;12,2;12,1;11,8;11,6;11,4;13,9;13,6;13,3;13,2;13,0;12,6;12,6;12,6;12,4;12,6;12,5;12,6;12,4;14,5;13,8;13,6;13,3;13,3;13,1;13,2;13,1;12,9;13,1;12,9;12,8;12,6;15,4;14,4;13,7;13,9;13,8;13,6;13,5;13,4;13,4;13,4;13,3;13,2;13,0
209;10,5;10,6;10,4;10,4;10,3;9,2;8,9;8,3;8,5;8,3;7,5;6,8;6,0;10,9;10,7;10,5;10,4;10,4;10,3;9,2;9,2;8,8;8,6;7,9;6,9;5,9;11,3;10,8;10,6;10,8;10,5;10,6;10,4;9,5;9,1;9,1;8,8;8,3;8,3;11,5;11,6;11,1;11,2;10,9;10,7;10,7;10,5;10,4;10,0;9,8;9,4;8,5;11,8;11,7;11,4;11,4;11,4;11,4;11,0;10,9;10,6;10,4;10,2;10,1;9,5;12,6;12,4;12,0;11,8;11,7;11,6;11,6;11,1;11,0;10,8;10,7;10,4;10,1;13,0;12,6;12,4;12,2;11,8;11,9;11,7;11,7;11,6;11,3;11,0;10,9;10,7;13,2;13,1;12,9;12,5;12,5;12,4;12,1;12,0;11,9;11,7;11,5;11,2;11,1;13,6;13,3;13,2;13,1;12,9;12,8;12,6;12,0;12,2;11,8;11,5;11,6;11,4;14,0;13,8;13,5;13,0;12,8;12,8;12,5;12,6;12,4;12,3;12,2;12,1;12,0;14,5;14,2;13,9;13,6;13,3;13,0;12,9;13,0;12,7;12,7;12,5;12,8;12,6;15,1;14,6;14,3;13,6;13,5;13,4;13,2;13,1;13,2;13,2;13,0;12,8;12,9;15,5;15,3;14,8;14,3;14,3;14,4;14,1;13,7;13,6;13,5;13,5;13,5;13,4
210;12,1;11,8;11,5;11,4;11,0;9,8;9,6;9,1;9,3;9,0;8,1;7,5;6,6;12,0;11,6;11,3;11,2;10,9;10,7;9,8;9,5;9,4;9,2;8,4;7,4;6,5;12,2;12,1;11,6;11,3;11,1;10,9;10,6;9,8;9,6;9,6;9,2;9,0;8,7;12,4;12,1;12,0;11,6;11,4;11,4;11,2;10,9;10,6;10,6;10,2;10,1;9,0;12,8;12,7;12,2;11,9;11,8;11,6;11,6;11,4;11,0;10,8;10,6;10,4;10,3;13,3;13,0;12,7;12,3;12,2;12,2;11,7;11,7;11,5;11,5;11,3;10,9;10,8;13,6;13,4;13,1;12,9;12,6;12,5;12,2;12,2;12,0;12,0;11,5;11,5;11,1;14,0;13,6;13,3;13,2;13,0;12,9;12,7;12,5;12,4;12,2;12,2;11,7;11,5;14,2;14,1;13,8;13,6;13,5;13,3;13,0;12,8;12,7;12,7;12,6;12,3;11,9;14,8;14,5;14,2;14,0;14,1;13,9;13,4;13,4;13,2;12,7;12,8;12,7;12,4;15,4;14,8;14,5;14,2;14,1;13,9;13,7;13,2;13,5;13,0;13,2;12,9;12,8;15,7;15,3;15,0;14,6;14,4;14,3;13,6;13,8;13,7;13,4;13,2;13,2;13,2;16,3;15,5;15,2;14,9;14,7;14,2;14,4;14,1;14,0;14,0;13,7;13,5;13,5
211;12,8;12,6;12,6;12,4;12,2;11,0;10,6;9,7;10,0;9,6;8,7;8,2;7,2;12,7;12,5;12,6;12,2;11,8;11,1;10,6;10,0;9,7;9,8;8,9;7,8;7,0;12,8;12,6;12,4;12,4;12,2;11,7;11,5;10,6;10,1;9,8;9,4;9,2;9,5;13,2;13,0;12,8;12,5;12,5;12,0;11,6;11,4;11,4;11,1;10,9;10,6;9,8;13,7;13,5;13,0;12,7;12,7;12,6;12,1;11,8;11,7;11,6;11,3;11,2;11,0;14,2;13,8;13,4;13,3;13,1;13,0;12,6;12,4;12,1;11,9;11,8;11,6;11,4;14,5;14,3;13,8;13,6;13,6;13,3;13,0;12,6;12,5;12,3;12,1;11,9;11,8;15,0;14,6;14,2;14,0;14,0;13,7;13,3;13,0;13,1;12,7;12,5;12,4;12,0;15,1;15,0;14,6;14,3;14,5;14,1;13,7;13,5;13,3;13,2;12,9;12,6;12,4;15,8;15,6;15,0;15,0;14,7;14,4;14,3;14,0;13,9;13,7;13,4;13,1;12,9;16,1;15,7;15,4;15,2;14,8;14,7;14,6;14,5;14,1;14,0;13,7;13,5;13,3;16,6;16,3;15,9;15,5;15,4;15,3;14,9;14,7;14,5;14,4;14,0;13,9;13,4;16,9;16,6;16,1;15,8;15,6;15,5;15,2;15,4;14,8;14,9;14,4;14,2;14,0
212;14,0;13,9;13,6;13,3;13,2;11,8;11,4;10,7;11,0;10,7;9,5;8,9;8,0;13,8;13,6;13,4;13,1;12,7;12,5;11,2;11,1;10,6;10,5;9,8;8,3;7,5;13,9;13,8;13,6;13,2;13,0;12,7;12,3;11,2;11,0;10,6;10,4;10,1;9,8;14,4;14,0;13,8;13,6;13,1;13,0;12,8;12,3;12,0;11,5;11,4;11,2;10,2;14,6;14,3;13,8;13,6;13,3;13,1;13,0;12,6;12,3;12,0;11,6;11,4;11,3;14,8;14,3;14,3;14,0;13,8;13,9;13,5;13,1;12,9;12,8;12,4;12,0;11,8;15,1;15,0;14,6;14,4;14,3;14,1;13,8;13,4;13,0;13,2;12,6;12,4;12,3;15,5;15,3;15,2;15,0;14,9;14,5;14,3;14,0;13,6;13,5;13,3;13,0;12,8;15,6;15,7;15,2;15,1;15,1;14,9;14,8;14,6;14,1;13,9;13,5;13,3;13,2;16,1;15,8;15,7;15,5;15,3;15,3;15,0;14,7;14,6;14,3;13,9;13,7;13,4;16,3;16,2;16,2;15,8;15,7;15,5;15,2;15,0;14,8;14,6;14,4;14,3;14,1;16,7;16,7;16,2;16,2;15,9;15,7;15,8;15,3;15,0;14,9;14,7;14,5;14,2;16,9;16,9;16,8;16,6;16,5;16,1;15,9;15,7;15,3;15,3;15,1;15,0;14,6
213;14,9;14,8;14,6;14,6;14,5;13,2;12,6;12,0;12,2;11,9;10,5;10,3;9,2;14,7;14,5;14,5;14,4;14,0;13,8;12,4;12,3;11,8;11,4;10,6;9,4;8,3;14,8;14,8;14,9;14,3;14,0;13,6;13,4;12,3;11,8;11,6;11,0;10,9;10,6;15,0;15,0;14,8;14,6;14,3;13,9;13,7;13,3;13,1;12,6;12,0;11,8;10,6;14,9;15,0;14,9;14,7;14,2;14,1;14,1;13,6;13,4;12,9;12,6;12,2;11,9;15,0;15,1;14,8;14,7;14,6;14,3;14,2;14,0;13,6;13,2;12,8;12,5;12,1;15,6;15,4;15,0;14,7;14,7;14,5;14,5;14,4;14,0;13,5;13,0;13,0;12,7;15,7;15,4;15,3;14,9;14,8;14,9;14,7;14,6;14,4;14,2;13,6;13,3;13,2;15,9;15,9;15,8;15,5;15,4;15,3;15,2;14,9;14,7;14,4;14,1;14,0;13,5;16,2;16,2;16,1;15,9;15,8;15,7;15,3;15,3;15,2;14,9;14,4;14,3;14,3;16,4;16,5;16,3;16,3;16,1;16,1;16,0;15,6;15,4;15,2;15,0;14,6;14,4;16,7;16,5;16,5;16,5;16,5;16,1;16,2;16,0;15,6;15,4;15,0;14,9;14,8;17,0;16,8;16,7;16,6;16,4;16,4;16,2;16,1;15,7;15,5;15,5;15,2;14,9
214;15,6;15,6;15,5;15,7;15,5;14,0;13,8;13,2;13,6;13,3;12,4;12,0;10,7;15,8;15,8;15,6;15,5;15,1;15,0;13,7;13,4;13,2;13,0;12,2;11,0;9,4;15,8;15,9;15,8;15,6;15,6;15,1;14,8;13,4;13,2;13,0;12,6;11,9;11,7;15,8;15,9;15,9;15,9;15,6;15,0;14,9;14,6;14,2;13,9;13,5;13,0;11,5;15,8;15,7;15,6;15,4;15,3;14,9;14,9;14,6;14,5;14,1;13,5;12,8;12,5;15,6;15,5;15,4;15,5;15,4;15,0;15,0;14,8;14,5;14,2;13,5;13,1;12,6;15,8;15,8;15,5;15,6;15,0;15,1;15,1;15,0;14,9;14,4;14,2;13,6;13,0;15,9;16,0;15,6;15,5;15,4;15,3;15,2;15,2;15,0;14,9;14,5;14,1;13,7;15,7;15,7;15,8;15,4;15,4;15,4;15,5;15,5;15,4;15,4;14,8;14,6;14,4;16,2;16,2;16,0;15,8;15,9;15,6;15,6;15,4;15,4;15,1;15,1;15,0;14,7;16,6;16,5;16,5;16,3;16,2;16,3;16,0;15,8;15,5;15,8;15,4;15,1;14,9;17,3;16,9;16,6;16,4;16,4;16,5;16,3;16,1;16,0;15,9;15,5;15,3;15,0;17,0;17,0;16,8;16,6;16,6;16,5;16,3;16,2;16,1;16,0;16,1;15,6;15,5
215;16,2;16,3;16,4;16,4;16,4;15,3;15,2;14,8;15,2;15,1;13,9;13,5;12,4;16,3;16,3;16,4;16,4;16,4;16,3;15,0;14,9;14,5;14,6;13,8;12,8;11,6;16,5;16,4;16,5;16,5;16,4;16,3;16,2;14,9;14,9;14,4;14,0;13,9;13,5;16,3;16,5;16,5;16,6;16,5;16,3;16,2;16,0;15,9;15,8;15,3;14,7;13,1;16,2;16,4;16,4;16,3;16,3;16,2;16,1;16,1;16,1;15,7;15,2;14,5;14,1;16,1;16,0;16,2;16,3;16,0;15,9;16,2;16,1;15,9;15,7;14,9;14,5;14,2;16,3;16,2;16,3;16,2;16,2;16,1;16,1;16,0;15,7;15,6;15,0;14,7;14,5;16,3;16,2;16,1;16,0;16,1;15,9;15,8;16,0;16,0;15,7;15,3;15,2;14,9;16,1;16,2;16,1;16,0;15,9;15,7;15,9;15,8;15,8;15,6;15,6;15,6;15,2;16,1;16,0;16,2;16,0;16,2;16,0;15,8;15,9;15,9;15,8;15,6;15,5;15,3;16,7;16,5;16,5;16,5;16,3;16,3;16,4;15,9;16,0;15,9;15,7;15,6;15,4;17,3;16,6;16,5;16,5;16,6;16,7;16,4;16,2;15,9;16,0;15,9;15,6;15,5;17,2;17,1;16,8;16,7;16,7;16,7;16,7;16,6;16,3;16,2;16,1;15,9;15,7
216;16,5;16,7;16,8;16,8;16,9;15,7;15,8;15,2;15,8;15,7;14,8;14,9;14,0;16,7;16,9;16,9;16,9;17,0;16,9;15,8;15,8;15,5;15,9;15,2;14,4;13,4;16,5;16,6;16,9;16,9;17,0;16,8;16,8;15,6;15,6;15,4;15,2;15,2;15,2;16,5;16,6;16,9;16,9;17,0;16,8;16,8;16,6;16,5;16,6;16,4;16,1;14,6;16,6;16,9;16,8;16,9;17,0;16,8;16,9;16,8;16,6;16,5;16,4;16,1;15,8;16,5;16,6;16,7;16,8;16,9;16,9;16,9;16,8;16,9;16,7;16,2;16,0;15,9;16,7;16,7;16,6;16,7;16,9;16,8;17,0;16,9;17,0;16,7;16,4;16,1;15,5;16,6;16,8;16,8;16,7;16,7;16,8;16,9;17,0;17,0;16,8;16,4;15,8;15,6;16,3;16,5;16,2;16,3;16,2;16,3;16,6;16,6;16,8;16,4;16,0;15,7;15,5;16,4;16,4;16,3;16,2;16,3;16,6;16,8;16,6;16,6;16,3;16,2;15,7;15,6;17,0;17,0;16,7;16,6;16,7;16,7;16,8;16,5;16,6;16,6;16,1;16,0;15,6;17,2;17,2;16,9;16,9;16,8;16,8;16,5;16,6;16,6;16,4;16,0;16,0;15,7;17,4;16,9;16,9;16,8;16,7;16,5;16,5;16,3;16,4;16,4;16,2;16,2;16,1
217;17,2;17,1;17,4;17,6;17,8;16,8;16,5;16,0;16,7;16,6;15,7;16,0;15,0;17,2;17,1;17,4;17,6;17,7;17,6;16,4;16,5;16,4;16,5;15,6;15,4;14,3;17,1;17,3;17,4;17,4;17,4;17,6;17,5;16,3;16,3;16,2;16,1;16,0;16,1;17,2;17,3;17,4;17,5;17,5;17,5;17,5;17,2;17,3;17,2;17,1;16,9;15,5;17,1;17,2;17,3;17,5;17,4;17,4;17,4;17,4;17,4;17,2;17,0;16,8;16,6;16,9;17,2;17,2;17,3;17,2;17,4;17,5;17,4;17,5;17,4;17,1;16,8;16,4;16,9;16,9;17,1;17,3;17,4;17,6;17,5;17,3;17,4;17,3;17,0;16,7;16,6;16,8;16,7;16,8;17,1;17,3;17,2;17,1;17,4;17,5;17,1;16,9;16,7;16,5;16,8;16,7;16,7;16,7;16,8;17,0;17,0;17,2;17,3;17,3;17,0;16,7;16,3;16,8;17,0;16,9;16,7;16,7;16,7;16,7;16,9;17,1;17,1;16,7;16,4;16,4;16,8;16,9;17,0;17,0;16,8;16,8;16,9;17,0;16,9;16,7;16,5;16,6;16,6;17,2;17,0;16,9;16,9;16,8;17,0;17,1;16,9;16,7;16,7;16,7;16,6;16,5;17,2;17,0;16,9;16,7;16,7;16,6;16,7;16,8;16,7;16,7;16,8;16,8;16,5
218;17,4;17,7;17,8;17,9;18,0;16,8;16,8;16,4;17,1;17,2;16,0;16,3;15,1;17,8;17,8;18,0;18,1;17,7;18,2;16,8;17,1;17,0;17,0;16,4;15,8;14,6;18,1;18,2;18,2;18,1;18,0;18,1;17,9;16,9;17,0;16,5;16,5;16,4;16,5;17,8;18,0;18,1;18,4;18,4;18,3;18,4;17,9;17,9;17,7;17,5;17,4;16,0;17,7;17,7;17,9;18,3;18,2;18,3;18,0;17,9;17,9;17,6;17,6;17,2;17,1;17,3;17,9;17,8;17,7;17,6;17,7;17,9;17,9;17,9;17,8;17,5;17,4;17,2;17,6;17,8;17,9;17,7;17,5;17,6;17,5;17,8;17,7;17,7;17,5;17,3;17,2;17,4;17,3;17,6;17,5;17,5;17,6;17,4;17,4;17,5;17,5;17,3;17,2;17,2;17,2;17,4;17,4;17,5;17,3;17,4;17,4;17,4;17,3;17,3;17,3;17,2;17,1;17,0;17,1;17,2;17,1;17,0;17,2;17,3;17,4;17,3;17,3;17,2;17,0;17,4;17,0;16,9;16,9;17,1;16,9;17,1;17,0;17,1;17,1;17,1;17,1;17,1;16,9;17,3;17,2;17,1;16,9;17,3;16,9;17,2;17,1;17,0;17,0;17,0;17,0;16,8;17,1;17,0;17,2;17,1;17,0;16,9;16,9;16,9;16,9;16,9;16,7;16,8;16,6
219;17,4;17,6;17,5;17,6;17,7;16,6;16,9;16,6;17,5;17,2;16,6;16,5;15,3;17,6;18,0;17,8;17,7;17,7;17,8;16,7;17,0;17,1;17,9;17,3;16,2;15,0;17,7;17,9;18,0;17,9;18,0;18,0;18,2;17,2;17,4;17,0;16,8;16,8;16,9;17,6;17,9;18,2;18,2;18,4;18,3;18,1;18,2;18,5;18,0;18,2;17,8;16,4;17,6;17,7;17,8;18,1;18,0;18,5;18,4;18,1;18,2;18,0;17,9;17,8;17,9;17,7;17,8;17,8;18,3;18,3;18,3;18,3;18,4;18,2;18,2;17,8;17,8;18,0;17,5;17,7;17,8;18,0;18,2;18,1;18,0;18,1;18,2;18,1;17,8;18,0;17,9;17,6;17,6;18,0;18,0;18,1;17,9;17,8;17,9;17,9;17,8;18,0;17,8;17,8;17,4;17,3;17,3;17,4;17,4;17,7;17,8;17,6;17,6;17,8;17,7;17,8;17,7;17,2;17,3;17,2;17,3;17,2;17,5;17,6;17,5;17,4;17,6;17,6;17,7;17,7;17,2;17,2;17,1;17,3;17,2;17,4;17,3;17,2;17,2;17,4;17,6;17,6;17,5;17,3;17,2;17,0;17,1;17,1;17,4;17,3;17,2;17,3;17,2;17,5;17,3;17,2;17,1;17,0;16,9;16,9;17,0;17,1;17,4;17,3;17,2;17,3;17,1;17,3;17,1
220;17,2;17,3;17,4;17,7;17,6;16,5;16,7;16,3;16,9;17,0;15,9;16,4;15,3;17,2;17,3;17,6;17,7;17,7;17,8;16,6;17,0;17,1;17,7;17,3;16,5;15,1;17,3;17,4;17,6;17,8;17,9;17,9;18,0;17,1;17,4;16,7;17,0;16,7;16,8;17,3;17,4;17,9;18,0;18,0;18,1;18,1;18,0;18,2;18,0;18,3;17,9;16,6;17,2;17,4;17,6;17,8;18,0;18,3;18,5;18,2;18,6;18,4;18,2;18,0;17,9;17,0;17,3;17,6;17,9;18,0;18,2;18,3;18,2;18,3;18,3;18,2;18,0;18,1;17,0;17,4;17,6;17,7;18,1;18,3;18,3;18,3;18,4;18,3;18,2;18,2;18,3;17,2;17,5;17,4;17,7;18,0;18,0;18,3;18,3;18,4;18,3;18,3;18,2;18,2;17,2;17,5;17,6;17,4;17,5;17,5;17,8;17,9;18,1;18,3;18,2;18,1;18,5;17,1;17,1;17,0;17,2;17,4;17,5;17,6;17,5;17,5;17,8;18,2;18,1;18,1;17,0;17,0;17,0;17,2;17,3;17,2;17,4;17,3;17,4;17,6;17,9;18,2;18,3;17,1;16,9;16,9;17,0;17,2;17,1;17,2;17,3;17,3;17,4;17,7;17,8;17,9;17,1;16,9;16,9;17,0;17,0;17,0;17,1;17,2;17,2;17,3;17,6;17,9;17,9
221;17,0;17,2;17,4;17,6;17,8;16,9;17,1;16,7;17,4;17,1;16,0;16,5;15,7;17,1;17,2;17,5;17,6;17,8;18,0;16,8;17,1;17,2;17,5;16,6;16,4;15,3;16,9;17,4;17,8;17,9;17,8;17,9;18,0;16,9;17,0;17,1;17,0;17,2;17,4;17,0;17,3;17,7;17,9;18,1;17,9;18,0;17,9;18,0;18,2;18,1;18,0;16,5;16,7;17,1;17,4;17,5;17,6;17,9;17,9;18,1;18,0;17,8;18,2;18,1;18,1;16,6;17,1;17,1;17,3;17,7;17,7;17,9;18,1;18,2;18,1;18,2;18,4;18,5;17,0;17,2;17,1;17,4;17,7;17,9;18,0;18,4;18,9;18,8;18,8;18,8;18,7;17,1;17,0;17,1;17,2;17,5;17,7;18,0;18,1;18,4;18,4;18,6;18,7;18,7;17,4;17,4;17,3;17,3;17,3;17,4;17,7;17,8;18,0;18,3;18,3;18,5;18,8;17,7;17,6;17,3;17,0;17,1;17,3;17,4;17,4;17,6;18,2;18,2;18,5;18,7;17,6;17,4;17,3;17,3;17,2;17,1;17,2;17,3;17,5;17,8;18,2;18,4;18,6;17,8;17,6;17,3;17,1;17,0;17,1;17,3;17,3;17,6;17,7;17,8;17,9;18,1;17,4;17,4;17,4;17,1;17,2;17,3;17,2;17,2;17,1;17,3;17,9;17,9;17,9
222;16,7;16,9;17,4;17,5;17,7;16,6;16,8;16,6;17,4;17,8;16,7;17,2;16,0;16,8;17,1;17,3;17,6;17,6;17,9;16,8;17,0;17,2;17,9;17,3;16,6;15,5;17,0;17,0;17,2;17,5;17,8;17,8;18,1;17,0;17,0;17,1;17,1;17,0;17,2;16,8;17,0;17,3;17,7;17,6;17,9;18,1;18,1;18,3;18,3;18,2;18,1;16,8;16,8;16,9;17,0;17,1;17,2;17,6;17,7;18,0;18,3;18,2;18,2;18,2;18,1;16,9;17,2;17,2;17,2;17,3;17,6;17,7;17,7;18,2;18,0;18,0;18,4;18,5;17,0;17,1;17,2;17,1;17,3;17,5;17,7;17,8;18,0;18,2;18,4;18,7;18,6;17,2;17,1;16,9;17,2;17,3;17,4;17,6;17,7;18,0;18,2;18,6;18,7;18,8;17,3;17,3;17,1;17,1;17,0;17,4;17,4;17,5;17,6;17,9;18,3;18,6;18,7;17,3;17,3;17,4;17,4;17,4;17,4;17,3;17,4;17,2;17,8;18,1;18,3;18,4;17,4;17,4;17,5;17,6;17,6;17,3;17,3;17,4;17,4;17,8;18,0;18,1;18,4;17,6;17,7;17,6;17,5;17,4;17,4;17,2;17,5;17,5;17,5;17,7;17,9;18,0;17,8;17,6;17,3;17,5;17,5;17,4;17,2;17,1;17,1;17,2;17,5;17,6;17,5
223;16,3;16,5;16,9;17,0;17,3;16,3;16,6;16,6;17,5;17,8;16,8;17,2;16,2;16,4;16,7;16,9;16,9;17,4;17,5;16,5;17,2;17,2;17,3;17,0;16,4;15,2;16,3;16,6;17,0;17,1;17,2;17,5;17,7;16,7;16,9;17,3;17,2;17,0;17,3;16,3;16,7;16,8;16,8;17,1;17,4;17,7;18,0;18,0;18,4;18,3;18,3;16,9;16,4;16,7;17,0;17,0;17,1;17,2;17,6;18,0;18,1;17,9;18,4;18,4;17,9;16,5;16,6;16,8;17,0;17,1;17,4;17,6;17,9;18,1;18,2;18,2;18,6;18,2;16,7;17,0;17,0;17,1;17,2;17,4;17,5;17,8;17,9;18,0;18,2;18,6;18,6;17,1;16,8;17,0;17,1;17,1;17,4;17,4;17,7;17,8;17,9;18,0;18,3;18,5;17,1;17,1;17,2;17,1;17,0;17,2;17,3;17,3;17,3;17,8;17,9;18,1;18,4;17,2;17,4;17,3;17,2;17,2;17,2;17,3;17,2;17,2;17,2;17,8;17,8;18,1;17,3;17,4;17,4;17,2;17,5;17,4;17,2;17,3;17,2;17,2;17,4;17,5;18,0;17,6;17,4;17,1;16,9;17,2;17,2;17,2;17,4;17,3;17,5;17,4;17,3;17,4;17,7;17,4;17,2;17,0;17,1;17,1;17,4;17,3;17,3;17,3;17,3;17,6;17,1
224;15,8;16,1;16,1;16,4;16,8;16,0;15,9;15,6;16,6;16,9;16,0;16,3;15,6;16,2;16,1;16,4;16,5;16,8;17,0;16,0;16,3;16,2;16,8;16,5;16,0;14,7;16,0;16,2;16,2;16,5;16,6;17,0;16,9;16,0;16,3;16,5;16,7;16,8;17,2;16,1;16,2;16,2;16,3;16,6;16,8;17,2;17,2;17,5;17,7;18,0;18,0;16,7;16,1;16,2;16,3;16,3;16,7;16,9;17,0;17,3;17,4;17,4;17,8;17,9;18,0;16,0;16,2;16,4;16,4;16,8;17,0;17,1;17,1;17,4;17,7;17,9;17,9;18,0;16,7;16,6;16,5;16,6;16,9;17,2;17,1;17,2;17,1;17,4;17,6;18,0;18,1;17,1;17,1;16,9;16,6;16,7;16,9;17,0;17,2;17,3;17,5;17,6;17,9;18,0;16,9;17,1;17,0;17,0;16,9;17,1;17,0;17,1;17,2;17,2;17,6;17,6;18,0;17,0;17,0;17,0;17,0;17,2;17,1;17,2;17,2;17,2;17,3;17,6;17,4;17,7;17,0;16,9;16,9;17,0;17,3;17,4;17,4;17,4;17,4;17,6;17,5;17,3;17,3;17,2;16,9;17,2;17,2;17,1;17,3;17,4;17,2;17,2;17,1;16,9;17,5;16,9;17,1;17,1;17,3;16,9;17,1;17,1;17,1;17,1;17,1;17,3;17,1;17,2;17,1
225;15,6;15,7;15,9;16,0;16,1;15,3;15,3;14,9;15,8;16,1;15,3;15,8;14,7;15,7;15,8;15,8;15,9;15,9;16,3;15,4;15,6;15,6;16,5;16,1;15,7;14,7;15,7;15,8;15,9;15,8;16,0;15,9;16,4;15,6;15,6;15,8;16,3;16,4;16,7;16,0;15,9;15,8;15,8;16,1;15,9;16,2;17,0;16,9;17,0;16,9;17,2;16,6;16,1;16,2;16,3;16,0;16,0;16,2;16,5;16,6;16,9;16,8;17,0;17,1;17,2;16,7;16,5;16,3;16,6;16,4;16,4;16,6;16,7;17,0;17,1;17,0;17,1;17,5;16,9;16,9;16,8;16,3;16,6;16,7;16,7;16,6;16,7;17,4;17,1;17,3;17,4;17,1;17,1;17,1;17,0;17,0;16,7;16,7;16,7;16,8;17,0;17,3;17,4;17,6;17,2;17,0;16,9;16,9;16,9;16,9;16,9;16,6;16,7;16,8;16,9;17,4;17,5;17,2;17,2;17,2;17,1;17,0;17,1;17,1;16,9;16,8;16,8;16,9;17,4;17,5;17,2;17,2;17,1;17,1;17,3;17,2;17,1;17,1;17,1;17,4;17,3;17,2;17,3;17,3;17,2;17,1;17,2;17,4;17,6;17,3;17,4;17,3;17,3;17,4;17,4;17,0;17,3;17,3;17,2;17,3;17,2;17,1;17,2;17,4;17,2;17,2;17,0;17,1;16,8
226;15,6;15,8;15,7;15,5;15,7;15,0;14,9;14,4;15,2;15,3;14,7;15,4;14,1;15,8;15,9;15,9;15,6;15,9;16,0;15,1;15,2;15,1;15,6;15,2;14,9;14,0;16,1;16,2;16,0;16,0;16,0;16,1;16,0;15,3;15,3;15,6;15,5;15,5;15,9;16,4;16,3;16,2;16,0;16,1;15,9;16,2;16,0;16,4;16,5;16,6;16,6;15,5;16,7;16,3;16,4;16,3;16,1;16,3;16,3;16,3;16,4;16,6;16,7;16,7;16,8;16,9;16,7;16,5;16,5;16,4;16,3;16,4;16,5;16,6;16,7;16,7;16,9;16,9;17,1;17,1;16,8;16,6;16,5;16,9;16,7;16,5;16,7;16,9;16,8;17,0;17,0;17,0;17,0;16,9;16,8;16,8;16,6;16,8;16,6;16,4;16,6;16,5;16,4;16,9;17,3;17,4;17,1;16,7;16,8;16,7;16,6;16,6;16,3;16,5;16,6;16,7;16,9;17,3;17,5;17,3;17,0;17,1;17,1;17,0;17,1;17,0;17,1;17,0;17,1;16,9;17,3;17,2;17,4;17,4;17,4;17,4;17,2;17,2;17,1;17,3;17,0;17,2;17,3;17,4;17,3;17,4;17,3;17,6;17,7;17,4;17,5;17,4;17,4;17,0;17,1;16,9;17,5;17,5;17,5;17,7;17,5;17,3;17,3;17,6;17,7;17,3;17,1;17,1;16,9
227;15,7;15,8;15,9;15,7;16,0;14,6;14,6;14,2;14,8;14,7;14,0;14,2;13,5;16,0;16,1;16,0;15,8;16,0;15,9;14,8;15,0;15,0;15,3;14,8;14,2;13,3;16,4;16,4;16,4;16,3;16,2;16,3;16,0;15,1;15,3;15,3;15,3;15,2;15,4;16,9;16,6;16,7;16,6;16,7;16,6;16,5;16,3;16,4;16,5;16,4;16,4;15,1;16,9;17,0;17,1;16,6;16,7;16,6;16,7;16,5;16,4;16,6;16,7;16,5;16,4;17,0;17,1;17,2;16,7;16,6;16,8;16,7;16,7;16,7;16,6;16,6;16,6;16,6;17,4;17,3;17,0;17,0;17,0;17,2;17,0;16,9;16,8;17,1;16,7;16,6;16,5;17,6;17,6;17,4;17,1;17,1;17,1;17,1;16,9;16,7;16,6;16,6;16,5;16,5;17,6;17,6;17,4;17,2;17,1;17,2;17,0;16,8;16,7;16,6;16,6;16,8;16,7;17,7;17,4;17,3;17,2;17,2;17,2;17,1;16,9;16,8;16,8;16,9;16,9;16,6;17,6;17,6;17,5;17,4;17,4;17,4;17,8;17,7;17,0;17,1;16,9;16,7;16,9;17,7;17,5;17,5;17,6;17,5;17,6;17,4;17,6;17,4;17,3;16,8;16,8;16,5;17,8;17,6;17,5;17,5;17,6;17,4;17,5;17,4;17,3;17,2;17,2;17,1;16,8
228;16,2;16,4;16,0;15,9;16,0;14,9;14,7;14,2;14,5;14,6;13,6;13,3;12,3;16,6;16,4;16,4;16,2;16,1;16,2;15,0;15,0;14,8;15,0;14,3;13,4;12,4;17,0;16,7;16,7;16,6;16,5;16,6;16,5;15,5;15,0;15,2;15,1;15,0;15,1;17,2;17,0;16,9;16,9;16,9;16,8;16,9;16,7;16,6;16,6;16,7;16,4;15,1;17,5;17,1;17,1;17,1;17,1;17,2;17,2;16,8;16,8;16,9;16,7;16,7;16,5;17,9;17,7;17,4;17,2;17,2;17,2;17,2;17,1;17,0;16,8;16,9;16,7;16,6;18,2;17,8;17,7;17,6;17,5;17,4;17,3;17,2;16,9;17,0;17,0;16,8;16,7;18,6;17,9;17,9;17,7;17,6;17,5;17,4;17,3;17,0;17,1;16,9;16,8;16,7;18,8;18,1;17,9;17,9;17,9;17,8;17,7;17,4;17,1;17,0;16,9;17,0;16,8;18,6;18,5;18,2;18,0;17,7;17,7;17,7;17,3;17,2;17,1;17,0;17,0;16,7;18,4;18,4;18,4;18,2;18,0;18,0;17,7;17,4;17,3;17,3;17,2;17,1;16,8;18,9;19,0;18,7;18,1;17,9;17,8;17,8;17,4;17,3;17,4;17,2;16,8;16,5;18,9;19,0;18,6;18,6;18,1;17,9;17,7;17,5;17,5;17,3;17,0;16,7;16,5
229;16,7;16,6;16,6;16,4;16,4;15,1;14,8;14,0;14,8;14,7;13,8;13,1;11,9;16,8;17,0;16,9;16,7;16,4;16,3;15,2;15,2;14,8;15,3;14,4;13,3;11,9;17,5;17,5;17,4;17,2;16,9;16,8;16,6;15,3;15,2;15,4;15,2;15,0;15,2;17,7;17,6;17,5;17,4;17,3;17,1;17,0;16,7;16,7;16,8;16,6;16,4;15,1;18,2;17,9;17,8;17,7;17,7;17,3;17,1;17,0;16,9;16,9;16,7;16,8;16,6;18,4;18,1;18,0;18,0;17,7;17,5;17,4;17,3;17,0;17,0;16,9;16,8;16,8;19,1;18,4;18,1;17,9;17,9;17,8;17,7;17,4;17,4;17,4;17,0;16,9;17,1;19,3;19,3;18,1;17,9;18,1;17,9;17,6;17,6;17,4;17,3;17,2;17,0;17,0;19,3;19,3;18,9;18,2;18,1;18,0;18,0;17,7;17,3;17,3;17,4;17,2;16,9;19,4;19,4;19,3;18,8;18,1;18,1;18,1;17,6;17,4;17,4;17,5;17,2;16,9;19,3;19,3;19,3;19,3;18,3;18,4;18,2;17,7;17,6;17,7;17,3;17,0;16,8;19,4;19,3;19,3;19,2;18,7;18,7;18,2;17,7;17,4;17,5;17,4;17,1;16,9;19,6;19,2;19,4;19,3;18,6;18,8;18,2;18,0;17,6;17,5;17,4;17,2;16,9
230;16,8;16,7;16,6;16,4;16,3;15,1;15,0;14,3;14,7;14,7;13,6;13,0;12,0;17,2;17,0;16,9;16,8;16,6;16,4;15,2;15,3;15,1;15,2;14,3;13,0;11,9;17,9;17,3;17,4;17,0;17,0;17,0;16,9;15,6;15,6;15,5;15,3;15,0;14,9;18,2;18,2;17,6;17,6;17,7;17,3;17,2;16,9;16,9;16,8;16,6;16,5;15,0;18,5;18,1;18,0;17,9;17,8;17,6;17,7;17,4;17,1;17,0;16,7;16,7;16,5;18,6;18,6;18,7;18,6;18,2;18,0;17,9;17,6;17,4;17,3;17,1;16,9;16,8;19,2;19,3;19,1;18,9;18,2;18,1;18,0;17,9;17,7;17,6;17,4;17,2;17,1;19,6;19,1;19,1;18,8;18,6;18,2;18,1;18,0;17,8;17,7;17,6;17,4;17,3;19,5;19,0;18,9;18,8;18,8;18,6;18,3;18,3;18,0;17,9;17,9;17,4;17,2;19,3;19,4;19,2;19,0;19,0;19,1;18,9;18,6;18,2;17,8;17,8;17,6;17,2;19,3;19,4;19,2;19,3;19,2;19,2;19,0;18,8;18,4;18,2;17,9;17,6;17,2;19,4;19,2;19,2;19,2;19,4;19,4;19,5;19,0;18,5;18,4;17,9;17,6;17,1;19,6;19,4;19,2;19,3;19,4;19,3;19,4;18,9;18,6;18,0;17,8;17,7;17,2
231;16,8;16,9;16,6;16,3;16,1;14,9;14,9;14,1;14,8;15,0;14,0;13,2;12,2;17,4;17,1;17,0;16,7;16,8;16,7;15,3;15,3;15,1;15,4;14,7;13,8;12,3;17,6;17,8;17,7;16,9;16,9;17,0;16,8;15,7;15,7;15,7;15,7;15,3;15,3;17,8;17,9;17,8;17,9;17,5;17,1;17,2;17,2;17,2;17,1;17,0;16,8;15,4;18,4;18,1;18,2;18,1;18,0;17,8;17,6;17,7;17,3;17,2;17,3;17,0;16,9;18,6;18,7;18,5;18,4;18,1;17,8;17,9;17,8;17,8;17,7;17,5;17,3;17,2;19,2;19,0;19,1;18,7;18,6;18,7;18,4;18,4;18,0;18,0;17,9;17,7;17,8;19,2;19,4;19,2;19,2;19,0;19,0;19,1;18,8;18,4;18,1;18,0;18,1;17,7;19,0;19,7;19,5;19,1;19,3;19,0;19,0;18,9;18,7;18,6;18,2;17,9;17,9;19,4;19,7;19,4;19,4;19,2;19,4;18,9;18,9;18,7;18,8;18,3;18,2;17,9;19,1;19,2;19,5;19,6;19,5;19,5;19,4;19,2;18,9;19,0;19,0;18,7;18,2;19,6;19,4;19,3;19,5;19,4;19,5;19,6;19,4;19,3;19,4;19,3;18,6;18,1;19,8;19,7;19,5;19,6;19,6;19,4;19,4;19,6;19,3;19,3;19,1;18,8;18,3
232;16,5;16,6;16,5;16,6;16,2;14,9;14,8;14,4;14,7;14,6;13,6;13,6;12,5;17,0;16,9;16,9;16,9;16,8;16,7;15,2;15,5;15,3;15,7;15,2;14,2;13,0;17,4;17,5;17,3;17,4;17,1;17,1;16,8;15,8;15,9;15,5;15,6;15,6;15,4;17,7;17,7;17,8;17,6;17,8;17,8;17,5;17,3;17,3;17,2;17,2;16,5;15,4;18,1;18,1;18,1;18,0;18,1;18,0;17,9;17,7;17,5;17,6;17,6;17,6;17,4;18,2;18,2;18,3;18,3;18,2;18,3;18,3;18,1;17,9;18,0;18,0;17,9;17,7;18,5;18,4;18,4;18,7;18,4;18,5;18,6;18,6;18,2;18,5;18,3;18,1;18,0;19,0;18,6;18,6;18,6;18,6;18,9;18,8;18,7;18,7;18,7;18,5;18,2;18,3;18,6;18,7;18,7;18,7;18,7;19,0;19,1;18,9;19,0;18,8;18,5;18,7;18,5;18,6;18,9;19,0;18,9;19,5;19,6;19,5;19,2;18,9;18,8;18,4;18,4;18,7;18,9;19,0;18,8;19,3;19,6;19,4;19,5;19,3;19,2;19,2;19,2;19,1;19,1;19,2;19,7;19,5;19,4;19,5;19,4;19,6;19,7;19,4;19,3;19,1;19,0;19,0;20,0;20,2;19,7;19,8;19,8;19,7;19,8;19,8;19,5;19,3;18,9;18,9;19,0
233;16,6;16,5;16,5;16,5;16,7;15,2;14,9;14,5;14,9;14,9;13,7;13,7;12,6;16,9;16,8;16,7;16,8;16,8;16,8;15,6;15,6;15,3;15,8;15,2;14,8;13,5;17,4;17,4;17,2;17,0;17,0;17,1;17,2;16,2;16,0;16,1;15,9;15,9;15,9;18,0;17,9;17,7;17,7;17,8;17,6;17,8;17,8;17,8;17,5;17,1;17,1;15,8;18,0;18,2;18,0;17,9;17,8;17,9;18,0;18,0;17,9;17,7;17,9;17,5;17,6;18,1;18,1;18,1;17,9;18,0;18,3;18,3;18,3;18,2;18,1;18,1;17,8;17,8;18,6;18,4;18,3;18,5;18,2;18,3;18,3;18,5;18,5;18,4;18,3;18,2;18,0;19,0;18,8;18,7;18,5;18,5;18,5;18,4;18,5;18,8;18,8;18,5;18,4;18,2;19,1;18,8;18,7;18,4;18,6;18,9;18,8;18,6;18,7;19,0;18,8;18,8;18,6;18,9;18,9;18,8;18,7;18,7;19,0;19,3;19,5;19,3;19,1;18,9;18,9;18,7;19,3;18,6;18,6;18,8;18,6;18,7;19,2;19,7;18,9;18,9;19,1;19,0;18,9;19,3;19,3;19,1;19,1;19,1;19,0;18,9;18,9;18,7;18,7;18,9;18,9;18,9;19,7;19,5;19,3;19,4;19,1;19,0;19,0;19,2;18,9;19,0;18,6;19,0;18,9
234;16,5;16,5;16,5;16,6;16,6;15,3;15,1;14,7;15,4;15,1;14,1;14,1;12,8;17,0;16,9;16,8;16,9;17,0;16,9;15,9;15,8;15,6;16,0;15,3;15,1;14,0;17,2;17,3;17,3;17,3;17,2;17,2;17,2;16,0;15,9;16,1;16,2;16,0;16,2;17,8;17,5;17,4;17,5;17,5;17,7;17,6;17,3;17,7;17,7;17,5;17,4;16,4;18,5;18,2;18,1;18,2;18,0;17,9;18,0;17,7;17,7;17,8;17,8;17,7;17,8;18,6;18,3;18,3;18,3;18,3;18,1;17,9;18,1;18,1;18,2;18,1;17,9;18,0;19,0;18,4;18,3;18,4;18,4;18,3;18,2;18,5;18,5;18,5;18,5;18,3;18,2;18,9;19,0;18,9;18,6;18,7;18,7;18,8;18,5;18,5;18,7;18,6;18,8;18,6;19,0;19,1;19,3;19,2;18,7;18,8;18,8;18,7;18,9;19,1;18,9;18,8;19,1;18,8;19,0;18,9;19,1;18,8;18,8;18,8;18,8;19,1;19,2;19,2;19,2;19,1;19,0;19,2;19,1;19,1;19,1;18,8;18,9;18,9;18,8;19,2;19,2;19,0;18,9;19,6;19,5;19,3;19,2;19,1;19,1;18,8;19,1;18,7;18,8;18,9;18,8;18,7;19,5;19,5;19,4;19,3;19,2;19,1;19,1;19,2;18,7;18,7;18,5;18,8;18,6
235;16,6;16,7;16,6;16,4;16,4;15,3;15,2;14,6;15,2;15,1;14,3;14,0;13,3;17,0;17,1;16,8;16,9;16,8;16,8;15,6;15,7;15,6;16,0;15,5;14,8;13,7;17,5;17,3;17,3;17,4;17,4;17,1;16,9;15,9;15,9;16,1;15,8;15,7;15,9;17,6;17,7;17,8;17,6;17,7;17,6;17,5;17,5;17,6;17,2;17,3;17,2;16,0;18,0;18,2;18,1;18,4;18,1;18,1;18,1;18,1;17,7;17,6;17,5;17,5;17,5;17,9;18,5;18,5;18,2;18,2;18,4;18,1;18,1;18,3;18,0;18,0;18,0;17,9;18,6;18,7;18,4;18,4;18,4;18,7;18,5;18,2;18,2;18,4;18,5;18,3;18,1;18,8;18,7;18,8;18,7;18,7;18,6;18,6;18,3;18,3;18,3;18,4;18,4;18,5;18,9;19,0;18,9;18,9;18,8;18,7;18,6;18,4;18,4;18,3;18,8;18,8;18,9;18,9;18,9;18,8;19,1;19,2;19,1;18,9;18,8;18,7;19,2;19,0;19,0;19,0;19,0;19,0;19,0;19,1;19,1;19,2;19,2;18,9;19,2;19,4;19,2;18,9;18,6;19,3;18,8;19,2;19,0;19,1;19,4;19,4;19,3;19,1;19,0;18,8;18,7;18,7;19,5;19,3;18,8;19,0;19,2;19,3;19,4;19,3;18,8;18,8;18,7;18,7;18,6
236;16,3;16,3;16,3;16,1;16,3;15,0;14,9;14,5;15,0;15,0;13,8;13,9;12,8;16,9;17,0;16,7;16,6;16,7;16,5;15,3;15,5;15,4;15,8;15,0;14,5;13,5;17,2;17,3;17,3;17,2;17,1;17,0;16,8;15,8;15,7;15,8;15,8;15,5;15,7;17,5;17,4;17,4;17,4;17,4;17,1;17,1;17,2;17,3;17,4;17,3;17,2;15,7;17,6;17,6;17,5;17,5;17,6;17,9;17,5;17,7;17,8;17,6;17,5;17,4;17,3;17,9;17,8;18,0;18,0;18,2;18,4;18,2;18,1;18,0;17,9;17,8;17,6;17,8;18,1;18,2;17,9;17,9;18,2;18,5;18,5;18,5;18,1;18,1;18,0;18,0;18,1;18,6;18,5;18,3;18,2;18,4;18,5;18,7;18,7;18,6;18,4;18,2;18,2;18,2;19,1;19,0;18,6;18,7;18,8;18,8;18,7;18,7;18,7;18,6;18,6;18,4;18,4;19,0;18,9;18,7;18,8;18,9;18,9;19,0;19,1;19,0;18,9;18,9;18,8;18,6;19,1;19,1;19,0;19,0;19,0;19,0;19,1;19,0;19,2;19,1;19,0;18,9;19,0;19,7;19,4;19,2;19,0;18,9;19,1;19,2;19,0;19,0;19,1;19,1;18,7;18,8;19,7;19,5;19,2;19,0;18,9;19,2;19,1;19,0;18,9;19,0;19,0;19,1;18,7
237;15,8;15,8;15,6;15,6;15,6;14,6;14,7;14,0;14,5;14,3;13,3;13,3;12,4;16,4;16,4;16,5;16,4;16,3;16,3;15,1;15,3;15,1;15,3;14,7;14,0;12,9;16,7;16,7;16,6;16,6;16,8;16,8;16,8;15,6;15,3;15,3;15,3;15,1;15,4;17,1;17,1;17,0;16,8;16,9;16,9;17,1;16,9;16,8;16,9;16,9;16,9;15,7;17,5;17,4;17,4;17,3;17,3;17,4;17,4;17,3;17,2;17,2;17,2;17,4;17,1;17,7;17,8;17,6;17,9;17,8;17,8;18,0;17,9;17,7;17,7;17,5;17,5;17,7;17,8;17,8;17,7;17,8;17,8;17,9;17,9;18,1;18,1;18,2;18,0;18,2;18,0;18,4;18,6;18,7;18,3;17,9;18,1;18,2;18,4;18,3;18,5;18,6;18,4;18,4;18,5;18,6;18,8;18,7;18,3;18,2;18,3;18,5;18,5;18,4;18,3;18,6;18,4;18,9;18,7;18,9;18,7;18,7;18,7;18,6;18,7;18,8;18,8;18,6;18,6;18,7;19,3;19,4;19,1;19,2;19,1;19,1;18,7;18,8;18,8;19,0;18,9;18,7;18,8;19,6;19,7;19,8;19,2;19,1;19,3;19,2;19,0;19,2;19,3;19,0;19,1;19,0;20,0;19,9;19,8;19,7;19,4;19,1;19,4;19,4;19,4;19,3;19,3;19,2;19,0
238;15,6;15,6;15,5;15,3;15,4;14,4;14,3;13,5;14,0;14,0;13,2;13,0;12,0;16,2;16,1;15,9;15,8;15,8;15,8;14,5;14,9;14,5;14,9;14,4;13,7;12,8;16,5;16,6;16,4;16,3;16,1;16,1;16,1;15,0;15,2;15,1;15,1;15,0;15,3;16,6;16,7;16,7;16,6;16,4;16,6;16,6;16,6;16,7;16,6;16,6;16,4;15,2;16,9;16,9;16,8;16,9;17,0;17,0;17,1;17,1;17,3;17,0;16,9;16,9;16,9;17,2;17,1;17,1;17,2;17,0;17,2;17,4;17,4;17,5;17,4;17,2;17,3;17,6;17,9;17,4;17,4;17,4;17,5;17,7;17,5;17,6;17,6;17,7;17,8;17,8;17,9;18,3;18,1;17,9;17,8;17,7;17,8;17,7;17,8;17,8;18,0;17,9;17,9;18,1;18,4;18,4;18,1;18,0;17,8;18,1;18,1;18,0;18,0;18,1;18,0;18,0;18,1;18,6;18,8;18,6;18,7;18,8;18,7;18,7;18,5;18,6;18,9;18,7;18,4;18,3;19,0;19,0;19,2;19,1;19,1;19,2;19,0;19,1;18,9;19,0;18,9;18,8;18,5;19,5;19,5;19,4;19,3;19,1;19,2;19,3;19,3;19,1;19,4;19,3;19,5;18,7;19,5;19,6;19,4;19,7;19,7;19,6;19,6;19,5;19,4;19,5;19,4;19,4;19,2
239;15,0;14,9;15,1;15,1;15,1;13,9;14,0;13,4;14,1;14,0;13,2;13,0;12,0;15,5;15,7;15,7;15,7;15,7;15,8;14,6;14,5;14,4;14,7;14,2;13,4;12,4;16,0;16,2;16,0;16,1;16,3;16,3;16,2;15,1;15,0;14,8;15,1;15,1;15,2;16,4;16,6;16,6;16,6;16,6;16,4;16,4;16,5;16,4;16,4;16,5;16,3;15,2;16,8;16,9;16,7;16,7;16,8;16,9;16,7;16,6;16,7;16,8;17,0;16,9;16,8;16,8;17,0;16,8;16,9;17,0;17,0;17,2;17,2;17,3;17,7;17,5;17,4;17,3;17,1;17,3;17,2;17,2;17,5;17,5;17,5;17,6;17,7;17,9;18,1;18,0;17,9;17,7;17,9;17,6;17,8;17,8;17,8;17,8;17,6;17,7;18,1;18,2;18,3;18,3;18,3;18,3;18,1;18,1;18,0;18,1;17,8;17,9;17,9;18,2;18,4;18,2;18,5;18,5;18,5;18,4;18,3;18,3;18,4;18,4;18,3;18,4;18,3;18,5;18,5;18,7;18,7;18,6;18,8;19,0;18,9;18,9;18,6;18,5;18,6;18,8;18,9;18,8;18,7;19,3;19,3;19,1;19,1;19,3;19,0;18,9;18,8;18,9;18,9;19,1;19,1;18,9;19,2;19,3;19,2;19,2;19,4;19,2;19,3;19,4;19,6;19,4;19,4;19,1;18,9
240;14,7;14,9;14,8;14,7;14,9;13,9;13,8;13,3;13,9;13,9;12,9;12,7;11,6;15,2;15,1;15,1;15,3;15,3;15,4;14,7;14,8;14,6;14,8;14,3;13,4;12,2;15,7;15,6;15,9;15,9;16,0;16,1;16,1;15,1;15,1;15,0;14,9;15,0;15,1;16,0;16,1;16,2;16,1;16,4;16,4;16,5;16,5;16,5;16,4;16,4;16,2;15,1;16,2;16,2;16,4;16,3;16,6;16,7;16,6;16,5;16,5;16,7;16,6;16,6;16,7;16,4;16,4;16,4;16,4;16,7;16,8;16,9;16,9;16,9;16,9;16,9;17,0;17,0;17,0;16,7;16,6;16,7;16,9;17,0;17,1;17,3;17,3;17,2;17,3;17,4;17,4;17,2;17,1;17,1;17,2;17,3;17,5;17,5;17,4;17,5;17,4;17,5;17,6;17,9;17,5;17,4;17,5;17,4;17,7;17,9;17,9;17,9;17,8;17,9;17,7;17,9;18,1;17,8;17,8;17,8;17,8;18,0;18,0;18,1;18,1;18,2;18,2;18,2;18,0;17,8;18,6;18,3;18,2;18,2;18,3;18,3;18,4;18,6;18,3;18,3;18,2;18,1;18,2;18,7;18,7;18,8;18,6;18,5;18,6;18,8;18,7;18,8;18,6;18,6;18,2;18,2;18,8;19,0;19,0;19,0;19,1;18,8;18,7;18,7;18,6;18,7;18,5;18,4;18,0
