!DATEITYP;WINDRICHTUNG_10m*;;;;;;;;;;;;;;;;;;;;;;;;;;;;;;;;;;;;;;;;;;;;;;;;;;;;;;;;;;;;;;;;;;;;;;;;;;;;;;;;;;;;;;;;;;;;;;;;;;;;;;;;;;;;;;;;;;;;;;;;;;;;;;;;;;;;;;;;;;;;;;;;;;;;;;;;;;;;;;;;;;;;;;;;;;;;;;;;;;;;;;;;;;;;;;;;;;;;;;;;;;;;;;;;;;;;;;;;;;;;;;;;;;;;;;;;;;;;;;;;;;;;;;;;;;;;;;;;;;;;;;;;;;;;;;;;;;;;;;;;;;;;;;;;;;;;;;;;;;;;;;;;;;;;;;;;;;;;;;;;;;;;
!!DATUM_ERSTELLUNG;20261005;;;;;;;;;;;;;;;;;;;;;;;;;;;;;;;;;;;;;;;;;;;;;;;;;;;;;;;;;;;;;;;;;;;;;;;;;;;;;;;;;;;;;;;;;;;;;;;;;;;;;;;;;;;;;;;;;;;;;;;;;;;;;;;;;;;;;;;;;;;;;;;;;;;;;;;;;;;;;;;;;;;;;;;;;;;;;;;;;;;;;;;;;;;;;;;;;;;;;;;;;;;;;;;;;;;;;;;;;;;;;;;;;;;;;;;;;;;;;;;;;;;;;;;;;;;;;;;;;;;;;;;;;;;;;;;;;;;;;;;;;;;;;;;;;;;;;;;;;;;;;;;;;;;;;;;;;;;;;;;;;;;;
!!VERSION_SCHNITTSTELLE;14;;;;;;;;;;;;;;;;;;;;;;;;;;;;;;;;;;;;;;;;;;;;;;;;;;;;;;;;;;;;;;;;;;;;;;;;;;;;;;;;;;;;;;;;;;;;;;;;;;;;;;;;;;;;;;;;;;;;;;;;;;;;;;;;;;;;;;;;;;;;;;;;;;;;;;;;;;;;;;;;;;;;;;;;;;;;;;;;;;;;;;;;;;;;;;;;;;;;;;;;;;;;;;;;;;;;;;;;;;;;;;;;;;;;;;;;;;;;;;;;;;;;;;;;;;;;;;;;;;;;;;;;;;;;;;;;;;;;;;;;;;;;;;;;;;;;;;;;;;;;;;;;;;;;;;;;;;;;;;;;;;;;
!LAND;DE;DE;DE;DE;DE;DE;DE;DE;DE;DE;DE;DE;DE;DE;DE;DE;DE;DE;DE;DE;DE;DE;DE;DE;DE;DE;DE;DE;DE;DE;DE;DE;DE;DE;DE;DE;DE;DE;DE;DE;DE;DE;DE;DE;DE;DE;DE;DE;DE;DE;DE;DE;DE;DE;DE;DE;DE;DE;DE;DE;DE;DE;DE;DE;DE;DE;DE;DE;DE;DE;DE;DE;DE;DE;DE;DE;DE;DE;DE;DE;DE;DE;DE;DE;DE;DE;DE;DE;DE;DE;DE;DE;DE;DE;DE;DE;DE;DE;DE;DE;DE;DE;DE;DE;DE;DE;DE;DE;DE;DE;DE;DE;DE;DE;DE;DE;DE;DE;DE;DE;DE;DE;DE;DE;DE;DE;DE;DE;DE;DE;DE;DE;DE;DE;DE;DE;DE;DE;DE;DE;DE;DE;DE;DE;DE;DE;DE;DE;DE;DE;DE;DE;DE;DE;DE;DE;DE;DE;DE;DE;DE;DE;DE;DE;DE;DE;DE;DE;DE
!MESSHOEHE_M;10;10;10;10;10;10;10;10;10;10;10;10;10;10;10;10;10;10;10;10;10;10;10;10;10;10;10;10;10;10;10;10;10;10;10;10;10;10;10;10;10;10;10;10;10;10;10;10;10;10;10;10;10;10;10;10;10;10;10;10;10;10;10;10;10;10;10;10;10;10;10;10;10;10;10;10;10;10;10;10;10;10;10;10;10;10;10;10;10;10;10;10;10;10;10;10;10;10;10;10;10;10;10;10;10;10;10;10;10;10;10;10;10;10;10;10;10;10;10;10;10;10;10;10;10;10;10;10;10;10;10;10;10;10;10;10;10;10;10;10;10;10;10;10;10;10;10;10;10;10;10;10;10;10;10;10;10;10;10;10;10;10;10;10;10;10;10;10;10
!BREITENGRAD_DEG_N;53,00;53,00;53,00;53,00;53,00;53,00;53,00;53,00;53,00;53,00;53,00;53,00;53,00;53,25;53,25;53,25;53,25;53,25;53,25;53,25;53,25;53,25;53,25;53,25;53,25;53,25;53,50;53,50;53,50;53,50;53,50;53,50;53,50;53,50;53,50;53,50;53,50;53,50;53,50;53,75;53,75;53,75;53,75;53,75;53,75;53,75;53,75;53,75;53,75;53,75;53,75;53,75;54,00;54,00;54,00;54,00;54,00;54,00;54,00;54,00;54,00;54,00;54,00;54,00;54,00;54,25;54,25;54,25;54,25;54,25;54,25;54,25;54,25;54,25;54,25;54,25;54,25;54,25;54,50;54,50;54,50;54,50;54,50;54,50;54,50;54,50;54,50;54,50;54,50;54,50;54,50;54,75;54,75;54,75;54,75;54,75;54,75;54,75;54,75;54,75;54,75;54,75;54,75;54,75;55,00;55,00;55,00;55,00;55,00;55,00;55,00;55,00;55,00;55,00;55,00;55,00;55,00;55,25;55,25;55,25;55,25;55,25;55,25;55,25;55,25;55,25;55,25;55,25;55,25;55,25;55,50;55,50;55,50;55,50;55,50;55,50;55,50;55,50;55,50;55,50;55,50;55,50;55,50;55,75;55,75;55,75;55,75;55,75;55,75;55,75;55,75;55,75;55,75;55,75;55,75;55,75;56,00;56,00;56,00;56,00;56,00;56,00;56,00;56,00;56,00;56,00;56,00;56,00;56,00
!LAENGENGRAD_DEG_E;3,00;3,25;3,50;3,75;4,00;4,25;4,50;4,75;5,00;5,25;5,50;5,75;6,00;3,00;3,25;3,50;3,75;4,00;4,25;4,50;4,75;5,00;5,25;5,50;5,75;6,00;3,00;3,25;3,50;3,75;4,00;4,25;4,50;4,75;5,00;5,25;5,50;5,75;6,00;3,00;3,25;3,50;3,75;4,00;4,25;4,50;4,75;5,00;5,25;5,50;5,75;6,00;3,00;3,25;3,50;3,75;4,00;4,25;4,50;4,75;5,00;5,25;5,50;5,75;6,00;3,00;3,25;3,50;3,75;4,00;4,25;4,50;4,75;5,00;5,25;5,50;5,75;6,00;3,00;3,25;3,50;3,75;4,00;4,25;4,50;4,75;5,00;5,25;5,50;5,75;6,00;3,00;3,25;3,50;3,75;4,00;4,25;4,50;4,75;5,00;5,25;5,50;5,75;6,00;3,00;3,25;3,50;3,75;4,00;4,25;4,50;4,75;5,00;5,25;5,50;5,75;6,00;3,00;3,25;3,50;3,75;4,00;4,25;4,50;4,75;5,00;5,25;5,50;5,75;6,00;3,00;3,25;3,50;3,75;4,00;4,25;4,50;4,75;5,00;5,25;5,50;5,75;6,00;3,00;3,25;3,50;3,75;4,00;4,25;4,50;4,75;5,00;5,25;5,50;5,75;6,00;3,00;3,25;3,50;3,75;4,00;4,25;4,50;4,75;5,00;5,25;5,50;5,75;6,00
NNF_ID;1;2;3;4;5;6;7;8;9;10;11;12;13;26;27;28;29;30;31;32;33;34;35;36;37;38;51;52;53;54;55;56;57;58;59;60;61;62;63;76;77;78;79;80;81;82;83;84;85;86;87;88;101;102;103;104;105;106;107;108;109;110;111;112;113;126;127;128;129;130;131;132;133;134;135;136;137;138;151;152;153;154;155;156;157;158;159;160;161;162;163;176;177;178;179;180;181;182;183;184;185;186;187;188;201;202;203;204;205;206;207;208;209;210;211;212;213;226;227;228;229;230;231;232;233;234;235;236;237;238;251;252;253;254;255;256;257;258;259;260;261;262;263;276;277;278;279;280;281;282;283;284;285;286;287;288;301;302;303;304;305;306;307;308;309;310;311;312;313
1;212,7;242,4;262,1;273,5;274,3;275,1;275,8;276,5;277,2;281,6;285,9;290,2;294,3;71,0;37,6;359,6;337,8;331,2;324,5;318,1;311,9;306,1;307,4;308,5;309,4;310,3;56,5;39,9;20,5;2,4;354,3;346,4;338,9;332,1;326,0;323,8;322,1;320,6;319,3;49,9;40,8;30,3;19,0;9,8;0,8;352,3;344,7;338,0;333,7;330,1;327,0;324,4;46,2;41,2;35,6;29,3;19,6;10,0;0,9;352,7;345,5;339,9;335,2;331,2;327,7;40,3;36,9;33,1;28,9;19,1;9,5;0,5;352,6;345,8;340,2;335,5;331,4;327,9;23,0;17,9;12,6;7,0;358,6;351,0;344,4;338,7;333,9;330,4;327,3;324,7;322,4;6,3;0,7;355,1;349,6;343,4;337,9;333,2;329,1;325,5;323,4;321,5;319,8;318,3;352,6;347,3;342,3;337,6;333,0;329,0;325,5;322,4;319,6;318,3;317,2;316,1;315,2;341,2;336,8;332,6;328,9;325,5;322,4;319,7;317,3;315,1;314,3;313,6;312,9;312,3;331,4;327,9;324,7;321,7;319,2;317,0;314,9;313,1;311,5;310,9;310,4;309,9;309,5;323,8;321,0;318,5;316,1;314,3;312,6;311,1;309,8;308,6;308,1;307,7;307,4;307,0;317,9;315,7;313,6;311,7;310,4;309,2;308,1;307,1;306,1;305,8;305,5;305,2;305,0
2;203,1;215,5;228,2;240,2;243,1;246,2;249,6;253,2;257,1;265,5;274,8;284,4;293,8;127,5;131,0;154,6;288,9;288,2;287,8;287,4;287,2;287,0;298,3;306,6;312,8;317,5;87,9;77,3;58,0;26,7;11,2;357,0;345,2;336,1;329,1;327,8;327,0;326,3;325,9;68,3;61,3;52,2;40,6;29,8;18,3;7,2;357,1;348,4;341,7;336,7;333,0;330,1;58,9;55,0;50,4;44,8;35,6;25,7;15,7;6,0;357,3;348,8;342,1;336,8;332,6;51,3;48,3;44,9;41,0;32,0;22,5;13,0;4,1;355,9;347,9;341,3;336,0;331,6;35,3;30,0;24,1;17,6;8,4;359,6;351,7;344,8;338,8;334,1;330,2;327,1;324,4;18,4;11,6;4,5;357,5;349,9;343,1;337,1;332,0;327,6;325,0;322,8;320,9;319,3;3,1;356,1;349,5;343,4;337,4;332,2;327,6;323,7;320,3;318,8;317,6;316,4;315,5;349,0;343,1;337,7;332,8;328,3;324,4;320,9;317,9;315,2;314,3;313,6;312,9;312,3;336,2;331,7;327,6;323,9;320,7;317,9;315,5;313,3;311,4;310,8;310,3;309,8;309,4;326,5;323,1;320,0;317,2;315,0;313,0;311,3;309,7;308,4;308,0;307,6;307,3;306,9;319,3;316,7;314,3;312,0;310,5;309,2;308,0;306,9;305,9;305,6;305,4;305,1;304,9
3;199,9;205,5;211,6;218,0;219,8;222,0;224,6;227,8;231,8;241,4;254,9;272,8;292,8;157,4;163,9;173,4;187,1;190,4;194,7;200,4;208,1;218,6;254,4;299,3;322,2;332,6;121,1;122,1;123,7;126,7;122,4;113,7;90,8;31,5;352,4;341,8;338,9;337,5;336,7;89,5;86,9;83,2;78,0;68,9;57,4;43,8;29,2;15,4;359,0;349,0;342,6;338,3;72,4;70,2;67,4;64,0;56,8;48,4;39,1;29,0;18,9;4,3;353,2;345,2;339,2;62,2;60,1;57,5;54,4;47,3;39,3;30,6;21,5;12,4;359,9;350,1;342,5;336,7;48,9;43,9;38,1;31,3;21,9;12,2;2,8;354,2;346,5;339,6;334,4;330,3;327,0;33,2;25,6;17,2;8,5;359,1;350,5;342,8;336,2;330,5;327,2;324,5;322,3;320,5;17,3;8,4;359,6;351,4;343,5;336,6;330,6;325,5;321,1;319,4;318,0;316,8;315,8;0,2;352,1;344,7;338,2;332,1;326,9;322,4;318,6;315,3;314,4;313,6;312,8;312,2;343,0;336,9;331,5;326,8;322,7;319,2;316,2;313,5;311,2;310,7;310,1;309,7;309,3;330,2;325,8;322,0;318,5;315,9;313,5;311,5;309,7;308,1;307,8;307,4;307,1;306,8;321,2;318,0;315,1;312,5;310,8;309,3;307,9;306,8;305,7;305,5;305,2;305,0;304,8
4;198,4;200,7;203,1;205,8;206,2;206,7;207,3;208,2;209,4;214,3;223,6;244,3;289,6;168,7;171,5;174,7;178,3;177,9;177,3;176,5;175,4;173,9;170,2;153,9;27,5;9,3;141,6;144,1;147,2;151,1;149,2;146,7;143,2;137,9;129,5;87,4;24,2;3,2;355,5;108,5;109,2;110,0;111,1;106,6;100,8;93,4;84,0;72,2;39,8;14,4;359,5;351,0;85,2;84,7;84,0;83,3;78,8;73,6;67,5;60,3;52,3;30,6;11,8;358,1;348,7;72,5;71,2;69,7;67,9;63,4;58,1;52,0;45,0;37,3;19,0;3,6;351,9;343,5;62,1;58,2;53,3;47,3;39,2;30,0;20,0;9,7;359,8;348,5;340,5;334,7;330,5;49,3;41,9;33,2;23,2;12,6;1,8;351,7;342,7;335,0;330,3;326,8;324,1;321,9;34,8;24,5;13,6;2,7;352,4;343,0;334,8;328,0;322,3;320,2;318,6;317,3;316,1;15,8;5,0;354,8;345,8;337,5;330,4;324,5;319,6;315,4;314,4;313,5;312,8;312,1;353,0;344,5;337,1;330,9;325,4;320,9;317,0;313,8;311,1;310,5;310,0;309,5;309,1;335,5;329,7;324,6;320,3;317,0;314,1;311,7;309,7;307,9;307,5;307,2;306,9;306,7;323,7;319,7;316,1;313,0;311,0;309,3;307,8;306,6;305,4;305,2;305,0;304,9;304,7
5;205,6;207,1;208,6;210,2;209,4;208,4;207,2;205,6;203,6;203,1;202,1;200,3;195,6;185,0;187,1;189,3;191,8;189,9;187,7;185,0;181,6;177,5;172,6;164,2;147,0;111,1;159,8;162,4;165,4;168,7;166,7;164,3;161,4;157,8;153,4;144,8;126,8;88,2;46,4;125,6;127,3;129,2;131,5;129,4;127,0;124,1;120,6;116,3;99,6;72,4;41,8;20,5;99,6;99,9;100,1;100,5;98,6;96,4;93,8;90,7;86,8;70,0;48,6;27,6;11,3;86,6;86,1;85,6;85,0;82,7;80,0;76,6;72,6;67,5;50,2;31,1;13,7;0,3;80,4;78,6;76,3;73,3;67,7;60,4;51,1;39,6;26,0;7,5;353,9;344,4;337,7;72,6;68,4;63,0;55,7;44,1;30,0;14,6;360,0;347,6;338,9;332,7;328,2;324,9;62,6;55,0;45,1;32,4;16,0;0,3;347,2;337,1;329,5;325,3;322,0;319,4;317,3;45,9;33,7;19,2;3,7;349,6;338,6;330,5;324,4;319,8;317,4;315,4;313,8;312,5;16,6;1,9;348,2;336,7;329,0;323,2;318,9;315,5;312,8;311,6;310,6;309,7;309,0;348,1;337,0;328,0;320,9;317,0;314,0;311,6;309,6;307,9;307,4;307,0;306,6;306,2;329,6;322,4;316,6;311,9;309,8;308,1;306,7;305,5;304,5;304,4;304,3;304,2;304,1
6;210,5;211,3;212,2;213,1;211,4;209,4;207,0;204,1;200,4;197,2;192,6;185,6;173,8;196,2;197,3;198,5;199,7;196,8;193,4;189,4;184,6;179,0;173,4;165,6;154,5;139,2;173,0;174,8;176,8;178,9;176,1;172,9;169,2;165,1;160,5;154,3;145,4;132,6;114,8;139,4;141,1;142,9;145,0;143,5;141,8;139,9;137,8;135,6;128,1;117,5;102,7;83,7;111,7;112,2;112,8;113,5;113,2;112,8;112,4;111,9;111,4;103,1;91,8;76,9;59,5;98,3;98,2;98,1;98,0;97,5;96,9;96,1;95,2;94,1;84,4;71,5;55,2;37,6;95,2;94,8;94,2;93,6;91,0;87,5;82,9;76,6;67,5;48,1;26,5;7,9;354,5;91,5;90,4;89,0;87,2;80,5;70,8;56,8;38,0;16,9;358,6;345,5;336,6;330,4;86,9;84,7;81,7;77,3;62,6;41,7;17,9;357,9;344,1;334,8;328,0;323,0;319,2;78,6;73,7;66,1;53,5;26,1;1,0;344,3;334,1;327,5;322,4;318,5;315,4;313,0;59,1;44,8;22,7;355,7;338,4;328,5;322,4;318,4;315,5;313,3;311,5;310,0;308,7;21,5;357,7;336,8;322,1;317,1;313,7;311,3;309,5;308,1;307,3;306,7;306,1;305,6;344,4;328,6;317,6;309,9;307,8;306,3;305,0;304,0;303,1;303,2;303,2;303,3;303,3
7;214,0;214,3;214,7;215,1;212,8;210,2;207,0;203,1;198,2;193,7;187,6;179,3;167,8;203,9;204,2;204,5;204,8;201,2;197,0;192,0;186,4;179,9;173,7;166,1;156,7;145,6;182,0;183,1;184,1;185,2;181,7;177,7;173,4;168,8;163,8;157,8;150,4;141,5;131,1;149,6;150,9;152,2;153,7;152,0;150,2;148,3;146,3;144,2;138,6;131,8;123,6;114,1;121,2;121,7;122,2;122,7;123,1;123,5;123,9;124,4;124,9;119,8;113,6;106,1;97,2;107,3;107,3;107,3;107,3;107,8;108,4;109,0;109,8;110,7;105,6;99,2;91,2;81,3;106,0;106,2;106,4;106,7;105,6;104,3;102,6;100,3;97,2;89,0;77,1;60,7;40,4;104,4;104,8;105,4;106,0;102,6;98,0;91,3;81,1;65,4;45,7;21,4;359,7;344,4;102,7;103,2;104,0;105,0;98,2;87,4;69,8;43,8;16,6;356,6;341,1;330,3;322,7;99,6;100,0;100,6;101,6;88,7;64,1;27,5;359,0;343,8;332,3;324,1;318,2;313,8;92,6;91,3;88,7;82,6;34,0;349,3;332,3;324,8;320,7;316,2;312,9;310,4;308,4;77,1;64,1;26,4;327,9;317,3;313,0;310,7;309,3;308,3;307,1;306,2;305,4;304,8;35,6;352,2;320,4;305,6;304,0;302,9;302,1;301,6;301,1;301,5;301,8;302,0;302,3
8;215,1;215,9;216,6;217,4;215,7;213,8;211,5;208,8;205,7;201,5;196,2;189,4;180,8;208,5;209,3;210,2;211,1;208,4;205,3;201,8;197,8;193,3;187,6;180,9;173,0;163,9;189,6;191,0;192,5;194,0;191,3;188,3;185,1;181,7;178,0;172,8;166,8;159,8;151,9;162,7;164,3;166,0;167,9;166,3;164,7;163,0;161,2;159,4;155,1;150,2;144,5;138,0;136,4;137,4;138,5;139,7;139,9;140,1;140,3;140,6;140,8;137,4;133,5;128,9;123,5;121,4;122,0;122,6;123,3;124,0;124,9;125,8;126,8;128,0;125,2;121,8;117,7;112,5;118,7;119,5;120,4;121,5;121,7;122,0;122,4;122,8;123,3;121,0;117,9;113,5;106,9;115,9;116,9;118,1;119,4;119,0;118,3;117,5;116,4;114,9;112,3;107,9;99,1;75,8;113,0;114,2;115,5;117,2;115,6;113,4;110,2;105,2;96,3;86,5;59,4;357,7;324,6;111,5;112,9;114,7;117,0;114,8;111,5;105,5;92,7;57,4;1,8;326,9;313,9;307,9;111,6;113,8;116,7;121,1;120,5;119,0;112,9;320,1;307,6;304,2;302,6;301,8;301,2;111,8;115,3;121,4;134,0;150,5;234,8;278,1;287,2;290,8;293,7;295,7;297,1;298,1;112,2;119,7;143,2;220,4;261,6;275,1;281,1;284,3;286,4;289,8;292,5;294,6;296,3
9;216,0;217,1;218,1;219,2;217,8;216,3;214,6;212,6;210,4;206,2;201,1;194,9;187,4;211,9;213,1;214,4;215,6;213,4;210,9;208,2;205,1;201,8;196,2;189,6;182,2;173,9;194,7;196,3;198,0;199,7;197,5;195,1;192,5;189,8;186,9;181,8;176,1;169,8;163,0;171,5;173,3;175,1;176,9;175,4;173,9;172,3;170,6;168,9;165,0;160,6;155,8;150,6;148,1;149,3;150,6;151,9;151,7;151,5;151,3;151,1;150,9;148,2;145,1;141,7;137,9;133,1;133,9;134,7;135,6;136,1;136,7;137,3;137,9;138,6;136,7;134,5;132,0;129,0;128,6;129,6;130,7;131,9;132,5;133,2;133,9;134,8;135,7;134,8;133,6;132,1;130,2;124,2;125,3;126,6;128,0;128,5;129,2;129,9;130,7;131,8;131,9;132,1;132,3;132,7;119,9;121,1;122,4;124,0;124,2;124,5;124,9;125,3;125,9;127,3;129,4;132,9;139,6;118,6;120,0;121,7;123,7;124,1;124,6;125,4;126,4;128,1;131,8;139,2;159,4;223,2;120,9;123,0;125,6;128,9;130,9;133,9;138,4;146,2;161,7;187,1;230,1;261,6;276,4;124,0;127,3;131,7;137,5;143,3;152,7;169,1;196,5;228,3;250,7;266,4;276,6;283,4;128,5;134,0;141,7;152,9;167,6;190,4;218,1;240,4;254,6;265,8;274,4;280,9;286,0
10;216,7;218,0;219,3;220,6;219,5;218,2;216,8;215,3;213,6;209,3;204,2;198,2;191,2;214,5;216,0;217,4;218,9;217,0;214,9;212,6;210,1;207,5;201,7;195,2;187,9;180,0;198,3;200,1;201,9;203,7;201,7;199,6;197,4;195,1;192,7;187,6;181,9;175,8;169,4;177,7;179,4;181,1;182,9;181,5;179,9;178,4;176,8;175,1;171,2;167,0;162,5;157,7;156,8;157,9;159,1;160,4;159,9;159,3;158,7;158,1;157,5;155,0;152,2;149,2;145,9;142,2;142,9;143,7;144,6;144,7;144,9;145,0;145,2;145,4;143,8;141,9;139,9;137,7;136,1;137,1;138,1;139,2;139,8;140,4;141,0;141,7;142,4;141,6;140,7;139,6;138,4;130,2;131,3;132,5;133,7;134,5;135,4;136,4;137,6;138,8;138,9;139,1;139,3;139,5;124,7;125,7;126,9;128,2;129,2;130,2;131,4;132,8;134,5;135,6;137,0;138,7;141,0;123,1;124,4;125,7;127,3;128,5;130,0;131,8;134,0;136,7;138,8;141,5;145,4;151,1;126,0;127,8;129,8;132,1;134,4;137,2;140,9;145,8;152,3;156,9;163,8;174,4;191,6;129,6;132,0;134,9;138,3;142,4;147,8;155,1;165,2;178,9;189,6;204,8;224,0;243,9;134,0;137,4;141,5;146,5;153,5;163,1;176,1;192,8;211,2;224,9;239,7;253,7;265,7
11;214,7;215,9;217,1;218,3;217,9;217,4;216,9;216,4;215,7;213,0;209,7;205,9;201,4;213,2;214,6;216,0;217,4;216,5;215,6;214,6;213,5;212,4;208,6;204,2;199,2;193,5;201,8;203,3;204,8;206,4;205,4;204,3;203,1;201,9;200,5;196,8;192,6;187,8;182,5;187,7;189,2;190,7;192,3;191,2;190,2;189,0;187,8;186,5;183,1;179,4;175,3;170,8;172,0;173,2;174,5;175,9;175,1;174,2;173,3;172,4;171,5;168,8;165,8;162,5;159,0;158,2;159,2;160,2;161,3;161,0;160,6;160,3;159,9;159,5;157,6;155,4;153,0;150,4;149,6;150,6;151,7;152,9;153,2;153,4;153,7;153,9;154,2;153,1;151,9;150,6;149,1;141,4;142,4;143,5;144,7;145,3;146,0;146,7;147,5;148,4;148,2;148,0;147,8;147,5;134,0;134,9;135,9;136,9;137,7;138,7;139,7;140,8;142,1;142,8;143,6;144,5;145,6;130,8;131,7;132,8;134,0;135,1;136,4;137,9;139,6;141,6;143,0;144,7;146,7;149,2;131,5;132,8;134,3;136,0;137,9;140,1;142,7;145,7;149,5;151,9;155,0;158,9;164,2;132,2;134,0;136,1;138,4;141,2;144,6;148,7;153,9;160,3;164,7;170,6;178,4;189,0;133,1;135,4;138,1;141,2;145,2;150,3;156,7;164,8;175,0;182,6;192,4;204,8;219,4
12;213,0;214,2;215,3;216,5;216,6;216,8;217,0;217,2;217,4;215,8;214,0;211,9;209,4;212,2;213,6;214,9;216,2;216,2;216,2;216,2;216,1;216,1;213,9;211,3;208,2;204,7;204,2;205,5;206,9;208,3;207,9;207,6;207,2;206,8;206,3;203,7;200,8;197,4;193,5;194,6;195,9;197,2;198,6;197,9;197,3;196,6;195,8;195,0;192,1;189,0;185,4;181,4;183,7;184,9;186,0;187,3;186,4;185,6;184,6;183,7;182,6;179,8;176,7;173,3;169,6;172,3;173,3;174,4;175,4;174,7;174,0;173,2;172,4;171,5;169,1;166,4;163,5;160,4;161,6;162,5;163,5;164,6;164,4;164,3;164,1;163,9;163,7;162,1;160,4;158,6;156,6;151,3;152,1;152,9;153,8;154,1;154,4;154,8;155,1;155,5;154,8;154,1;153,3;152,5;141,9;142,5;143,1;143,8;144,4;145,0;145,7;146,4;147,2;147,4;147,6;147,8;148,0;136,9;137,5;138,2;138,9;139,8;140,8;141,9;143,1;144,5;145,3;146,2;147,3;148,5;135,5;136,5;137,5;138,7;140,1;141,8;143,6;145,7;148,1;149,7;151,6;153,8;156,6;134,0;135,4;136,8;138,4;140,5;142,9;145,6;148,8;152,6;155,3;158,6;162,6;167,7;132,5;134,2;136,1;138,2;140,9;144,1;148,0;152,5;158,0;162,3;167,6;174,3;182,5
13;211,7;212,8;213,9;215,0;215,6;216,3;217,0;217,9;218,8;218,1;217,4;216,6;215,6;211,5;212,8;214,0;215,3;215,9;216,6;217,4;218,2;219,1;218,0;216,7;215,3;213,6;205,9;207,2;208,4;209,6;209,8;210,0;210,2;210,5;210,7;209,0;207,0;204,7;202,1;199,6;200,7;201,8;203,0;202,7;202,4;202,1;201,7;201,3;198,9;196,2;193,2;189,8;192,4;193,4;194,4;195,4;194,7;193,9;193,0;192,1;191,1;188,2;185,1;181,6;177,7;183,6;184,5;185,4;186,3;185,3;184,3;183,3;182,2;181,0;178,1;175,0;171,6;168,0;171,5;172,3;173,1;173,9;173,4;172,9;172,3;171,7;171,1;169,1;166,9;164,5;162,0;159,5;160,0;160,6;161,1;161,1;161,0;161,0;160,9;160,8;159,7;158,5;157,2;155,8;148,6;148,8;149,0;149,2;149,5;149,8;150,1;150,5;150,8;150,5;150,2;149,8;149,4;141,9;142,1;142,4;142,6;143,3;144,0;144,7;145,5;146,3;146,7;147,1;147,6;148,1;138,6;139,2;139,9;140,6;141,7;142,9;144,3;145,7;147,3;148,5;149,8;151,4;153,1;135,4;136,3;137,3;138,5;140,0;141,8;143,8;146,0;148,4;150,6;153,0;155,9;159,2;132,1;133,4;134,7;136,3;138,3;140,6;143,3;146,3;149,7;152,9;156,8;161,3;166,6
14;210,6;211,7;212,8;213,9;214,5;215,2;216,0;216,8;217,6;217,5;217,3;217,1;216,9;210,5;211,8;213,1;214,4;215,1;215,8;216,6;217,5;218,4;218,0;217,6;217,1;216,6;206,9;208,2;209,5;210,9;211,3;211,7;212,2;212,7;213,2;212,3;211,2;209,9;208,5;202,7;204,1;205,5;206,9;207,0;207,1;207,2;207,3;207,4;205,9;204,1;202,0;199,7;198,2;199,5;201,0;202,4;202,1;201,9;201,7;201,4;201,1;198,9;196,4;193,7;190,6;192,1;193,5;194,8;196,2;195,7;195,3;194,7;194,2;193,6;191,1;188,2;185,1;181,7;182,3;183,4;184,4;185,6;185,1;184,6;184,1;183,6;183,0;180,8;178,4;175,8;173,0;171,9;172,5;173,2;173,9;173,4;173,0;172,5;172,1;171,6;169,9;168,1;166,2;164,1;161,6;161,8;161,9;162,0;161,7;161,3;161,0;160,6;160,2;159,1;158,0;156,7;155,4;153,8;153,8;153,8;153,7;153,7;153,6;153,5;153,4;153,3;152,8;152,3;151,8;151,2;148,2;148,4;148,6;148,8;149,1;149,5;149,8;150,2;150,6;150,8;151,0;151,2;151,4;142,8;143,2;143,6;144,0;144,6;145,3;146,1;146,9;147,8;148,6;149,5;150,5;151,7;137,7;138,2;138,7;139,3;140,2;141,2;142,3;143,5;144,8;146,2;147,9;149,8;152,0
15;209,6;210,8;211,9;212,9;213,6;214,3;215,1;215,9;216,7;217,0;217,3;217,6;218,0;209,7;211,1;212,4;213,6;214,4;215,2;216,0;217,0;217,9;218,1;218,3;218,5;218,7;207,6;209,0;210,4;211,8;212,4;213,0;213,7;214,3;215,1;214,7;214,2;213,7;213,1;205,3;206,8;208,4;209,9;210,2;210,6;211,0;211,5;211,9;210,9;209,8;208,5;207,0;202,7;204,4;206,1;207,7;207,8;208,0;208,2;208,3;208,5;206,9;205,0;202,9;200,6;198,9;200,6;202,2;203,9;203,8;203,7;203,6;203,5;203,4;201,2;198,7;196,0;193,0;191,1;192,4;193,6;194,9;194,5;194,0;193,6;193,1;192,6;190,3;187,8;185,1;182,2;182,7;183,3;184,0;184,7;184,0;183,1;182,3;181,4;180,5;178,4;176,1;173,6;171,0;173,8;173,8;173,8;173,8;172,8;171,6;170,5;169,3;168,1;166,3;164,4;162,3;160,2;165,3;165,0;164,7;164,3;163,3;162,3;161,3;160,2;159,1;157,8;156,4;155,0;153,5;157,3;157,0;156,7;156,4;155,8;155,2;154,5;153,9;153,2;152,5;151,8;151,1;150,3;149,7;149,4;149,1;148,8;148,5;148,2;147,9;147,6;147,2;147,1;147,0;146,9;146,8;142,6;142,4;142,1;141,8;141,7;141,6;141,5;141,4;141,3;141,7;142,2;142,6;143,2
16;208,8;209,9;211,1;212,2;212,8;213,6;214,3;215,2;216,0;216,6;217,2;218,0;218,8;209,1;210,4;211,7;213,0;213,8;214,7;215,6;216,5;217,5;218,1;218,8;219,5;220,4;208,2;209,7;211,2;212,6;213,3;214,1;214,8;215,6;216,5;216,5;216,5;216,5;216,5;207,3;209,0;210,7;212,3;212,8;213,4;214,0;214,6;215,3;214,7;214,0;213,3;212,5;206,4;208,3;210,1;211,9;212,3;212,7;213,1;213,6;214,0;212,8;211,4;209,9;208,1;204,3;206,1;208,0;209,9;210,0;210,2;210,3;210,5;210,7;208,9;206,8;204,5;202,0;198,2;199,5;200,9;202,3;201,9;201,4;201,0;200,5;200,0;197,8;195,4;192,7;189,7;191,5;192,2;192,8;193,5;192,5;191,4;190,2;189,0;187,7;185,3;182,6;179,7;176,6;184,3;184,2;184,1;183,9;182,2;180,4;178,5;176,6;174,7;172,2;169,6;166,9;164,0;175,7;175,1;174,4;173,7;171,8;169,9;167,9;166,0;164,0;161,9;159,8;157,5;155,2;165,6;164,8;164,0;163,2;161,7;160,1;158,6;157,0;155,3;153,9;152,5;151,0;149,4;155,9;155,0;154,0;153,0;151,9;150,7;149,4;148,1;146,8;146,1;145,2;144,4;143,4;147,0;146,0;144,9;143,8;142,9;141,9;140,9;139,9;138,8;138,5;138,2;137,9;137,5
17;206,4;207,4;208,4;209,4;210,1;210,8;211,6;212,3;213,2;213,6;214,2;214,8;215,5;206,5;207,7;208,8;210,0;210,8;211,6;212,5;213,4;214,4;214,8;215,4;216,0;216,7;205,8;207,1;208,4;209,7;210,5;211,3;212,2;213,1;214,0;214,2;214,4;214,6;214,8;205,0;206,5;207,9;209,4;210,2;211,0;211,9;212,8;213,7;213,5;213,3;213,1;212,9;204,3;205,9;207,5;209,0;209,8;210,7;211,5;212,4;213,4;212,8;212,3;211,6;210,9;202,8;204,4;206,1;207,7;208,4;209,2;210,0;210,8;211,6;210,7;209,7;208,6;207,4;198,9;200,3;201,7;203,0;203,4;203,8;204,1;204,5;204,9;203,6;202,2;200,5;198,8;194,8;195,8;196,8;197,8;197,7;197,6;197,5;197,4;197,3;195,5;193,6;191,5;189,2;190,4;190,9;191,4;191,9;191,3;190,7;190,1;189,4;188,7;186,6;184,3;181,9;179,3;184,2;184,2;184,3;184,3;183,4;182,4;181,4;180,3;179,2;177,1;174,9;172,5;170,0;175,9;175,5;175,1;174,7;173,7;172,6;171,4;170,2;169,0;167,2;165,3;163,4;161,3;167,5;166,7;165,8;164,9;163,8;162,6;161,4;160,1;158,8;157,4;155,9;154,4;152,8;159,2;158,0;156,8;155,5;154,3;153,1;151,8;150,5;149,2;148,1;147,0;145,9;144,7
18;204,2;205,1;206,0;206,9;207,6;208,3;209,0;209,8;210,6;211,0;211,4;212,0;212,5;204,2;205,2;206,3;207,3;208,0;208,9;209,7;210,6;211,5;211,9;212,4;213,0;213,6;203,6;204,8;206,0;207,1;208,0;208,9;209,9;210,9;211,9;212,2;212,6;213,0;213,4;203,1;204,4;205,6;206,9;207,9;209,0;210,1;211,2;212,4;212,6;212,8;213,0;213,2;202,6;204,0;205,3;206,7;207,9;209,0;210,3;211,5;212,8;212,9;212,9;213,0;213,0;201,6;203,1;204,6;206,0;207,2;208,4;209,7;211,0;212,3;212,1;212,0;211,8;211,5;199,5;200,9;202,2;203,6;204,5;205,5;206,5;207,6;208,6;208,0;207,2;206,4;205,5;197,3;198,5;199,7;201,0;201,6;202,3;203,0;203,7;204,5;203,3;201,9;200,5;199,0;195,0;196,0;197,0;198,1;198,4;198,7;199,1;199,4;199,8;198,0;196,1;194,1;191,9;190,8;191,4;192,0;192,7;192,6;192,5;192,4;192,3;192,2;190,1;187,8;185,5;183,0;184,2;184,2;184,2;184,3;183,7;183,0;182,4;181,7;181,0;178,8;176,6;174,3;171,9;177,3;176,7;176,0;175,3;174,2;173,1;171,9;170,7;169,4;167,4;165,2;163,0;160,8;170,3;169,0;167,7;166,3;164,8;163,2;161,6;160,0;158,4;156,5;154,5;152,6;150,5
19;202,3;203,0;203,8;204,6;205,3;206,0;206,7;207,4;208,2;208,6;209,0;209,4;209,9;202,1;203,0;203,9;204,8;205,6;206,4;207,2;208,0;208,9;209,3;209,8;210,3;210,8;201,8;202,8;203,8;204,8;205,8;206,8;207,9;209,0;210,1;210,6;211,1;211,6;212,2;201,4;202,6;203,7;204,8;206,0;207,3;208,5;209,9;211,3;211,7;212,3;212,8;213,5;201,1;202,3;203,6;204,8;206,2;207,7;209,2;210,8;212,4;212,9;213,4;214,1;214,7;200,7;202,0;203,3;204,6;206,2;207,8;209,4;211,1;212,9;213,3;213,7;214,2;214,7;200,0;201,4;202,7;204,1;205,5;206,9;208,4;209,9;211,5;211,3;211,1;210,9;210,7;199,3;200,7;202,1;203,5;204,7;205,9;207,2;208,5;209,9;209,1;208,3;207,3;206,3;198,6;200,0;201,4;202,8;203,8;204,9;205,9;207,1;208,2;206,7;205,2;203,5;201,7;195,9;197,0;198,1;199,2;199,8;200,4;201,0;201,6;202,3;200,3;198,1;195,9;193,5;190,8;191,2;191,5;191,9;191,6;191,4;191,2;190,9;190,7;188,4;185,9;183,3;180,6;185,4;184,9;184,4;183,9;182,9;181,8;180,7;179,5;178,3;175,7;173,1;170,3;167,4;179,7;178,4;177,0;175,6;173,8;171,9;170,0;168,1;166,2;163,5;160,8;158,1;155,3
20;203,9;204,5;205,2;205,8;206,3;206,8;207,3;207,9;208,5;208,7;208,9;209,2;209,4;203,9;204,6;205,4;206,1;206,7;207,3;208,0;208,6;209,3;209,6;209,8;210,1;210,4;203,7;204,6;205,5;206,3;207,1;207,9;208,7;209,6;210,4;210,7;211,0;211,3;211,6;203,6;204,6;205,6;206,5;207,5;208,4;209,4;210,5;211,5;211,8;212,1;212,4;212,7;203,5;204,6;205,6;206,7;207,8;209,0;210,1;211,3;212,5;212,8;213,1;213,4;213,8;203,4;204,5;205,7;206,7;208,0;209,2;210,5;211,8;213,1;213,3;213,5;213,8;214,1;203,2;204,3;205,4;206,6;207,7;208,9;210,1;211,2;212,5;212,3;212,2;212,1;211,9;203,0;204,1;205,2;206,3;207,4;208,5;209,6;210,7;211,8;211,3;210,8;210,3;209,7;202,8;203,9;205,0;206,1;207,1;208,0;209,0;210,0;211,0;210,2;209,3;208,4;207,4;201,4;202,3;203,2;204,1;204,8;205,5;206,2;206,9;207,6;206,4;205,1;203,8;202,3;198,5;198,9;199,4;199,8;199,9;200,1;200,2;200,3;200,5;198,8;197,1;195,3;193,4;195,4;195,3;195,2;195,1;194,6;194,1;193,6;193,0;192,4;190,3;188,1;185,8;183,4;192,1;191,4;190,7;190,0;188,8;187,6;186,3;185,0;183,7;181,1;178,4;175,7;172,8
21;205,5;205,9;206,4;206,9;207,2;207,5;207,9;208,3;208,7;208,8;208,8;208,9;209,0;205,6;206,2;206,8;207,4;207,8;208,3;208,7;209,2;209,7;209,8;209,8;209,9;210,0;205,7;206,4;207,1;207,7;208,3;208,9;209,5;210,1;210,7;210,8;210,9;211,0;211,1;205,8;206,6;207,3;208,1;208,8;209,5;210,2;211,0;211,7;211,8;211,9;212,0;212,1;205,9;206,8;207,6;208,4;209,3;210,1;211,0;211,8;212,6;212,7;212,8;212,9;213,0;206,0;206,9;207,9;208,7;209,6;210,6;211,5;212,4;213,3;213,4;213,4;213,5;213,5;206,2;207,1;208,0;208,8;209,7;210,6;211,5;212,4;213,3;213,2;213,1;213,0;213,0;206,5;207,3;208,1;208,9;209,8;210,7;211,5;212,4;213,3;213,1;212,8;212,6;212,3;206,7;207,5;208,2;209,0;209,9;210,7;211,6;212,4;213,3;212,9;212,6;212,2;211,7;206,4;207,0;207,6;208,3;208,9;209,6;210,3;211,0;211,7;211,1;210,4;209,7;208,9;205,4;205,8;206,1;206,5;206,8;207,1;207,4;207,8;208,1;206,9;205,7;204,5;203,2;204,3;204,4;204,5;204,6;204,5;204,4;204,2;204,1;204,0;202,2;200,5;198,6;196,6;203,2;203,0;202,8;202,6;202,0;201,3;200,7;200,0;199,3;196,9;194,5;191,9;189,2
22;207,0;207,3;207,6;207,9;208,1;208,3;208,5;208,7;208,9;208,8;208,8;208,7;208,6;207,2;207,7;208,1;208,5;208,8;209,1;209,4;209,7;210,0;209,9;209,9;209,8;209,6;207,5;208,1;208,6;209,1;209,5;209,8;210,2;210,6;211,0;210,9;210,8;210,8;210,7;207,9;208,5;209,0;209,6;210,1;210,5;211,0;211,4;211,9;211,8;211,7;211,7;211,6;208,2;208,8;209,5;210,1;210,7;211,2;211,7;212,2;212,7;212,7;212,6;212,5;212,4;208,6;209,3;209,9;210,6;211,2;211,8;212,3;212,9;213,5;213,4;213,3;213,2;213,1;209,2;209,8;210,3;210,9;211,5;212,2;212,8;213,4;214,0;214,0;213,9;213,8;213,8;209,7;210,2;210,7;211,2;211,9;212,6;213,2;213,9;214,6;214,5;214,5;214,4;214,4;210,3;210,7;211,1;211,5;212,2;213,0;213,7;214,4;215,1;215,1;215,1;215,1;215,0;210,9;211,2;211,5;211,8;212,5;213,1;213,7;214,4;215,0;214,7;214,5;214,2;213,9;211,5;211,7;211,9;212,1;212,5;212,8;213,2;213,6;214,0;213,2;212,3;211,5;210,6;212,1;212,2;212,3;212,4;212,5;212,6;212,7;212,8;212,8;211,4;209,9;208,4;206,7;212,7;212,7;212,7;212,8;212,5;212,3;212,1;211,8;211,6;209,5;207,2;204,9;202,4
23;209,8;209,8;209,8;209,7;209,6;209,5;209,4;209,3;209,2;209,0;208,8;208,6;208,4;210,4;210,4;210,5;210,5;210,5;210,4;210,4;210,4;210,3;210,1;209,9;209,7;209,4;210,9;211,0;211,1;211,2;211,2;211,3;211,4;211,4;211,5;211,3;211,1;210,9;210,7;211,4;211,6;211,7;211,9;212,0;212,2;212,3;212,4;212,6;212,4;212,3;212,1;211,9;211,9;212,1;212,3;212,5;212,7;213,0;213,2;213,4;213,6;213,5;213,3;213,1;212,9;212,4;212,7;212,9;213,2;213,5;213,7;214,0;214,3;214,6;214,4;214,2;214,1;213,9;213,1;213,3;213,6;213,8;214,1;214,5;214,8;215,1;215,4;215,3;215,1;215,0;214,8;213,8;214,0;214,2;214,4;214,8;215,2;215,6;215,9;216,3;216,2;216,1;215,9;215,8;214,4;214,6;214,8;215,1;215,5;215,9;216,4;216,8;217,2;217,1;217,0;216,8;216,7;215,0;215,2;215,4;215,6;216,0;216,4;216,8;217,2;217,6;217,3;217,0;216,7;216,5;215,4;215,7;215,9;216,1;216,4;216,6;216,9;217,1;217,3;216,7;216,1;215,5;214,9;215,9;216,2;216,4;216,7;216,8;216,8;216,9;217,0;217,1;216,1;215,1;214,1;213,1;216,4;216,7;216,9;217,2;217,1;217,1;217,0;216,9;216,8;215,4;214,0;212,5;211,0
24;212,8;212,4;212,0;211,6;211,2;210,8;210,4;210,0;209,5;209,2;208,9;208,6;208,2;213,7;213,3;212,9;212,6;212,2;211,8;211,4;211,0;210,6;210,3;210,0;209,6;209,2;214,4;214,1;213,7;213,4;213,1;212,8;212,6;212,3;212,0;211,7;211,4;211,1;210,8;215,1;214,8;214,5;214,2;214,0;213,9;213,7;213,5;213,3;213,1;212,8;212,5;212,2;215,8;215,6;215,3;215,1;214,9;214,8;214,7;214,6;214,5;214,3;214,0;213,8;213,5;216,5;216,3;216,1;215,9;215,9;215,8;215,8;215,8;215,7;215,5;215,2;214,9;214,7;217,2;217,1;217,0;216,9;216,9;216,9;216,9;216,9;216,9;216,7;216,4;216,2;215,9;218,0;217,9;217,9;217,8;217,9;218,0;218,0;218,1;218,1;217,9;217,6;217,4;217,1;218,7;218,7;218,8;218,8;218,9;219,0;219,1;219,2;219,3;219,1;218,8;218,6;218,3;219,2;219,3;219,5;219,6;219,8;219,9;220,0;220,1;220,2;219,9;219,5;219,2;218,9;219,4;219,7;220,0;220,3;220,4;220,5;220,5;220,6;220,7;220,2;219,8;219,3;218,9;219,7;220,1;220,6;221,0;221,0;221,1;221,1;221,1;221,2;220,6;220,0;219,5;218,9;220,0;220,5;221,1;221,7;221,7;221,7;221,7;221,7;221,7;221,0;220,3;219,6;218,9
25;215,9;215,1;214,4;213,6;212,9;212,2;211,4;210,6;209,8;209,4;209,0;208,5;208,0;217,2;216,4;215,5;214,7;214,0;213,2;212,5;211,7;210,9;210,5;210,0;209,6;209,0;218,1;217,3;216,5;215,7;215,1;214,5;213,8;213,2;212,5;212,2;211,8;211,3;210,9;219,0;218,2;217,5;216,7;216,2;215,7;215,1;214,6;214,1;213,7;213,3;213,0;212,6;219,9;219,2;218,4;217,7;217,3;216,8;216,4;215,9;215,5;215,2;214,8;214,4;214,1;220,8;220,1;219,4;218,8;218,4;218,0;217,7;217,3;216,9;216,6;216,2;215,8;215,5;221,5;221,1;220,6;220,1;219,8;219,4;219,1;218,8;218,5;218,1;217,7;217,4;217,0;222,3;222,0;221,7;221,4;221,1;220,8;220,5;220,3;220,0;219,6;219,2;218,8;218,5;223,1;223,0;222,9;222,8;222,5;222,2;222,0;221,7;221,5;221,1;220,7;220,3;219,9;223,5;223,6;223,7;223,8;223,6;223,4;223,2;223,0;222,8;222,4;222,0;221,6;221,2;223,5;223,8;224,2;224,6;224,4;224,3;224,2;224,1;224,0;223,6;223,3;223,0;222,6;223,5;224,1;224,7;225,3;225,3;225,2;225,2;225,2;225,2;224,9;224,7;224,4;224,2;223,5;224,3;225,2;226,0;226,1;226,2;226,3;226,3;226,4;226,2;226,1;225,9;225,8
26;218,9;218,2;217,4;216,7;216,0;215,3;214,6;213,8;213,0;212,5;211,8;211,2;210,4;220,2;219,5;218,7;218,0;217,3;216,5;215,8;215,1;214,3;213,7;213,1;212,5;211,7;221,2;220,4;219,7;219,0;218,4;217,8;217,1;216,5;215,9;215,3;214,8;214,2;213,6;222,0;221,3;220,7;220,0;219,5;218,9;218,4;217,9;217,3;216,8;216,3;215,8;215,2;222,9;222,3;221,6;221,0;220,6;220,1;219,6;219,2;218,7;218,2;217,7;217,2;216,7;223,7;223,1;222,6;222,0;221,6;221,2;220,8;220,4;220,0;219,5;219,1;218,6;218,1;224,3;223,8;223,4;223,0;222,7;222,3;222,0;221,7;221,3;220,9;220,5;220,0;219,6;224,8;224,5;224,3;224,0;223,7;223,4;223,2;222,9;222,6;222,2;221,8;221,4;221,0;225,4;225,2;225,1;224,9;224,7;224,5;224,3;224,1;223,9;223,6;223,2;222,8;222,5;225,6;225,6;225,6;225,6;225,5;225,3;225,2;225,1;225,0;224,7;224,3;224,0;223,7;225,3;225,5;225,7;225,9;225,9;225,9;225,8;225,8;225,8;225,5;225,3;225,1;224,8;225,1;225,5;225,9;226,3;226,3;226,4;226,5;226,5;226,6;226,4;226,3;226,1;226,0;224,8;225,4;226,0;226,6;226,8;226,9;227,1;227,3;227,4;227,4;227,3;227,3;227,2
27;221,9;221,2;220,6;219,9;219,2;218,5;217,8;217,1;216,3;215,6;214,8;213,9;212,9;223,2;222,6;221,9;221,3;220,6;219,9;219,2;218,5;217,8;217,1;216,3;215,4;214,5;224,1;223,5;222,9;222,3;221,7;221,1;220,5;219,9;219,3;218,6;217,8;217,1;216,3;224,9;224,4;223,8;223,3;222,8;222,3;221,7;221,2;220,7;220,0;219,3;218,6;217,9;225,8;225,3;224,8;224,3;223,8;223,4;222,9;222,5;222,0;221,4;220,7;220,0;219,3;226,4;226,0;225,6;225,2;224,8;224,4;224,0;223,6;223,2;222,6;222,0;221,4;220,7;226,8;226,5;226,1;225,8;225,5;225,2;224,9;224,6;224,3;223,8;223,3;222,8;222,3;227,2;226,9;226,6;226,4;226,2;226,0;225,8;225,6;225,4;225,0;224,6;224,2;223,7;227,5;227,3;227,1;227,0;226,8;226,7;226,6;226,5;226,4;226,1;225,8;225,5;225,2;227,5;227,4;227,3;227,2;227,2;227,2;227,2;227,2;227,2;227,0;226,7;226,5;226,3;227,0;227,1;227,1;227,2;227,3;227,4;227,4;227,5;227,6;227,5;227,3;227,2;227,0;226,5;226,7;226,9;227,2;227,3;227,5;227,7;227,8;228,0;228,0;227,9;227,9;227,8;226,0;226,4;226,8;227,2;227,4;227,6;227,9;228,2;228,4;228,5;228,5;228,6;228,6
28;224,9;224,4;223,8;223,2;222,5;221,8;221,1;220,4;219,7;218,7;217,7;216,6;215,5;226,2;225,7;225,1;224,6;224,0;223,3;222,7;222,0;221,3;220,4;219,4;218,4;217,3;227,0;226,5;226,1;225,6;225,0;224,5;223,9;223,3;222,7;221,9;221,0;220,0;219,0;227,8;227,4;227,0;226,6;226,1;225,6;225,1;224,6;224,1;223,3;222,4;221,6;220,7;228,5;228,1;227,8;227,5;227,1;226,6;226,2;225,8;225,3;224,6;223,8;223,0;222,1;229,0;228,8;228,5;228,2;227,9;227,5;227,2;226,8;226,5;225,8;225,0;224,3;223,5;229,2;228,9;228,7;228,4;228,2;228,0;227,8;227,6;227,3;226,8;226,2;225,7;225,1;229,4;229,1;228,9;228,7;228,6;228,5;228,4;228,3;228,2;227,8;227,4;227,0;226,6;229,5;229,3;229,1;228,9;228,9;228,9;228,9;229,0;229,0;228,8;228,5;228,3;228,1;229,2;229,1;228,9;228,8;228,9;229,0;229,2;229,3;229,4;229,3;229,2;229,1;229,0;228,5;228,5;228,4;228,4;228,6;228,8;229,0;229,2;229,4;229,4;229,4;229,4;229,3;227,8;227,9;227,9;228,0;228,3;228,6;228,8;229,1;229,4;229,5;229,6;229,6;229,7;227,1;227,3;227,5;227,6;228,0;228,3;228,7;229,0;229,4;229,6;229,7;229,9;230,1
29;228,6;228,0;227,3;226,7;226,0;225,3;224,5;223,7;222,9;222,1;221,2;220,3;219,2;229,9;229,3;228,8;228,2;227,5;226,8;226,1;225,4;224,7;223,9;223,0;222,1;221,1;230,8;230,3;229,8;229,3;228,7;228,0;227,4;226,8;226,1;225,4;224,5;223,7;222,8;231,7;231,2;230,7;230,3;229,7;229,2;228,6;228,1;227,5;226,8;226,0;225,1;224,3;232,5;232,1;231,7;231,3;230,8;230,3;229,8;229,3;228,8;228,1;227,3;226,5;225,6;233,1;232,7;232,4;232,0;231,6;231,2;230,8;230,3;229,9;229,2;228,4;227,7;226,9;233,1;232,8;232,4;232,1;231,8;231,5;231,1;230,8;230,5;229,9;229,3;228,7;228,0;233,1;232,8;232,5;232,2;232,0;231,7;231,5;231,3;231,0;230,6;230,1;229,6;229,2;233,1;232,9;232,6;232,3;232,1;232,0;231,9;231,7;231,6;231,3;230,9;230,6;230,3;232,8;232,6;232,3;232,1;232,0;231,9;231,9;231,8;231,7;231,5;231,3;231,0;230,8;232,2;232,0;231,8;231,6;231,6;231,5;231,5;231,5;231,4;231,3;231,1;230,9;230,7;231,6;231,4;231,3;231,1;231,1;231,1;231,1;231,1;231,1;231,0;230,9;230,8;230,6;231,0;230,9;230,8;230,6;230,7;230,7;230,8;230,8;230,9;230,8;230,7;230,6;230,6
30;232,3;231,6;230,9;230,2;229,5;228,7;227,9;227,1;226,3;225,5;224,8;223,9;223,0;233,6;233,0;232,4;231,8;231,0;230,3;229,6;228,8;228,0;227,3;226,6;225,8;225,0;234,6;234,0;233,4;232,9;232,2;231,6;230,9;230,2;229,5;228,8;228,1;227,3;226,5;235,5;235,0;234,4;233,9;233,3;232,7;232,1;231,5;230,9;230,2;229,5;228,7;227,9;236,3;235,9;235,4;234,9;234,4;233,9;233,3;232,8;232,2;231,5;230,7;229,9;229,1;236,9;236,5;236,0;235,6;235,1;234,7;234,2;233,7;233,2;232,5;231,7;231,0;230,2;236,8;236,4;236,0;235,5;235,1;234,7;234,3;233,9;233,5;232,9;232,2;231,6;230,9;236,6;236,3;235,9;235,5;235,2;234,8;234,5;234,1;233,7;233,2;232,7;232,2;231,7;236,5;236,2;235,8;235,4;235,2;234,9;234,6;234,3;234,0;233,6;233,2;232,8;232,4;236,2;235,8;235,5;235,1;234,9;234,6;234,4;234,1;233,9;233,5;233,2;232,9;232,5;235,6;235,3;234,9;234,6;234,3;234,1;233,8;233,6;233,3;233,0;232,7;232,4;232,0;235,1;234,7;234,4;234,0;233,8;233,5;233,3;233,0;232,8;232,5;232,2;231,9;231,5;234,6;234,2;233,8;233,4;233,2;233,0;232,7;232,5;232,2;232,0;231,7;231,4;231,0
31;236,0;235,3;234,5;233,8;233,0;232,2;231,4;230,5;229,6;229,0;228,3;227,6;226,9;237,3;236,6;236,0;235,3;234,6;233,8;233,0;232,2;231,4;230,8;230,2;229,5;228,8;238,3;237,7;237,0;236,4;235,7;235,0;234,3;233,6;232,9;232,3;231,6;230,9;230,2;239,2;238,6;238,0;237,4;236,8;236,2;235,6;234,9;234,3;233,6;232,9;232,2;231,4;240,0;239,5;238,9;238,4;237,8;237,3;236,7;236,1;235,5;234,8;234,1;233,3;232,5;240,5;240,0;239,5;239,0;238,5;238,0;237,5;236,9;236,4;235,7;234,9;234,2;233,4;240,2;239,7;239,3;238,8;238,3;237,9;237,4;236,9;236,4;235,7;235,1;234,4;233,7;239,9;239,5;239,0;238,6;238,2;237,7;237,3;236,8;236,3;235,8;235,2;234,7;234,1;239,6;239,2;238,8;238,4;238,0;237,6;237,1;236,7;236,3;235,8;235,4;234,9;234,4;239,3;238,9;238,4;238,0;237,6;237,2;236,7;236,3;235,9;235,5;235,0;234,6;234,2;238,8;238,3;237,8;237,3;236,9;236,5;236,0;235,6;235,1;234,7;234,2;233,8;233,3;238,4;237,8;237,3;236,7;236,2;235,8;235,3;234,8;234,3;233,9;233,4;232,9;232,4;237,9;237,3;236,7;236,0;235,6;235,1;234,6;234,1;233,5;233,1;232,6;232,0;231,5
32;239,3;238,7;238,1;237,5;236,6;235,7;234,8;233,8;232,8;232,1;231,2;230,4;229,4;240,5;240,0;239,5;238,9;238,1;237,2;236,3;235,3;234,4;233,6;232,8;232,0;231,1;241,2;240,7;240,2;239,7;239,0;238,2;237,4;236,6;235,8;235,1;234,3;233,4;232,5;241,8;241,4;240,9;240,5;239,8;239,2;238,5;237,8;237,2;236,4;235,5;234,7;233,8;242,4;242,0;241,6;241,2;240,6;240,1;239,5;238,9;238,4;237,6;236,7;235,8;234,9;242,7;242,4;242,0;241,6;241,2;240,7;240,2;239,7;239,2;238,4;237,5;236,7;235,8;242,8;242,4;242,0;241,6;241,1;240,6;240,1;239,6;239,1;238,4;237,7;236,9;236,1;242,8;242,4;242,0;241,5;241,1;240,6;240,1;239,6;239,1;238,4;237,8;237,1;236,4;242,9;242,4;241,9;241,5;241,0;240,5;240,0;239,5;239,0;238,4;237,9;237,3;236,7;243,2;242,6;242,1;241,5;241,0;240,4;239,9;239,3;238,7;238,2;237,6;237,0;236,5;243,8;243,1;242,3;241,6;240,9;240,3;239,6;238,9;238,2;237,6;237,0;236,3;235,6;244,5;243,5;242,6;241,6;240,9;240,1;239,3;238,5;237,7;237,0;236,3;235,6;234,8;245,1;244,0;242,9;241,7;240,8;240,0;239,0;238,1;237,2;236,4;235,6;234,8;234,0
33;242,7;242,2;241,7;241,3;240,3;239,3;238,2;237,1;236,0;235,1;234,1;233,1;232,0;243,9;243,4;243,0;242,7;241,6;240,6;239,5;238,4;237,3;236,4;235,5;234,5;233,4;244,2;243,8;243,4;243,1;242,2;241,4;240,5;239,6;238,7;237,8;236,9;235,9;234,9;244,4;244,1;243,8;243,5;242,8;242,1;241,4;240,7;240,0;239,1;238,1;237,1;236,1;244,7;244,4;244,1;243,9;243,3;242,8;242,2;241,7;241,1;240,2;239,2;238,3;237,2;244,9;244,7;244,4;244,1;243,7;243,2;242,8;242,3;241,9;241,0;240,0;239,1;238,1;245,3;245,0;244,6;244,2;243,8;243,3;242,8;242,3;241,8;240,9;240,1;239,2;238,3;245,7;245,2;244,8;244,3;243,8;243,3;242,7;242,2;241,6;240,9;240,2;239,4;238,6;246,0;245,5;245,0;244,4;243,9;243,3;242,7;242,1;241,5;240,9;240,2;239,5;238,8;247,1;246,3;245,6;244,9;244,2;243,5;242,8;242,1;241,4;240,7;240,0;239,3;238,6;248,9;247,9;246,8;245,8;244,9;244,0;243,0;242,1;241,2;240,4;239,6;238,7;237,9;250,9;249,5;248,1;246,7;245,6;244,4;243,3;242,1;240,9;240,0;239,1;238,1;237,1;252,9;251,1;249,4;247,6;246,3;244,9;243,5;242,1;240,7;239,7;238,6;237,5;236,4
34;246,1;245,8;245,4;245,1;244,0;242,8;241,7;240,5;239,3;238,2;237,0;235,8;234,5;247,2;246,9;246,6;246,4;245,2;244,0;242,8;241,5;240,3;239,2;238,1;236,9;235,7;247,1;246,9;246,6;246,4;245,5;244,5;243,5;242,6;241,6;240,5;239,5;238,3;237,1;247,0;246,8;246,6;246,5;245,7;245,0;244,2;243,5;242,7;241,7;240,6;239,5;238,4;247,0;246,8;246,6;246,5;245,9;245,4;244,9;244,3;243,7;242,7;241,7;240,6;239,4;247,1;246,9;246,7;246,6;246,1;245,7;245,3;244,8;244,4;243,4;242,4;241,3;240,2;247,8;247,5;247,1;246,8;246,3;245,8;245,3;244,8;244,2;243,3;242,4;241,4;240,4;248,5;248,0;247,5;247,0;246,5;245,9;245,3;244,7;244,1;243,2;242,4;241,5;240,6;249,1;248,5;247,9;247,3;246,6;245,9;245,3;244,6;243,9;243,2;242,4;241,6;240,8;250,9;250,0;249,1;248,2;247,3;246,5;245,6;244,7;243,9;243,1;242,3;241,4;240,6;254,1;252,7;251,3;249,9;248,7;247,5;246,3;245,2;243,9;243,0;242,0;241,0;240,0;257,5;255,5;253,6;251,7;250,2;248,7;247,1;245,6;244,0;242,9;241,7;240,5;239,3;261,0;258,5;256,0;253,6;251,7;249,8;247,9;246,0;244,1;242,8;241,4;240,1;238,6
35;250,5;250,1;249,6;249,2;248,1;247,0;245,8;244,6;243,4;242,4;241,3;240,1;238,9;251,4;251,0;250,6;250,3;249,1;247,9;246,7;245,5;244,3;243,2;242,2;241,0;239,8;251,9;251,5;251,1;250,7;249,7;248,7;247,6;246,6;245,5;244,5;243,4;242,3;241,1;252,3;251,9;251,5;251,1;250,2;249,3;248,4;247,5;246,6;245,6;244,5;243,4;242,2;252,7;252,3;251,9;251,5;250,7;249,9;249,2;248,4;247,6;246,6;245,5;244,3;243,1;253,4;253,0;252,5;252,1;251,3;250,6;249,9;249,2;248,5;247,4;246,2;245,1;243,9;255,5;254,8;254,1;253,5;252,6;251,7;250,8;249,9;249,0;247,8;246,7;245,5;244,3;257,4;256,5;255,7;254,8;253,8;252,7;251,6;250,5;249,5;248,3;247,1;245,9;244,7;259,3;258,2;257,2;256,1;254,9;253,7;252,4;251,2;249,9;248,8;247,6;246,3;245,1;261,8;260,5;259,2;257,9;256,4;254,9;253,4;252,0;250,5;249,2;247,9;246,6;245,2;265,3;263,6;261,9;260,2;258,4;256,6;254,8;253,0;251,3;249,7;248,1;246,6;245,0;269,0;266,8;264,7;262,6;260,5;258,4;256,3;254,2;252,0;250,2;248,4;246,6;244,7;272,7;270,2;267,7;265,2;262,7;260,3;257,8;255,3;252,9;250,8;248,7;246,6;244,4
36;255,1;254,6;254,0;253,5;252,4;251,3;250,1;248,9;247,7;246,7;245,7;244,5;243,3;255,7;255,2;254,7;254,3;253,1;251,9;250,8;249,6;248,3;247,3;246,3;245,2;244,0;256,8;256,3;255,7;255,2;254,1;252,9;251,8;250,7;249,6;248,5;247,4;246,3;245,1;257,9;257,2;256,6;256,0;254,9;253,8;252,8;251,7;250,6;249,5;248,4;247,2;246,0;258,8;258,1;257,4;256,7;255,7;254,6;253,6;252,6;251,6;250,4;249,2;248,0;246,8;260,3;259,5;258,7;257,9;256,8;255,7;254,7;253,6;252,6;251,3;250,0;248,7;247,4;263,9;262,8;261,7;260,7;259,3;257,9;256,5;255,2;253,8;252,4;251,0;249,6;248,1;267,4;266,0;264,6;263,3;261,6;260,0;258,3;256,7;255,0;253,5;251,9;250,4;248,8;270,7;269,0;267,5;265,9;263,9;262,0;260,0;258,1;256,2;254,5;252,8;251,1;249,4;274,0;272,2;270,4;268,6;266,3;264,1;261,9;259,7;257,5;255,6;253,7;251,7;249,8;277,6;275,6;273,6;271,6;269,1;266,6;264,1;261,6;259,1;256,9;254,6;252,3;250,1;281,3;279,1;276,9;274,6;271,9;269,1;266,4;263,6;260,8;258,2;255,6;253,0;250,4;284,9;282,6;280,2;277,8;274,9;271,8;268,8;265,7;262,6;259,6;256,7;253,7;250,7
37;259,9;259,2;258,6;257,9;256,8;255,7;254,5;253,3;252,1;251,1;250,1;248,9;247,8;260,2;259,6;259,0;258,4;257,2;256,1;254,9;253,7;252,5;251,4;250,4;249,3;248,1;262,0;261,2;260,5;259,8;258,5;257,3;256,1;254,9;253,6;252,5;251,4;250,2;248,9;263,7;262,8;261,9;261,0;259,7;258,4;257,2;255,9;254,7;253,4;252,2;250,9;249,7;265,2;264,2;263,1;262,1;260,8;259,4;258,1;256,8;255,6;254,3;252,9;251,6;250,3;267,6;266,4;265,1;263,9;262,4;261,0;259,5;258,1;256,7;255,2;253,8;252,3;250,9;272,9;271,3;269,7;268,1;266,2;264,3;262,4;260,5;258,7;257,0;255,3;253,5;251,8;277,9;275,9;274,0;272,2;269,8;267,5;265,2;262,9;260,7;258,7;256,7;254,7;252,7;282,6;280,4;278,2;276,1;273,3;270,6;267,9;265,2;262,6;260,3;258,0;255,8;253,5;286,6;284,3;282,0;279,7;276,6;273,6;270,6;267,6;264,7;262,1;259,5;256,9;254,4;290,0;287,7;285,5;283,2;280,0;276,8;273,6;270,4;267,2;264,2;261,2;258,2;255,2;293,4;291,2;289,0;286,8;283,5;280,2;276,8;273,3;269,9;266,5;263,1;259,6;256,2;296,7;294,6;292,5;290,4;287,1;283,6;280,1;276,5;272,8;269,0;265,1;261,2;257,2
38;265,4;265,0;264,6;264,2;263,2;262,3;261,3;260,3;259,3;258,2;257,1;255,9;254,7;266,0;265,6;265,3;265,0;264,0;262,9;261,9;260,8;259,8;258,6;257,4;256,1;254,8;268,2;267,7;267,3;266,9;265,8;264,7;263,6;262,5;261,4;260,1;258,8;257,4;256,0;270,2;269,6;269,1;268,5;267,4;266,2;265,1;264,0;262,9;261,4;260,0;258,5;256,9;272,1;271,4;270,7;270,1;268,9;267,7;266,5;265,3;264,2;262,6;261,0;259,4;257,8;274,6;273,7;272,9;272,0;270,7;269,4;268,1;266,9;265,6;263,9;262,2;260,4;258,7;279,0;277,8;276,7;275,6;274,0;272,4;270,8;269,2;267,6;265,7;263,9;262,0;260,1;283,1;281,7;280,3;279,0;277,1;275,2;273,3;271,4;269,6;267,5;265,5;263,4;261,3;287,0;285,3;283,7;282,2;280,0;277,8;275,6;273,5;271,4;269,2;267,0;264,8;262,6;290,1;288,4;286,7;285,0;282,6;280,3;277,9;275,6;273,3;270,9;268,4;266,0;263,6;292,7;291,0;289,3;287,6;285,2;282,7;280,2;277,7;275,3;272,6;269,9;267,2;264,5;295,2;293,6;291,9;290,2;287,7;285,1;282,5;279,9;277,3;274,4;271,5;268,5;265,5;297,6;296,0;294,4;292,8;290,2;287,6;284,9;282,1;279,4;276,3;273,1;269,8;266,6
39;271,8;271,6;271,5;271,3;270,5;269,7;268,9;268,0;267,2;266,1;264,9;263,6;262,3;272,7;272,7;272,7;272,7;271,7;270,8;269,8;268,9;268,0;266,6;265,2;263,7;262,2;275,4;275,3;275,2;275,1;274,1;273,1;272,2;271,2;270,3;268,7;267,1;265,5;263,8;277,9;277,7;277,5;277,3;276,3;275,3;274,3;273,3;272,3;270,6;268,8;267,0;265,2;280,2;279,9;279,7;279,4;278,3;277,3;276,2;275,2;274,2;272,3;270,4;268,4;266,5;282,7;282,3;281,9;281,5;280,4;279,3;278,1;277,1;276,0;273,9;271,9;269,8;267,8;286,0;285,4;284,8;284,2;282,9;281,6;280,3;279,1;277,8;275,8;273,7;271,6;269,5;289,0;288,2;287,4;286,7;285,2;283,8;282,3;280,9;279,6;277,5;275,4;273,3;271,2;291,9;290,9;289,9;288,9;287,3;285,8;284,2;282,7;281,2;279,1;277,0;274,9;272,8;294,0;292,9;291,9;290,8;289,1;287,4;285,8;284,1;282,5;280,4;278,2;276,0;273,8;295,7;294,5;293,4;292,3;290,6;288,8;287,0;285,3;283,5;281,3;279,0;276,7;274,3;297,2;296,0;294,9;293,8;291,9;290,1;288,2;286,4;284,5;282,2;279,8;277,4;274,9;298,6;297,5;296,3;295,2;293,3;291,3;289,4;287,4;285,5;283,1;280,6;278,0;275,4
40;279,0;279,1;279,2;279,2;278,5;277,8;277,1;276,4;275,7;274,5;273,2;271,8;270,4;280,4;280,7;281,0;281,2;280,3;279,4;278,6;277,7;276,8;275,2;273,5;271,8;270,1;283,7;283,9;284,2;284,4;283,4;282,5;281,7;280,8;279,9;278,1;276,2;274,3;272,3;286,7;286,9;287,1;287,3;286,3;285,4;284,5;283,6;282,7;280,7;278,6;276,5;274,3;289,5;289,6;289,8;289,9;289,0;288,0;287,1;286,1;285,2;283,0;280,7;278,4;276,1;291,9;292,0;292,1;292,2;291,2;290,2;289,2;288,3;287,4;285,0;282,6;280,2;277,8;293,9;293,8;293,7;293,7;292,7;291,7;290,7;289,8;288,9;286,6;284,4;282,2;279,9;295,7;295,5;295,2;295,0;294,0;293,0;292,1;291,1;290,2;288,2;286,1;284,0;281,8;297,3;297,0;296,6;296,3;295,3;294,3;293,3;292,4;291,5;289,5;287,6;285,6;283,6;298,4;297,9;297,5;297,0;296,0;294,9;293,9;292,9;292,0;290,1;288,2;286,3;284,4;298,8;298,3;297,7;297,2;296,1;294,9;293,8;292,7;291,6;289,8;287,9;286,0;284,1;299,3;298,6;298,0;297,4;296,2;294,9;293,7;292,5;291,3;289,5;287,6;285,7;283,8;299,7;298,9;298,3;297,6;296,2;294,9;293,6;292,3;291,0;289,2;287,4;285,5;283,5
41;280,6;280,8;280,9;281,1;280,5;279,9;279,2;278,6;278,0;276,7;275,4;274,1;272,6;281,8;282,1;282,5;282,8;282,0;281,3;280,5;279,8;279,0;277,5;275,9;274,2;272,5;284,5;284,8;285,1;285,4;284,6;283,9;283,1;282,4;281,7;280,0;278,3;276,6;274,9;287,0;287,3;287,5;287,8;287,0;286,2;285,5;284,7;284,0;282,3;280,5;278,7;276,9;289,3;289,5;289,7;289,9;289,1;288,4;287,6;286,8;286,1;284,3;282,4;280,5;278,6;291,3;291,5;291,6;291,8;291,0;290,2;289,4;288,6;287,9;286,0;284,1;282,2;280,3;292,9;292,9;292,9;292,9;292,1;291,4;290,6;289,8;289,1;287,4;285,6;283,8;282,1;294,3;294,2;294,1;294,0;293,2;292,5;291,7;291,0;290,2;288,6;287,0;285,3;283,7;295,6;295,4;295,2;295,0;294,2;293,5;292,7;292,0;291,3;289,8;288,2;286,7;285,2;296,6;296,2;295,9;295,7;294,8;294,0;293,3;292,5;291,8;290,3;288,8;287,4;285,9;297,1;296,7;296,3;296,0;295,1;294,2;293,3;292,5;291,7;290,2;288,7;287,3;285,8;297,6;297,1;296,7;296,2;295,3;294,3;293,4;292,5;291,6;290,2;288,7;287,2;285,7;298,1;297,5;297,0;296,5;295,5;294,5;293,5;292,5;291,6;290,1;288,6;287,1;285,6
42;282,3;282,6;282,9;283,2;282,7;282,2;281,7;281,1;280,6;279,4;278,1;276,7;275,3;283,2;283,7;284,1;284,6;284,0;283,4;282,8;282,2;281,6;280,1;278,6;277,0;275,4;285,4;285,8;286,2;286,5;285,9;285,4;284,8;284,2;283,7;282,3;280,8;279,3;277,8;287,4;287,7;288,0;288,3;287,7;287,2;286,6;286,0;285,5;284,1;282,7;281,2;279,8;289,2;289,4;289,7;289,9;289,4;288,8;288,2;287,6;287,1;285,7;284,3;282,9;281,5;290,7;290,9;291,1;291,3;290,7;290,1;289,5;289,0;288,4;287,1;285,7;284,3;283,0;291,8;291,9;292,0;292,1;291,6;291,0;290,4;289,9;289,4;288,1;286,9;285,6;284,4;292,9;292,9;292,9;292,9;292,3;291,8;291,3;290,8;290,3;289,1;288,0;286,8;285,7;293,8;293,7;293,7;293,6;293,1;292,5;292,0;291,5;291,1;290,0;288,9;287,9;286,8;294,6;294,4;294,3;294,1;293,6;293,1;292,6;292,0;291,6;290,5;289,5;288,5;287,4;295,2;295,0;294,8;294,6;294,0;293,4;292,8;292,3;291,8;290,7;289,6;288,6;287,5;295,8;295,5;295,2;295,0;294,3;293,7;293,1;292,5;291,9;290,9;289,8;288,7;287,6;296,4;296,0;295,7;295,3;294,6;294,0;293,3;292,7;292,1;291,0;289,9;288,8;287,7
43;284,1;284,6;285,1;285,6;285,3;284,9;284,5;284,1;283,7;282,5;281,3;279,9;278,5;284,8;285,4;286,0;286,6;286,2;285,8;285,5;285,1;284,7;283,3;281,8;280,3;278,8;286,4;286,8;287,3;287,8;287,5;287,1;286,7;286,4;286,0;284,8;283,6;282,4;281,1;287,7;288,1;288,5;288,9;288,6;288,2;287,9;287,5;287,2;286,2;285,1;284,1;283,1;289,0;289,3;289,6;289,9;289,6;289,2;288,9;288,5;288,2;287,3;286,4;285,5;284,7;290,0;290,3;290,5;290,8;290,4;290,1;289,7;289,4;289,0;288,2;287,5;286,7;286,0;290,7;290,9;291,1;291,2;290,9;290,6;290,3;290,0;289,7;289,0;288,3;287,6;286,9;291,3;291,4;291,5;291,6;291,4;291,1;290,8;290,6;290,3;289,6;289,0;288,4;287,8;291,8;291,9;292,0;292,0;291,8;291,5;291,3;291,1;290,8;290,2;289,7;289,1;288,5;292,4;292,5;292,5;292,5;292,2;292,0;291,8;291,6;291,3;290,8;290,2;289,6;289,1;293,2;293,1;293,1;293,0;292,8;292,5;292,3;292,1;291,8;291,2;290,6;289,9;289,3;293,8;293,7;293,6;293,5;293,3;293,0;292,8;292,5;292,3;291,6;290,9;290,3;289,6;294,5;294,3;294,1;294,0;293,7;293,5;293,2;292,9;292,7;292,0;291,3;290,6;289,9
44;282,7;282,8;283,0;283,1;282,4;281,8;281,1;280,4;279,7;278,6;277,3;276,0;274,6;283,7;283,8;284,0;284,2;283,5;282,9;282,2;281,4;280,7;279,4;278,0;276,5;275,0;285,4;285,6;285,7;285,8;285,2;284,6;283,9;283,3;282,6;281,5;280,3;279,1;277,9;287,0;287,1;287,2;287,3;286,7;286,1;285,5;284,9;284,3;283,3;282,2;281,2;280,2;288,5;288,5;288,6;288,6;288,0;287,4;286,9;286,3;285,7;284,8;283,9;283,0;282,1;289,7;289,7;289,7;289,7;289,1;288,5;287,9;287,4;286,8;286,0;285,2;284,4;283,6;290,2;290,1;290,1;290,1;289,5;289,0;288,5;288,0;287,5;286,8;286,0;285,3;284,6;290,7;290,6;290,5;290,5;290,0;289,5;289,0;288,5;288,1;287,4;286,8;286,2;285,6;291,1;291,0;290,9;290,8;290,4;289,9;289,5;289,0;288,6;288,1;287,5;286,9;286,4;291,7;291,6;291,5;291,4;290,9;290,5;290,1;289,6;289,2;288,7;288,1;287,6;287,0;292,5;292,4;292,2;292,1;291,6;291,2;290,8;290,4;290,0;289,3;288,7;288,1;287,5;293,3;293,1;292,9;292,7;292,3;291,9;291,4;291,0;290,6;289,9;289,3;288,6;288,0;294,1;293,8;293,6;293,4;292,9;292,5;292,1;291,7;291,3;290,5;289,8;289,1;288,4
45;281,4;281,1;280,9;280,6;279,7;278,7;277,7;276,6;275,6;274,4;273,2;271,8;270,4;282,5;282,3;282,1;281,9;280,9;279,9;278,8;277,7;276,6;275,3;273,9;272,5;271,0;284,6;284,3;284,1;283,9;283,0;282,0;281,1;280,1;279,1;278,0;276,8;275,6;274,4;286,4;286,2;285,9;285,7;284,8;284,0;283,1;282,2;281,3;280,3;279,2;278,2;277,1;288,0;287,8;287,6;287,4;286,5;285,7;284,8;284,0;283,1;282,2;281,2;280,3;279,3;289,3;289,0;288,8;288,6;287,8;287,0;286,1;285,3;284,5;283,7;282,8;281,9;281,1;289,7;289,4;289,2;289,0;288,2;287,4;286,7;285,9;285,2;284,4;283,7;282,9;282,2;290,0;289,8;289,6;289,3;288,6;287,9;287,2;286,5;285,8;285,1;284,5;283,9;283,2;290,4;290,1;289,9;289,6;289,0;288,3;287,6;287,0;286,3;285,8;285,2;284,7;284,1;291,0;290,7;290,5;290,2;289,6;288,9;288,3;287,7;287,1;286,5;286,0;285,4;284,9;291,9;291,6;291,4;291,1;290,5;289,8;289,2;288,6;288,0;287,4;286,8;286,2;285,6;292,8;292,5;292,2;291,9;291,3;290,7;290,1;289,5;288,9;288,2;287,5;286,8;286,2;293,6;293,3;293,0;292,7;292,1;291,5;290,9;290,3;289,7;289,0;288,2;287,5;286,8
46;280,1;279,5;278,8;278,1;276,9;275,6;274,2;272,8;271,3;270,1;268,8;267,4;265,9;281,5;280,8;280,2;279,6;278,2;276,8;275,4;273,9;272,3;271,0;269,7;268,2;266,7;283,7;283,2;282,6;282,0;280,8;279,5;278,2;276,9;275,5;274,3;273,2;271,9;270,7;285,7;285,2;284,7;284,2;283,0;281,8;280,6;279,4;278,2;277,1;276,1;275,0;273,9;287,6;287,1;286,6;286,1;285,0;283,9;282,8;281,7;280,5;279,5;278,5;277,5;276,5;288,9;288,5;288,0;287,5;286,5;285,4;284,4;283,3;282,2;281,3;280,3;279,4;278,4;289,2;288,7;288,3;287,9;286,9;285,9;284,8;283,8;282,8;282,0;281,2;280,5;279,7;289,4;289,0;288,6;288,2;287,2;286,3;285,3;284,4;283,4;282,7;282,1;281,4;280,8;289,7;289,3;288,9;288,5;287,5;286,6;285,7;284,8;283,9;283,4;282,8;282,3;281,7;290,3;289,9;289,5;289,1;288,2;287,3;286,5;285,6;284,8;284,2;283,7;283,2;282,6;291,3;290,9;290,5;290,1;289,3;288,4;287,6;286,7;285,9;285,3;284,7;284,1;283,5;292,3;291,9;291,5;291,1;290,3;289,4;288,6;287,8;287,0;286,3;285,6;285,0;284,3;293,2;292,8;292,5;292,1;291,2;290,4;289,6;288,8;288,1;287,3;286,5;285,8;285,0
47;282,3;282,1;281,9;281,7;280,6;279,4;278,1;276,7;275,3;273,8;272,1;270,3;268,2;283,4;283,3;283,2;283,1;281,8;280,6;279,3;277,9;276,5;274,8;273,0;271,2;269,2;284,9;284,8;284,7;284,6;283,5;282,3;281,2;280,0;278,7;277,3;275,8;274,2;272,5;286,2;286,1;286,0;285,9;284,9;283,9;282,9;281,8;280,7;279,4;278,1;276,7;275,3;287,4;287,4;287,3;287,2;286,3;285,3;284,4;283,4;282,4;281,3;280,1;278,8;277,6;288,4;288,3;288,2;288,2;287,3;286,4;285,5;284,6;283,8;282,7;281,6;280,5;279,4;288,9;288,7;288,6;288,5;287,7;286,8;286,0;285,2;284,3;283,4;282,5;281,6;280,6;289,3;289,1;289,0;288,8;288,0;287,2;286,4;285,6;284,8;284,1;283,3;282,6;281,8;289,7;289,5;289,3;289,1;288,4;287,6;286,8;286,1;285,3;284,7;284,1;283,5;282,9;290,5;290,3;290,1;289,9;289,1;288,3;287,6;286,9;286,2;285,6;285,0;284,4;283,8;291,7;291,5;291,2;291,0;290,2;289,5;288,8;288,0;287,3;286,7;286,0;285,4;284,7;292,9;292,6;292,4;292,1;291,4;290,6;289,9;289,2;288,5;287,7;287,0;286,3;285,6;294,1;293,8;293,5;293,2;292,4;291,7;291,0;290,3;289,6;288,7;287,9;287,1;286,4
48;284,3;284,5;284,7;284,9;283,8;282,6;281,4;280,1;278,8;277,0;274,9;272,7;270,3;285,2;285,5;285,8;286,1;285,0;283,8;282,6;281,4;280,1;278,1;276,0;273,8;271,4;286,0;286,3;286,6;286,9;285,9;284,9;283,8;282,7;281,6;279,9;278,1;276,2;274,2;286,7;287,0;287,3;287,6;286,7;285,8;284,9;283,9;283,0;281,5;279,9;278,3;276,6;287,3;287,6;287,9;288,2;287,4;286,6;285,8;285,0;284,2;282,9;281,5;280,1;278,6;287,9;288,2;288,5;288,8;288,0;287,3;286,6;285,9;285,2;284,0;282,8;281,5;280,3;288,6;288,7;288,9;289,1;288,4;287,8;287,1;286,4;285,7;284,7;283,7;282,6;281,6;289,2;289,3;289,4;289,5;288,8;288,2;287,5;286,9;286,2;285,4;284,5;283,7;282,8;289,8;289,8;289,8;289,8;289,2;288,6;287,9;287,3;286,7;286,0;285,3;284,7;284,0;290,7;290,7;290,6;290,6;290,0;289,3;288,7;288,1;287,5;286,9;286,3;285,6;285,0;292,1;292,0;292,0;291,9;291,2;290,6;290,0;289,3;288,7;288,0;287,3;286,6;285,9;293,5;293,4;293,2;293,1;292,4;291,8;291,2;290,5;289,9;289,1;288,4;287,6;286,8;294,9;294,7;294,5;294,3;293,6;293,0;292,3;291,7;291,1;290,2;289,3;288,5;287,7
49;286,1;286,6;287,1;287,6;286,5;285,4;284,3;283,1;281,8;279,7;277,4;274,8;272,0;286,8;287,5;288,1;288,8;287,8;286,7;285,6;284,4;283,2;281,0;278,6;276,1;273,3;286,9;287,6;288,3;288,9;288,0;287,1;286,1;285,2;284,2;282,3;280,2;278,0;275,7;287,1;287,7;288,4;289,0;288,3;287,5;286,7;285,9;285,1;283,4;281,6;279,7;277,8;287,2;287,8;288,5;289,1;288,5;287,8;287,2;286,5;285,9;284,4;282,8;281,2;279,6;287,5;288,1;288,7;289,3;288,8;288,2;287,7;287,1;286,6;285,2;283,9;282,5;281,1;288,3;288,7;289,2;289,7;289,2;288,6;288,1;287,6;287,1;285,9;284,8;283,7;282,5;289,0;289,4;289,7;290,1;289,6;289,1;288,6;288,1;287,6;286,6;285,7;284,8;283,8;289,8;290,0;290,2;290,5;290,0;289,5;289,0;288,5;288,0;287,3;286,5;285,8;285,1;290,9;291,1;291,2;291,3;290,8;290,3;289,8;289,4;288,9;288,2;287,5;286,8;286,2;292,6;292,6;292,7;292,7;292,2;291,7;291,1;290,6;290,1;289,4;288,6;287,9;287,2;294,2;294,1;294,1;294,1;293,5;293,0;292,4;291,9;291,4;290,5;289,7;288,9;288,1;295,7;295,6;295,5;295,4;294,8;294,2;293,7;293,1;292,5;291,7;290,8;289,9;289,0
50;284,3;284,9;285,5;286,1;285,4;284,6;283,9;283,1;282,2;280,5;278,6;276,6;274,3;284,9;285,7;286,4;287,2;286,5;285,8;285,0;284,3;283,5;281,7;279,7;277,7;275,4;285,6;286,3;287,0;287,7;287,1;286,5;285,9;285,2;284,6;283,0;281,3;279,6;277,7;286,3;286,9;287,6;288,2;287,7;287,2;286,7;286,1;285,6;284,2;282,8;281,3;279,7;286,9;287,5;288,1;288,7;288,3;287,8;287,4;286,9;286,5;285,3;284,0;282,8;281,5;287,7;288,2;288,8;289,3;288,9;288,5;288,1;287,7;287,3;286,3;285,2;284,1;283,0;289,0;289,4;289,8;290,2;289,8;289,3;288,9;288,5;288,1;287,2;286,3;285,4;284,4;290,3;290,5;290,8;291,1;290,6;290,2;289,7;289,3;288,8;288,1;287,3;286,6;285,8;291,5;291,7;291,8;291,9;291,4;291,0;290,5;290,0;289,6;288,9;288,3;287,7;287,1;293,0;293,0;293,0;293,1;292,6;292,0;291,5;291,0;290,5;289,9;289,3;288,7;288,2;294,6;294,6;294,6;294,5;294,0;293,4;292,9;292,3;291,8;291,1;290,4;289,7;289,1;296,3;296,2;296,1;296,0;295,3;294,7;294,2;293,6;293,0;292,2;291,5;290,7;290,0;297,9;297,7;297,5;297,4;296,7;296,1;295,4;294,8;294,2;293,3;292,5;291,6;290,8
51;282,6;283,3;284,0;284,7;284,3;283,9;283,5;283,1;282,6;281,2;279,8;278,1;276,4;283,2;284,0;284,8;285,7;285,3;284,9;284,5;284,2;283,7;282,3;280,8;279,1;277,3;284,4;285,1;285,8;286,6;286,3;285,9;285,6;285,3;284,9;283,7;282,4;281,0;279,6;285,5;286,2;286,8;287,4;287,2;286,9;286,6;286,3;286,1;285,0;283,9;282,8;281,6;286,7;287,2;287,8;288,3;288,1;287,8;287,6;287,3;287,1;286,2;285,2;284,3;283,3;287,9;288,4;288,8;289,2;289,0;288,8;288,5;288,3;288,1;287,3;286,5;285,7;284,8;289,7;290,0;290,3;290,6;290,3;290,0;289,7;289,4;289,1;288,4;287,7;287,0;286,3;291,5;291,7;291,8;292,0;291,6;291,2;290,9;290,5;290,1;289,5;288,9;288,3;287,7;293,3;293,3;293,3;293,4;292,9;292,4;292,0;291,5;291,1;290,6;290,1;289,5;289,0;295,0;295,0;294,9;294,8;294,3;293,7;293,2;292,7;292,2;291,7;291,1;290,6;290,1;296,8;296,6;296,5;296,3;295,7;295,2;294,6;294,0;293,5;292,8;292,2;291,6;290,9;298,5;298,3;298,0;297,8;297,2;296,5;295,9;295,3;294,7;293,9;293,2;292,5;291,8;300,2;299,9;299,6;299,3;298,6;297,9;297,2;296,5;295,9;295,0;294,2;293,4;292,6
52;281,0;281,8;282,6;283,4;283,3;283,2;283,1;283,1;283,0;281,9;280,8;279,6;278,2;281,6;282,5;283,3;284,2;284,2;284,1;284,1;284,0;284,0;282,9;281,7;280,4;279,1;283,2;284,0;284,7;285,5;285,4;285,4;285,4;285,3;285,3;284,4;283,4;282,4;281,3;284,8;285,5;286,1;286,7;286,7;286,6;286,6;286,6;286,5;285,8;285,0;284,1;283,3;286,4;286,9;287,4;287,9;287,8;287,8;287,8;287,7;287,7;287,0;286,4;285,7;285,0;288,1;288,5;288,9;289,2;289,1;289,1;289,0;288,9;288,8;288,3;287,7;287,2;286,6;290,4;290,7;290,9;291,1;290,9;290,7;290,5;290,3;290,1;289,6;289,1;288,6;288,1;292,8;292,8;292,9;293,0;292,6;292,3;292,0;291,7;291,4;290,9;290,5;290,0;289,6;295,0;295,0;294,9;294,8;294,4;293,9;293,5;293,0;292,6;292,2;291,8;291,4;290,9;297,1;296,9;296,8;296,6;296,0;295,5;294,9;294,4;293,9;293,4;292,9;292,5;292,0;298,9;298,7;298,4;298,2;297,5;296,9;296,3;295,7;295,1;294,5;293,9;293,4;292,8;300,7;300,4;300,0;299,7;299,0;298,3;297,6;297,0;296,3;295,6;294,9;294,2;293,5;302,5;302,1;301,7;301,3;300,5;299,7;298,9;298,2;297,5;296,7;295,9;295,1;294,3
53;283,5;284,1;284,7;285,4;285,1;284,7;284,4;284,0;283,6;282,4;281,2;279,8;278,2;284,5;285,2;285,9;286,6;286,3;286,0;285,6;285,3;284,9;283,7;282,3;280,8;279,2;286,3;286,9;287,5;288,0;287,7;287,4;287,1;286,8;286,5;285,4;284,3;283,1;281,9;288,1;288,5;289,0;289,4;289,1;288,8;288,6;288,3;288,0;287,1;286,2;285,2;284,2;289,8;290,1;290,4;290,7;290,5;290,2;289,9;289,6;289,4;288,6;287,9;287,1;286,3;291,6;291,8;292,0;292,1;291,8;291,6;291,3;291,0;290,7;290,1;289,4;288,8;288,2;293,6;293,6;293,7;293,7;293,4;293,1;292,7;292,4;292,1;291,5;291,0;290,4;289,8;295,5;295,5;295,4;295,4;295,0;294,6;294,2;293,8;293,4;292,9;292,4;291,9;291,4;297,5;297,3;297,1;297,0;296,5;296,0;295,6;295,1;294,7;294,3;293,8;293,4;292,9;299,2;299,0;298,7;298,5;298,0;297,5;297,0;296,5;296,0;295,5;295,0;294,6;294,1;300,8;300,5;300,2;299,9;299,3;298,8;298,2;297,7;297,2;296,7;296,1;295,6;295,1;302,3;302,0;301,6;301,3;300,7;300,1;299,5;298,9;298,4;297,8;297,1;296,5;295,9;303,8;303,4;303,0;302,7;302,0;301,3;300,7;300,1;299,5;298,8;298,1;297,4;296,8
54;285,9;286,4;286,8;287,3;286,8;286,2;285,6;284,9;284,3;283,0;281,5;279,9;278,2;287,5;288,0;288,5;289,0;288,4;287,8;287,2;286,5;285,9;284,4;282,8;281,2;279,4;289,4;289,8;290,2;290,5;290,0;289,5;288,9;288,3;287,7;286,5;285,2;283,9;282,4;291,3;291,6;291,8;292,1;291,6;291,0;290,5;290,0;289,4;288,4;287,4;286,3;285,2;293,2;293,3;293,5;293,6;293,1;292,6;292,1;291,6;291,1;290,2;289,4;288,5;287,6;295,0;295,0;295,0;295,0;294,6;294,1;293,6;293,1;292,6;291,9;291,2;290,5;289,7;296,6;296,5;296,5;296,4;295,9;295,5;295,0;294,5;294,1;293,4;292,8;292,2;291,6;298,2;298,1;297,9;297,8;297,3;296,8;296,4;295,9;295,5;294,9;294,4;293,8;293,3;299,9;299,6;299,4;299,1;298,7;298,2;297,7;297,3;296,8;296,4;295,9;295,4;295,0;301,3;301,0;300,7;300,4;300,0;299,5;299,0;298,6;298,1;297,7;297,2;296,7;296,3;302,6;302,3;302,0;301,7;301,2;300,7;300,2;299,8;299,3;298,8;298,3;297,8;297,3;303,9;303,5;303,2;302,9;302,4;301,9;301,4;300,9;300,5;299,9;299,4;298,8;298,3;305,1;304,8;304,4;304,1;303,5;303,0;302,5;302,0;301,5;301,0;300,4;299,8;299,3
55;288,3;288,6;288,9;289,2;288,4;287,6;286,8;285,9;284,9;283,5;281,9;280,1;278,2;290,3;290,6;291,0;291,3;290,5;289,6;288,7;287,8;286,8;285,2;283,4;281,5;279,5;292,4;292,6;292,8;293,0;292,2;291,4;290,6;289,8;288,9;287,6;286,1;284,6;283,0;294,5;294,5;294,6;294,7;294,0;293,2;292,5;291,7;290,9;289,8;288,6;287,4;286,1;296,5;296,5;296,4;296,4;295,7;295,0;294,3;293,6;292,8;291,9;290,9;289,9;288,9;298,3;298,2;298,1;297,9;297,3;296,6;295,9;295,3;294,6;293,8;293,0;292,2;291,3;299,6;299,4;299,2;299,0;298,5;297,9;297,3;296,7;296,1;295,4;294,7;294,0;293,3;300,9;300,7;300,4;300,2;299,6;299,1;298,6;298,1;297,6;297,0;296,4;295,8;295,2;302,2;301,9;301,6;301,3;300,8;300,4;299,9;299,4;299,0;298,5;298,0;297,5;297,0;303,4;303,1;302,7;302,4;302,0;301,5;301,1;300,7;300,3;299,8;299,4;298,9;298,5;304,4;304,1;303,8;303,4;303,0;302,6;302,2;301,8;301,4;301,0;300,5;300,0;299,6;305,5;305,1;304,8;304,5;304,1;303,7;303,3;302,9;302,5;302,1;301,6;301,1;300,7;306,5;306,2;305,8;305,5;305,1;304,7;304,3;303,9;303,6;303,1;302,6;302,2;301,7
56;291,5;291,8;292,0;292,2;291,3;290,4;289,4;288,3;287,2;285,5;283,7;281,6;279,3;293,6;293,8;294,1;294,3;293,4;292,4;291,4;290,3;289,2;287,4;285,4;283,2;280,9;295,4;295,6;295,7;295,8;294,9;294,0;293,1;292,1;291,1;289,6;287,9;286,2;284,4;297,3;297,3;297,2;297,2;296,4;295,6;294,7;293,8;292,9;291,6;290,3;288,9;287,5;299,0;298,9;298,8;298,7;297,9;297,1;296,3;295,4;294,5;293,5;292,5;291,4;290,3;300,6;300,4;300,2;300,0;299,2;298,4;297,7;296,9;296,1;295,2;294,4;293,5;292,6;301,6;301,3;301,1;300,8;300,2;299,5;298,8;298,1;297,3;296,6;295,9;295,2;294,5;302,6;302,3;302,0;301,7;301,1;300,5;299,8;299,2;298,6;298,0;297,4;296,8;296,2;303,6;303,3;302,9;302,6;302,0;301,5;300,9;300,4;299,8;299,3;298,8;298,3;297,9;304,6;304,2;303,9;303,5;303,0;302,5;302,0;301,5;301,0;300,6;300,2;299,8;299,4;305,4;305,1;304,8;304,5;304,0;303,6;303,2;302,7;302,3;301,9;301,5;301,1;300,7;306,3;306,0;305,7;305,4;305,0;304,7;304,3;303,9;303,5;303,1;302,8;302,4;302,0;307,2;306,9;306,7;306,4;306,0;305,7;305,4;305,0;304,7;304,3;304,0;303,6;303,2
57;294,8;294,9;295,1;295,2;294,2;293,1;292,0;290,8;289,5;287,6;285,5;283,1;280,5;296,8;297,0;297,1;297,2;296,2;295,1;294,0;292,9;291,6;289,6;287,4;285,0;282,3;298,4;298,4;298,5;298,5;297,5;296,5;295,5;294,4;293,2;291,6;289,8;287,9;285,8;300,0;299,9;299,8;299,7;298,8;297,8;296,8;295,8;294,8;293,4;292,0;290,5;288,9;301,5;301,3;301,1;300,9;300,0;299,1;298,2;297,2;296,3;295,2;294,0;292,8;291,6;302,8;302,5;302,2;301,9;301,1;300,2;299,4;298,5;297,6;296,7;295,8;294,9;293,9;303,5;303,2;302,9;302,6;301,8;301,0;300,2;299,4;298,6;297,9;297,1;296,4;295,6;304,2;303,9;303,5;303,2;302,5;301,8;301,1;300,3;299,6;299,0;298,4;297,8;297,2;304,9;304,6;304,2;303,9;303,2;302,6;301,9;301,3;300,6;300,1;299,7;299,2;298,8;305,6;305,3;305,0;304,6;304,1;303,5;302,9;302,4;301,8;301,4;301,0;300,7;300,3;306,4;306,1;305,8;305,5;305,0;304,6;304,1;303,7;303,2;302,9;302,5;302,2;301,9;307,1;306,9;306,6;306,4;306,0;305,6;305,3;304,9;304,6;304,3;304,0;303,7;303,4;307,9;307,7;307,5;307,3;307,0;306,7;306,4;306,2;305,9;305,6;305,3;305,1;304,8
58;298,0;298,0;298,1;298,1;297,0;295,8;294,6;293,3;291,9;289,7;287,3;284,7;281,7;300,0;300,0;300,0;300,1;299,0;297,8;296,6;295,4;294,0;291,8;289,4;286,7;283,8;301,3;301,2;301,1;301,1;300,0;299,0;297,8;296,6;295,4;293,6;291,6;289,5;287,3;302,6;302,4;302,2;302,0;301,1;300,0;299,0;297,9;296,7;295,2;293,7;292,0;290,3;303,8;303,5;303,3;303,0;302,1;301,1;300,1;299,0;298,0;296,8;295,6;294,3;293,0;304,8;304,5;304,1;303,8;302,9;302,0;301,0;300,1;299,1;298,1;297,2;296,2;295,3;305,3;304,9;304,6;304,2;303,4;302,5;301,7;300,8;299,9;299,1;298,4;297,6;296,8;305,7;305,3;305,0;304,6;303,9;303,1;302,3;301,5;300,6;300,1;299,5;298,9;298,3;306,1;305,8;305,4;305,1;304,4;303,6;302,9;302,2;301,4;301,0;300,5;300,1;299,7;306,6;306,3;306,0;305,7;305,1;304,4;303,8;303,2;302,6;302,2;301,9;301,6;301,2;307,3;307,0;306,8;306,5;306,0;305,5;305,1;304,6;304,1;303,8;303,6;303,3;303,0;307,9;307,7;307,5;307,3;307,0;306,6;306,3;306,0;305,6;305,4;305,2;305,0;304,8;308,6;308,4;308,3;308,1;307,9;307,7;307,5;307,3;307,1;306,9;306,8;306,6;306,4
59;298,8;299,0;299,2;299,5;298,5;297,4;296,3;295,2;293,9;291,9;289,6;287,1;284,3;300,4;300,6;300,8;301,1;300,1;299,1;298,1;297,0;295,9;293,8;291,5;289,1;286,4;301,5;301,6;301,7;301,8;301,0;300,0;299,1;298,1;297,1;295,4;293,5;291,5;289,4;302,6;302,6;302,6;302,6;301,8;300,9;300,0;299,1;298,2;296,8;295,3;293,8;292,1;303,7;303,6;303,4;303,3;302,6;301,8;301,0;300,1;299,3;298,2;297,0;295,8;294,5;304,6;304,4;304,2;304,0;303,3;302,5;301,8;301,0;300,2;299,3;298,4;297,5;296,6;305,0;304,8;304,6;304,4;303,7;303,1;302,4;301,7;301,0;300,3;299,6;298,8;298,1;305,5;305,3;305,1;304,8;304,2;303,6;303,0;302,4;301,7;301,2;300,7;300,1;299,6;306,0;305,8;305,5;305,3;304,7;304,2;303,6;303,1;302,5;302,1;301,7;301,4;301,0;306,6;306,4;306,2;306,0;305,5;305,1;304,6;304,1;303,7;303,4;303,2;302,9;302,6;307,3;307,2;307,0;306,9;306,6;306,3;306,0;305,7;305,4;305,2;305,0;304,8;304,6;308,0;308,0;307,9;307,9;307,7;307,6;307,4;307,2;307,1;306,9;306,8;306,7;306,6;308,8;308,8;308,8;308,9;308,8;308,8;308,8;308,8;308,8;308,7;308,6;308,5;308,4
60;299,6;300,0;300,4;300,8;299,9;298,9;298,0;296,9;295,9;293,9;291,8;289,4;286,7;300,8;301,2;301,6;302,0;301,2;300,3;299,5;298,6;297,6;295,7;293,5;291,2;288,7;301,8;302,0;302,3;302,6;301,8;301,1;300,3;299,5;298,6;297,0;295,3;293,4;291,4;302,7;302,8;303,0;303,1;302,4;301,8;301,0;300,3;299,6;298,3;296,8;295,4;293,8;303,5;303,6;303,6;303,6;303,0;302,4;301,8;301,1;300,5;299,4;298,3;297,2;296,0;304,3;304,2;304,2;304,1;303,6;303,0;302,5;301,9;301,3;300,5;299,6;298,7;297,8;304,8;304,7;304,7;304,6;304,1;303,6;303,1;302,6;302,0;301,4;300,7;300,1;299,4;305,3;305,2;305,1;305,0;304,6;304,1;303,7;303,2;302,8;302,3;301,8;301,3;300,8;305,9;305,7;305,6;305,5;305,1;304,7;304,3;303,9;303,5;303,2;302,9;302,6;302,3;306,5;306,4;306,3;306,2;305,9;305,6;305,4;305,0;304,7;304,6;304,4;304,2;304,0;307,3;307,3;307,3;307,3;307,2;307,0;306,9;306,8;306,6;306,5;306,4;306,3;306,2;308,2;308,2;308,3;308,4;308,4;308,5;308,5;308,5;308,5;308,5;308,5;308,4;308,4;309,0;309,2;309,4;309,6;309,7;309,9;310,1;310,3;310,4;310,5;310,5;310,6;310,6
61;300,5;301,0;301,5;302,0;301,2;300,4;299,5;298,6;297,7;295,8;293,7;291,4;288,9;301,2;301,8;302,4;302,9;302,2;301,5;300,8;300,0;299,3;297,4;295,4;293,2;290,9;302,0;302,4;302,8;303,3;302,7;302,0;301,4;300,7;300,1;298,5;296,9;295,1;293,2;302,7;303,0;303,3;303,6;303,1;302,5;302,0;301,4;300,9;299,6;298,3;296,8;295,3;303,4;303,6;303,8;304,0;303,5;303,0;302,6;302,1;301,6;300,6;299,5;298,4;297,3;304,0;304,1;304,2;304,3;303,9;303,5;303,1;302,7;302,3;301,5;300,7;299,9;299,0;304,6;304,7;304,7;304,8;304,4;304,1;303,7;303,4;303,0;302,4;301,8;301,2;300,6;305,2;305,2;305,2;305,2;304,9;304,6;304,3;304,0;303,7;303,3;302,9;302,5;302,1;305,7;305,7;305,7;305,7;305,4;305,2;305,0;304,7;304,5;304,2;304,0;303,8;303,5;306,4;306,5;306,5;306,5;306,4;306,2;306,1;305,9;305,8;305,7;305,6;305,5;305,4;307,4;307,5;307,6;307,7;307,7;307,8;307,8;307,8;307,8;307,8;307,9;307,9;307,9;308,3;308,5;308,7;309,0;309,2;309,4;309,6;309,8;310,0;310,1;310,1;310,2;310,3;309,2;309,6;309,9;310,3;310,6;311,0;311,4;311,8;312,2;312,3;312,5;312,7;312,8
62;300,1;300,6;301,0;301,5;300,8;300,1;299,4;298,6;297,9;296,3;294,5;292,7;290,6;301,0;301,5;302,0;302,4;301,8;301,2;300,6;300,0;299,4;297,8;296,2;294,4;292,5;301,8;302,2;302,5;302,9;302,4;301,8;301,3;300,8;300,2;299,0;297,7;296,3;294,8;302,6;302,8;303,1;303,3;302,9;302,4;302,0;301,5;301,1;300,1;299,1;298,0;296,8;303,2;303,4;303,6;303,7;303,4;303,0;302,6;302,2;301,9;301,1;300,4;299,6;298,7;303,9;304,0;304,0;304,1;303,8;303,5;303,2;302,9;302,6;302,1;301,6;301,0;300,4;304,4;304,5;304,5;304,6;304,3;304,1;303,8;303,6;303,4;303,0;302,7;302,3;301,9;304,9;304,9;305,0;305,0;304,8;304,6;304,5;304,3;304,1;303,9;303,8;303,6;303,4;305,4;305,4;305,4;305,4;305,3;305,2;305,1;305,0;304,8;304,9;304,9;304,9;304,9;306,1;306,1;306,1;306,2;306,2;306,1;306,1;306,1;306,1;306,3;306,4;306,5;306,7;306,9;307,0;307,1;307,3;307,4;307,5;307,7;307,8;308,0;308,2;308,5;308,7;308,9;307,7;308,0;308,2;308,4;308,7;309,0;309,3;309,6;310,0;310,3;310,6;311,0;311,3;308,6;308,9;309,2;309,6;310,0;310,5;311,0;311,5;312,0;312,4;312,8;313,3;313,7
63;299,8;300,1;300,5;300,9;300,3;299,8;299,2;298,6;298,0;296,7;295,4;293,9;292,3;300,9;301,2;301,6;301,9;301,4;301,0;300,5;300,0;299,5;298,2;296,9;295,6;294,1;301,6;301,9;302,2;302,5;302,1;301,6;301,2;300,8;300,4;299,4;298,4;297,4;296,3;302,4;302,6;302,8;303,0;302,6;302,3;302,0;301,6;301,3;300,6;299,8;299,1;298,3;303,1;303,2;303,3;303,5;303,2;302,9;302,7;302,4;302,1;301,7;301,2;300,6;300,1;303,7;303,8;303,9;303,9;303,7;303,5;303,3;303,1;302,9;302,7;302,4;302,1;301,8;304,2;304,2;304,3;304,3;304,2;304,1;303,9;303,8;303,7;303,6;303,5;303,4;303,3;304,7;304,7;304,7;304,8;304,7;304,6;304,6;304,5;304,4;304,5;304,6;304,7;304,7;305,1;305,2;305,2;305,2;305,2;305,2;305,2;305,2;305,2;305,5;305,7;306,0;306,2;305,7;305,8;305,8;305,8;306,0;306,1;306,2;306,3;306,4;306,8;307,2;307,6;307,9;306,5;306,6;306,7;306,8;307,1;307,3;307,6;307,9;308,1;308,6;309,1;309,6;310,1;307,2;307,4;307,6;307,8;308,2;308,7;309,1;309,5;309,9;310,5;311,1;311,7;312,3;307,9;308,2;308,6;308,9;309,4;310,0;310,6;311,2;311,8;312,5;313,2;313,9;314,6
64;299,4;299,7;300,0;300,3;299,9;299,4;299,0;298,6;298,2;297,2;296,2;295,1;293,9;300,7;300,9;301,2;301,4;301,0;300,7;300,3;299,9;299,6;298,6;297,7;296,7;295,6;301,5;301,7;301,9;302,0;301,7;301,4;301,1;300,9;300,6;299,9;299,2;298,5;297,7;302,2;302,4;302,5;302,6;302,4;302,2;302,0;301,7;301,5;301,1;300,6;300,1;299,7;302,9;303,0;303,1;303,2;303,0;302,9;302,7;302,6;302,4;302,2;301,9;301,7;301,4;303,5;303,6;303,7;303,7;303,6;303,5;303,4;303,3;303,2;303,2;303,1;303,1;303,1;304,0;304,0;304,1;304,1;304,1;304,1;304,1;304,0;304,0;304,1;304,3;304,4;304,5;304,4;304,5;304,5;304,5;304,6;304,6;304,7;304,7;304,8;305,1;305,4;305,7;306,0;304,8;304,9;304,9;304,9;305,0;305,2;305,3;305,5;305,6;306,1;306,5;307,0;307,5;305,4;305,4;305,5;305,5;305,8;306,0;306,2;306,5;306,7;307,3;308,0;308,6;309,2;306,0;306,1;306,2;306,4;306,8;307,1;307,5;307,9;308,3;309,0;309,7;310,4;311,2;306,6;306,8;307,1;307,3;307,8;308,3;308,8;309,4;309,9;310,8;311,6;312,4;313,3;307,3;307,6;307,9;308,2;308,9;309,5;310,2;311,0;311,7;312,6;313,6;314,6;315,6
65;299,8;300,2;300,5;300,8;300,4;300,0;299,5;299,1;298,6;297,6;296,6;295,5;294,2;301,1;301,4;301,7;302,0;301,6;301,2;300,9;300,5;300,1;299,1;298,1;297,1;296,0;301,7;302,0;302,2;302,5;302,2;301,9;301,6;301,3;301,0;300,3;299,6;298,9;298,1;302,3;302,5;302,7;302,9;302,7;302,5;302,3;302,1;301,8;301,4;301,0;300,5;300,1;302,9;303,0;303,2;303,4;303,2;303,1;302,9;302,8;302,7;302,5;302,3;302,1;301,8;303,4;303,5;303,6;303,8;303,7;303,6;303,6;303,5;303,4;303,4;303,4;303,4;303,4;303,7;303,8;303,9;304,1;304,1;304,1;304,1;304,1;304,1;304,3;304,5;304,6;304,8;304,0;304,1;304,2;304,3;304,4;304,5;304,6;304,7;304,9;305,2;305,5;305,9;306,2;304,3;304,4;304,5;304,6;304,8;305,0;305,2;305,4;305,6;306,1;306,6;307,1;307,7;304,6;304,8;304,9;305,1;305,4;305,7;306,0;306,3;306,6;307,2;307,9;308,5;309,2;305,2;305,4;305,6;305,8;306,2;306,7;307,1;307,5;308,0;308,7;309,5;310,2;311,0;305,7;306,0;306,2;306,5;307,1;307,7;308,2;308,8;309,4;310,3;311,1;312,0;313,0;306,2;306,5;306,9;307,3;308,0;308,7;309,4;310,2;310,9;311,9;312,9;314,0;315,0
66;300,3;300,7;301,1;301,4;301,0;300,5;300,1;299,6;299,1;298,1;297,0;295,9;294,6;301,5;301,9;302,3;302,7;302,3;301,9;301,4;301,0;300,6;299,6;298,6;297,5;296,4;302,0;302,3;302,6;303,0;302,7;302,4;302,0;301,7;301,4;300,8;300,0;299,3;298,5;302,4;302,7;303,0;303,3;303,0;302,8;302,6;302,4;302,2;301,8;301,4;300,9;300,5;302,8;303,1;303,3;303,5;303,4;303,3;303,2;303,0;302,9;302,8;302,6;302,4;302,2;303,2;303,4;303,6;303,8;303,8;303,7;303,7;303,6;303,6;303,7;303,7;303,7;303,8;303,3;303,5;303,8;304,0;304,0;304,1;304,1;304,2;304,3;304,5;304,7;304,9;305,1;303,5;303,7;303,9;304,1;304,3;304,4;304,6;304,8;304,9;305,3;305,7;306,1;306,5;303,6;303,9;304,1;304,3;304,6;304,8;305,1;305,3;305,6;306,1;306,7;307,2;307,8;303,9;304,2;304,4;304,7;305,0;305,4;305,7;306,1;306,4;307,1;307,8;308,5;309,2;304,3;304,6;304,9;305,2;305,7;306,2;306,6;307,1;307,6;308,4;309,2;310,0;310,9;304,7;305,0;305,4;305,8;306,4;307,0;307,6;308,2;308,8;309,7;310,7;311,6;312,6;305,0;305,5;305,9;306,4;307,1;307,9;308,6;309,4;310,1;311,2;312,2;313,4;314,5
67;300,8;301,3;301,7;302,1;301,6;301,1;300,6;300,1;299,6;298,6;297,5;296,3;295,0;302,0;302,4;302,9;303,3;302,9;302,5;302,1;301,6;301,2;300,2;299,1;298,0;296,8;302,3;302,7;303,1;303,5;303,1;302,8;302,5;302,2;301,9;301,2;300,5;299,7;299,0;302,5;302,9;303,2;303,6;303,4;303,2;303,0;302,8;302,6;302,2;301,8;301,3;300,9;302,8;303,1;303,4;303,7;303,6;303,5;303,4;303,3;303,2;303,1;302,9;302,8;302,7;302,9;303,3;303,5;303,8;303,8;303,8;303,8;303,8;303,8;303,9;304,0;304,1;304,2;303,0;303,3;303,6;303,9;304,0;304,1;304,2;304,3;304,4;304,6;304,9;305,2;305,4;303,0;303,3;303,6;303,9;304,1;304,4;304,6;304,8;305,0;305,4;305,8;306,2;306,7;303,0;303,3;303,7;304,0;304,3;304,6;304,9;305,2;305,5;306,1;306,7;307,3;308,0;303,1;303,5;303,9;304,2;304,6;305,0;305,5;305,9;306,3;307,0;307,7;308,5;309,3;303,4;303,8;304,2;304,6;305,2;305,7;306,2;306,7;307,3;308,1;308,9;309,8;310,7;303,6;304,1;304,6;305,1;305,7;306,3;307,0;307,6;308,3;309,2;310,2;311,2;312,2;303,9;304,4;305,0;305,5;306,2;307,0;307,8;308,6;309,4;310,4;311,5;312,7;314,0
68;297,0;297,9;298,8;299,6;299,4;299,2;299,0;298,8;298,6;297,6;296,6;295,5;294,4;297,9;298,9;299,8;300,7;300,6;300,4;300,3;300,2;300,0;299,1;298,2;297,1;296,1;298,2;299,1;300,0;300,8;300,8;300,8;300,8;300,7;300,7;300,1;299,5;298,9;298,3;298,5;299,4;300,2;301,0;301,1;301,1;301,2;301,3;301,4;301,1;300,8;300,5;300,2;298,8;299,6;300,4;301,1;301,3;301,5;301,7;301,8;302,0;302,0;302,0;302,0;302,0;299,0;299,8;300,5;301,2;301,5;301,8;302,0;302,3;302,6;302,8;303,0;303,2;303,5;299,2;299,9;300,6;301,3;301,6;302,0;302,3;302,7;303,0;303,4;303,8;304,2;304,6;299,4;300,1;300,7;301,3;301,8;302,2;302,6;303,1;303,5;304,0;304,6;305,1;305,7;299,6;300,2;300,8;301,3;301,9;302,4;302,9;303,5;304,0;304,7;305,4;306,1;306,8;299,9;300,4;301,0;301,6;302,2;302,8;303,4;304,0;304,6;305,4;306,2;307,1;307,9;300,2;300,9;301,5;302,1;302,8;303,4;304,1;304,8;305,5;306,3;307,2;308,1;309,1;300,6;301,3;301,9;302,6;303,3;304,1;304,8;305,6;306,4;307,3;308,3;309,3;310,4;301,0;301,7;302,4;303,1;303,9;304,7;305,6;306,4;307,3;308,3;309,4;310,5;311,7
69;292,6;294,0;295,5;296,8;297,0;297,1;297,2;297,3;297,4;296,6;295,7;294,7;293,7;293,3;294,8;296,3;297,7;297,9;298,2;298,4;298,6;298,8;298,0;297,1;296,3;295,3;293,6;295,1;296,5;297,9;298,2;298,5;298,8;299,2;299,5;299,0;298,5;298,0;297,5;293,9;295,4;296,7;298,0;298,5;298,9;299,3;299,7;300,1;300,0;299,8;299,7;299,5;294,2;295,6;296,9;298,2;298,7;299,2;299,7;300,2;300,7;300,9;301,0;301,1;301,3;294,5;295,9;297,1;298,3;298,9;299,5;300,1;300,7;301,2;301,6;302,0;302,3;302,7;294,9;296,1;297,3;298,3;299,0;299,7;300,4;301,0;301,6;302,1;302,7;303,2;303,7;295,3;296,4;297,4;298,4;299,1;299,9;300,6;301,3;302,0;302,6;303,3;304,0;304,7;295,7;296,7;297,6;298,4;299,3;300,1;300,8;301,6;302,4;303,2;304,0;304,8;305,7;296,2;297,1;297,9;298,7;299,6;300,4;301,3;302,1;302,9;303,8;304,7;305,6;306,6;296,7;297,6;298,5;299,3;300,2;301,1;301,9;302,8;303,6;304,5;305,5;306,4;307,4;297,3;298,2;299,1;299,9;300,8;301,7;302,6;303,5;304,4;305,3;306,3;307,3;308,4;297,8;298,7;299,6;300,5;301,4;302,4;303,3;304,3;305,2;306,2;307,2;308,3;309,4
70;287,5;289,7;291,8;293,7;294,2;294,7;295,2;295,7;296,2;295,5;294,7;293,9;293,0;287,9;290,2;292,4;294,4;295,0;295,6;296,2;296,8;297,4;296,7;296,0;295,3;294,5;288,3;290,5;292,6;294,6;295,3;296,0;296,7;297,4;298,1;297,8;297,4;297,1;296,7;288,6;290,8;292,8;294,8;295,6;296,4;297,2;298,0;298,7;298,7;298,7;298,7;298,7;289,0;291,1;293,0;294,9;295,9;296,8;297,7;298,5;299,3;299,6;299,9;300,2;300,5;289,4;291,4;293,3;295,0;296,1;297,1;298,0;298,9;299,8;300,4;300,9;301,4;301,9;290,1;291,8;293,5;295,1;296,2;297,2;298,2;299,2;300,1;300,8;301,4;302,1;302,8;290,7;292,3;293,8;295,2;296,3;297,4;298,4;299,4;300,4;301,2;302,0;302,8;303,6;291,4;292,7;294,0;295,3;296,4;297,5;298,6;299,6;300,6;301,6;302,5;303,5;304,5;292,1;293,3;294,5;295,7;296,8;297,9;299,0;300,0;301,1;302,1;303,1;304,1;305,2;292,8;294,1;295,2;296,4;297,5;298,6;299,6;300,7;301,7;302,7;303,7;304,7;305,7;293,6;294,8;296,0;297,1;298,2;299,2;300,3;301,3;302,4;303,3;304,3;305,3;306,4;294,3;295,5;296,7;297,8;298,8;299,9;301,0;302,0;303,1;304,0;304,9;306,0;307,1
71;279,5;281,9;284,1;286,2;287,1;288,0;288,9;289,7;290,6;290,2;289,8;289,4;288,9;279,9;282,4;284,8;287,0;288,0;289,0;289,9;290,8;291,8;291,4;291,0;290,7;290,3;280,6;283,0;285,3;287,5;288,5;289,6;290,6;291,7;292,7;292,7;292,7;292,7;292,7;281,2;283,5;285,7;287,9;289,0;290,2;291,3;292,4;293,5;293,8;294,2;294,5;294,8;281,8;284,0;286,2;288,2;289,5;290,8;292,0;293,2;294,3;294,9;295,5;296,1;296,7;282,5;284,7;286,7;288,6;290,0;291,3;292,6;293,8;295,0;295,8;296,7;297,5;298,3;283,7;285,6;287,4;289,1;290,5;291,8;293,1;294,4;295,6;296,6;297,5;298,4;299,4;284,8;286,4;288,0;289,5;290,9;292,3;293,7;295,0;296,2;297,3;298,3;299,4;300,4;285,9;287,3;288,6;289,9;291,4;292,8;294,2;295,5;296,8;297,9;299,1;300,3;301,5;286,9;288,2;289,4;290,6;292,1;293,5;294,8;296,2;297,4;298,6;299,8;301,1;302,3;287,9;289,2;290,4;291,6;293,0;294,4;295,7;297,0;298,2;299,4;300,5;301,6;302,8;288,9;290,2;291,4;292,6;294,0;295,3;296,6;297,8;299,1;300,1;301,2;302,3;303,4;289,9;291,2;292,4;293,6;294,9;296,2;297,4;298,7;299,9;300,9;301,9;303,0;304,1
72;271,2;273,6;275,9;278,1;279,4;280,6;281,9;283,1;284,4;284,4;284,4;284,4;284,4;271,5;274,1;276,6;279,0;280,3;281,6;282,9;284,2;285,5;285,5;285,5;285,5;285,5;272,4;274,9;277,3;279,6;281,0;282,5;283,9;285,3;286,6;287,0;287,4;287,8;288,2;273,2;275,6;278,0;280,2;281,8;283,3;284,8;286,2;287,7;288,4;289,1;289,8;290,5;274,0;276,4;278,6;280,8;282,5;284,1;285,7;287,2;288,7;289,6;290,6;291,6;292,6;275,0;277,2;279,4;281,4;283,2;284,9;286,5;288,1;289,6;290,8;292,0;293,2;294,3;276,6;278,5;280,4;282,2;284,0;285,8;287,4;289,0;290,6;291,9;293,2;294,5;295,7;278,2;279,8;281,4;283,0;284,9;286,6;288,3;290,0;291,5;292,9;294,3;295,7;297,0;279,7;281,1;282,5;283,8;285,7;287,5;289,2;290,9;292,5;294,0;295,4;296,9;298,3;281,1;282,4;283,6;284,8;286,7;288,5;290,2;291,9;293,4;294,9;296,4;297,8;299,3;282,4;283,7;285,0;286,2;288,0;289,7;291,3;292,9;294,5;295,8;297,1;298,5;299,8;283,6;285,0;286,3;287,5;289,2;290,9;292,5;294,0;295,5;296,7;297,9;299,2;300,5;284,9;286,2;287,6;288,8;290,5;292,1;293,6;295,1;296,6;297,7;298,8;299,9;301,1
73;262,9;265,2;267,4;269,7;271,2;272,8;274,4;276,0;277,6;278,0;278,4;278,8;279,2;263,1;265,6;268,1;270,5;272,1;273,7;275,4;277,0;278,7;279,1;279,5;279,9;280,4;264,0;266,5;268,9;271,2;273,0;274,8;276,5;278,3;280,0;280,8;281,6;282,4;283,3;265,0;267,4;269,7;271,9;273,9;275,7;277,6;279,4;281,2;282,4;283,5;284,7;285,8;265,9;268,2;270,5;272,6;274,7;276,7;278,7;280,6;282,4;283,9;285,3;286,7;288,1;267,1;269,3;271,4;273,5;275,6;277,7;279,8;281,7;283,6;285,3;286,9;288,5;290,1;269,0;270,9;272,8;274,6;276,8;279,0;281,1;283,1;285,0;286,8;288,5;290,2;291,8;270,9;272,6;274,2;275,7;278,0;280,3;282,4;284,5;286,4;288,2;290,0;291,8;293,5;272,8;274,2;275,5;276,8;279,2;281,5;283,7;285,8;287,7;289,6;291,5;293,3;295,1;274,6;275,8;277,1;278,2;280,6;282,9;285,1;287,1;289,1;290,9;292,7;294,5;296,2;276,1;277,4;278,7;280,0;282,3;284,5;286,6;288,5;290,4;292,0;293,6;295,2;296,8;277,6;279,0;280,4;281,7;283,9;286,0;288,0;289,9;291,8;293,2;294,6;296,0;297,5;279,0;280,6;282,0;283,4;285,5;287,5;289,5;291,3;293,1;294,3;295,6;296,9;298,2
74;259,7;261,6;263,5;265,3;266,4;267,5;268,6;269,7;270,9;271,1;271,2;271,4;271,6;260,1;262,3;264,3;266,4;267,5;268,6;269,8;270,9;272,1;272,3;272,5;272,7;272,9;261,3;263,3;265,3;267,3;268,5;269,8;271,1;272,3;273,6;274,2;274,9;275,5;276,2;262,4;264,4;266,3;268,2;269,6;270,9;272,3;273,7;275,1;276,1;277,1;278,1;279,1;263,5;265,4;267,3;269,1;270,6;272,1;273,6;275,0;276,5;277,8;279,1;280,4;281,7;264,8;266,6;268,4;270,1;271,7;273,3;274,9;276,4;277,9;279,5;281,0;282,5;284,1;266,9;268,4;269,8;271,3;273,0;274,7;276,4;278,0;279,6;281,3;283,0;284,7;286,3;268,9;270,1;271,3;272,5;274,4;276,2;278,0;279,7;281,3;283,2;285,0;286,8;288,5;271,0;272,0;272,9;273,7;275,7;277,7;279,5;281,3;283,0;285,0;286,9;288,8;290,6;272,7;273,5;274,3;275,1;277,2;279,1;281,0;282,9;284,6;286,6;288,5;290,3;292,1;273,9;274,8;275,7;276,6;278,6;280,6;282,6;284,4;286,2;287,9;289,7;291,3;293,0;275,1;276,1;277,1;278,0;280,1;282,1;284,1;285,9;287,7;289,3;290,9;292,4;293,9;276,4;277,4;278,5;279,5;281,6;283,6;285,6;287,5;289,3;290,7;292,1;293,5;294,9
75;256,6;258,1;259,6;261,1;261,6;262,2;262,8;263,4;264,0;263,9;263,7;263,6;263,4;257,3;259,0;260,7;262,3;262,9;263,5;264,1;264,8;265,4;265,3;265,1;265,0;264,8;258,6;260,2;261,8;263,4;264,1;264,8;265,6;266,3;267,1;267,4;267,7;268,0;268,4;259,9;261,4;263,0;264,5;265,3;266,1;266,9;267,8;268,6;269,4;270,1;270,9;271,7;261,2;262,7;264,1;265,6;266,5;267,4;268,3;269,2;270,2;271,2;272,3;273,5;274,6;262,6;264,0;265,4;266,7;267,7;268,7;269,7;270,7;271,8;273,1;274,5;275,9;277,3;264,7;265,8;266,9;267,9;269,1;270,2;271,4;272,6;273,7;275,3;276,9;278,5;280,1;266,9;267,7;268,4;269,2;270,5;271,8;273,1;274,4;275,7;277,5;279,3;281,1;282,9;269,2;269,6;270,1;270,5;272,0;273,4;274,9;276,3;277,6;279,7;281,7;283,7;285,6;270,8;271,1;271,4;271,7;273,3;274,9;276,5;278,0;279,5;281,6;283,6;285,6;287,5;271,6;272,0;272,4;272,7;274,6;276,3;278,1;279,7;281,3;283,2;285,1;287,0;288,8;272,5;272,9;273,4;273,8;275,8;277,7;279,6;281,4;283,1;284,9;286,7;288,4;290,1;273,4;273,9;274,4;274,9;277,1;279,2;281,1;283,0;284,8;286,5;288,2;289,8;291,4
76;253,6;254,8;255,9;257,1;257,1;257,1;257,1;257,2;257,2;256,7;256,1;255,5;254,8;254,5;255,9;257,2;258,5;258,5;258,6;258,6;258,7;258,8;258,2;257,6;257,0;256,3;256,0;257,2;258,5;259,7;259,8;260,0;260,1;260,2;260,4;260,3;260,3;260,2;260,1;257,4;258,6;259,8;260,9;261,1;261,3;261,6;261,8;262,0;262,4;262,8;263,2;263,6;258,9;260,0;261,1;262,2;262,4;262,7;263,0;263,3;263,6;264,3;265,1;266,0;266,8;260,5;261,5;262,4;263,4;263,8;264,1;264,5;264,9;265,2;266,4;267,5;268,7;269,9;262,6;263,3;263,9;264,5;265,1;265,6;266,2;266,7;267,3;268,8;270,2;271,7;273,2;264,9;265,2;265,4;265,7;266,4;267,2;267,9;268,6;269,4;271,2;273,0;274,8;276,6;267,3;267,2;267,1;267,0;267,9;268,8;269,7;270,6;271,5;273,7;275,8;277,8;279,8;268,8;268,5;268,2;268,0;269,1;270,3;271,5;272,6;273,7;275,9;278,1;280,3;282,3;269,2;269,0;268,7;268,5;270,0;271,5;273,0;274,4;275,8;277,9;280,1;282,1;284,1;269,6;269,4;269,3;269,1;271,0;272,8;274,5;276,2;277,8;279,9;282,0;284,0;285,9;270,0;269,9;269,8;269,7;271,9;274,0;276,1;278,0;279,8;281,9;283,9;285,8;287,7
77;251,9;253,1;254,2;255,3;255,4;255,4;255,4;255,5;255,5;254,9;254,1;253,3;252,4;253,3;254,7;256,0;257,3;257,3;257,4;257,5;257,5;257,6;256,8;256,0;255,2;254,3;255,1;256,4;257,7;258,9;259,0;259,1;259,3;259,4;259,5;259,1;258,8;258,3;257,9;256,8;258,1;259,3;260,5;260,7;260,9;261,1;261,3;261,4;261,4;261,4;261,3;261,3;258,6;259,8;261,0;262,2;262,4;262,6;262,9;263,1;263,3;263,6;263,8;264,1;264,4;260,4;261,5;262,6;263,7;264,0;264,3;264,6;264,9;265,1;265,7;266,2;266,8;267,3;262,7;263,5;264,2;265,0;265,3;265,7;266,1;266,5;266,8;267,7;268,6;269,5;270,3;265,1;265,5;265,9;266,3;266,8;267,2;267,7;268,1;268,6;269,8;271,0;272,2;273,4;267,7;267,7;267,7;267,7;268,3;268,8;269,4;269,9;270,5;272,0;273,5;275,0;276,5;269,2;269,0;268,7;268,5;269,3;270,0;270,7;271,4;272,1;273,8;275,5;277,2;278,8;269,4;269,1;268,8;268,5;269,6;270,6;271,5;272,5;273,5;275,3;277,0;278,8;280,5;269,6;269,2;268,9;268,6;269,9;271,2;272,4;273,7;274,8;276,7;278,5;280,3;282,1;269,8;269,4;269,0;268,6;270,2;271,8;273,3;274,8;276,2;278,2;280,1;281,9;283,8
78;250,1;251,3;252,5;253,6;253,6;253,7;253,7;253,8;253,9;253,1;252,2;251,3;250,2;252,1;253,5;254,8;256,1;256,2;256,2;256,3;256,3;256,4;255,5;254,5;253,5;252,3;254,2;255,6;256,9;258,1;258,2;258,3;258,4;258,6;258,7;258,0;257,3;256,5;255,7;256,2;257,6;258,9;260,2;260,3;260,5;260,6;260,7;260,9;260,5;260,0;259,5;259,0;258,3;259,6;260,9;262,2;262,4;262,6;262,7;262,9;263,1;262,8;262,6;262,3;262,0;260,4;261,6;262,8;264,0;264,2;264,4;264,6;264,8;265,1;265,0;264,9;264,8;264,8;262,8;263,7;264,6;265,4;265,6;265,8;266,0;266,2;266,4;266,6;266,9;267,1;267,4;265,4;265,9;266,4;266,9;267,1;267,3;267,4;267,6;267,8;268,4;268,9;269,5;270,0;268,0;268,2;268,3;268,5;268,7;268,8;269,0;269,2;269,4;270,2;271,1;271,9;272,8;269,5;269,4;269,2;269,1;269,4;269,7;269,9;270,2;270,4;271,6;272,7;273,8;274,9;269,5;269,2;268,9;268,6;269,1;269,6;270,0;270,5;271,0;272,3;273,7;275,0;276,3;269,6;269,0;268,5;268,0;268,7;269,4;270,2;270,9;271,6;273,1;274,7;276,2;277,7;269,6;268,9;268,1;267,4;268,4;269,3;270,3;271,2;272,1;273,9;275,7;277,5;279,2
79;248,3;249,5;250,7;251,8;251,9;252,0;252,1;252,1;252,2;251,3;250,4;249,3;248,1;250,9;252,3;253,6;254,9;255,0;255,0;255,1;255,2;255,3;254,2;253,0;251,8;250,5;253,3;254,7;256,0;257,3;257,4;257,5;257,6;257,7;257,8;256,9;255,9;254,8;253,7;255,6;257,1;258,5;259,8;259,9;260,0;260,1;260,3;260,4;259,5;258,6;257,7;256,7;258,0;259,4;260,8;262,2;262,3;262,5;262,6;262,7;262,9;262,1;261,3;260,5;259,6;260,3;261,7;263,1;264,4;264,5;264,6;264,7;264,8;265,0;264,3;263,6;262,9;262,2;262,9;263,9;264,9;265,9;265,9;265,9;265,9;265,9;266,0;265,6;265,1;264,7;264,3;265,6;266,2;266,9;267,5;267,4;267,3;267,2;267,1;267,0;266,9;266,8;266,6;266,5;268,4;268,7;268,9;269,2;269,0;268,8;268,6;268,4;268,2;268,4;268,5;268,7;268,8;269,8;269,8;269,8;269,7;269,5;269,3;269,1;268,9;268,7;269,2;269,6;270,1;270,6;269,7;269,3;269,0;268,6;268,6;268,5;268,4;268,4;268,3;269,1;270,0;270,8;271,6;269,5;268,8;268,1;267,4;267,5;267,6;267,7;267,8;267,9;269,1;270,3;271,5;272,7;269,4;268,3;267,2;266,1;266,3;266,6;266,9;267,2;267,5;269,1;270,7;272,3;273,9
80;244,7;246,0;247,3;248,5;248,7;248,9;249,1;249,3;249,5;248,7;247,9;247,0;245,9;247,6;249,2;250,6;252,0;252,2;252,4;252,6;252,8;252,9;252,0;251,0;249,9;248,7;250,1;251,6;253,1;254,5;254,8;255,0;255,3;255,5;255,8;254,9;254,1;253,2;252,2;252,5;254,1;255,6;257,0;257,3;257,6;258,0;258,3;258,6;257,8;257,1;256,3;255,5;254,9;256,5;258,0;259,5;259,9;260,2;260,6;260,9;261,3;260,7;260,0;259,3;258,6;257,3;258,9;260,4;261,8;262,2;262,5;262,9;263,2;263,6;263,1;262,5;261,9;261,3;260,0;261,3;262,4;263,6;263,8;264,1;264,4;264,6;264,9;264,5;264,2;263,8;263,4;262,9;263,8;264,6;265,5;265,7;265,8;266,0;266,2;266,3;266,2;266,0;265,8;265,6;265,9;266,5;267,0;267,6;267,6;267,7;267,8;267,8;267,9;267,9;267,9;268,0;268,0;267,8;268,0;268,2;268,5;268,5;268,5;268,5;268,5;268,5;268,7;268,9;269,2;269,4;268,3;268,1;268,0;267,9;267,9;267,9;267,9;267,9;267,8;268,3;268,8;269,3;269,7;268,8;268,3;267,8;267,3;267,3;267,2;267,2;267,2;267,2;267,9;268,6;269,3;270,1;269,4;268,5;267,6;266,6;266,6;266,5;266,5;266,5;266,4;267,4;268,4;269,4;270,4
81;240,9;242,4;243,8;245,2;245,4;245,7;246,0;246,3;246,6;246,0;245,3;244,5;243,7;244,3;246,0;247,5;249,0;249,3;249,6;249,9;250,2;250,5;249,7;248,8;247,9;246,9;246,8;248,5;250,1;251,6;252,0;252,4;252,8;253,2;253,6;253,0;252,2;251,5;250,7;249,2;250,9;252,6;254,2;254,7;255,2;255,7;256,2;256,7;256,1;255,5;254,9;254,2;251,6;253,4;255,1;256,7;257,3;257,9;258,5;259,1;259,7;259,2;258,7;258,1;257,6;254,1;255,9;257,5;259,1;259,8;260,4;261,0;261,6;262,2;261,8;261,4;260,9;260,5;257,0;258,5;259,9;261,2;261,7;262,3;262,8;263,3;263,8;263,5;263,2;262,9;262,5;260,1;261,2;262,4;263,4;263,9;264,3;264,7;265,2;265,6;265,4;265,2;265,0;264,7;263,3;264,2;265,0;265,8;266,2;266,5;266,9;267,2;267,5;267,4;267,3;267,2;267,1;265,6;266,1;266,6;267,1;267,4;267,6;267,8;268,0;268,2;268,2;268,2;268,2;268,2;266,8;266,9;267,0;267,2;267,2;267,2;267,3;267,3;267,4;267,4;267,5;267,6;267,7;268,1;267,8;267,5;267,2;267,0;266,9;266,7;266,5;266,4;266,6;266,8;266,9;267,1;269,5;268,7;267,9;267,2;266,8;266,4;266,1;265,7;265,3;265,6;265,9;266,2;266,5
82;237,1;238,7;240,2;241,6;242,0;242,4;242,8;243,2;243,6;243,1;242,6;242,0;241,4;240,9;242,6;244,3;245,9;246,4;246,8;247,2;247,6;248,0;247,3;246,6;245,8;245,0;243,3;245,2;246,9;248,6;249,2;249,7;250,3;250,9;251,4;250,9;250,3;249,7;249,1;245,8;247,7;249,5;251,2;251,9;252,7;253,4;254,1;254,8;254,3;253,9;253,4;252,9;248,2;250,2;252,1;253,9;254,7;255,5;256,4;257,2;258,0;257,6;257,3;256,9;256,5;250,8;252,7;254,6;256,4;257,3;258,2;259,0;259,9;260,8;260,5;260,2;259,9;259,6;253,9;255,6;257,2;258,8;259,6;260,4;261,2;262,0;262,7;262,5;262,2;261,9;261,6;257,2;258,6;260,0;261,3;262,0;262,7;263,5;264,2;264,9;264,6;264,4;264,1;263,8;260,6;261,8;262,9;264,0;264,7;265,3;265,9;266,6;267,2;267,0;266,7;266,5;266,2;263,3;264,1;265,0;265,8;266,2;266,7;267,1;267,6;268,0;267,7;267,5;267,2;266,9;265,2;265,6;266,0;266,4;266,5;266,6;266,7;266,8;266,9;266,5;266,2;265,9;265,5;267,3;267,2;267,1;267,0;266,8;266,5;266,2;265,9;265,6;265,2;264,8;264,3;263,9;269,6;269,0;268,4;267,8;267,1;266,3;265,6;264,9;264,1;263,6;263,1;262,6;262,1
83;231,1;232,8;234,4;236,0;236,5;237,0;237,5;238,0;238,6;238,1;237,7;237,2;236,7;235,0;236,9;238,6;240,4;240,9;241,5;242,0;242,6;243,2;242,6;242,1;241,5;240,8;238,0;239,9;241,8;243,6;244,3;244,9;245,6;246,3;247,0;246,6;246,1;245,6;245,1;241,1;243,1;245,0;246,8;247,6;248,3;249,1;249,9;250,7;250,3;250,0;249,6;249,2;244,1;246,2;248,1;250,0;250,9;251,7;252,6;253,4;254,2;253,9;253,6;253,3;252,9;247,2;249,2;251,2;253,0;253,9;254,8;255,6;256,5;257,4;257,1;256,8;256,5;256,2;250,6;252,3;254,0;255,6;256,4;257,2;258,0;258,8;259,6;259,4;259,2;259,0;258,8;254,2;255,7;257,0;258,4;259,1;259,9;260,6;261,4;262,1;262,0;261,9;261,8;261,7;258,1;259,2;260,3;261,3;262,0;262,7;263,4;264,1;264,8;264,8;264,8;264,7;264,7;261,3;262,1;262,8;263,6;264,1;264,6;265,1;265,6;266,1;266,0;266,0;265,9;265,9;263,9;264,3;264,6;264,9;265,1;265,2;265,3;265,5;265,6;265,4;265,1;264,9;264,6;266,9;266,7;266,6;266,4;266,2;265,9;265,6;265,4;265,1;264,6;264,1;263,6;263,1;270,1;269,5;268,8;268,1;267,4;266,7;266,0;265,2;264,5;263,8;263,0;262,3;261,5
84;225,2;227,0;228,7;230,5;231,0;231,6;232,2;232,8;233,5;233,1;232,7;232,3;231,9;229,2;231,1;233,0;234,8;235,5;236,2;236,8;237,5;238,3;237,9;237,4;237,0;236,5;232,7;234,7;236,7;238,5;239,3;240,1;240,9;241,7;242,5;242,1;241,8;241,5;241,1;236,3;238,4;240,4;242,3;243,2;244,0;244,8;245,7;246,5;246,3;246,0;245,7;245,4;239,9;242,1;244,1;246,1;247,0;247,9;248,7;249,6;250,5;250,2;249,9;249,6;249,3;243,5;245,6;247,6;249,6;250,5;251,3;252,2;253,1;253,9;253,6;253,4;253,1;252,8;247,3;249,0;250,7;252,4;253,2;254,0;254,9;255,7;256,5;256,4;256,3;256,2;256,1;251,2;252,7;254,0;255,4;256,2;257,0;257,8;258,5;259,3;259,4;259,4;259,5;259,6;255,4;256,5;257,6;258,6;259,4;260,1;260,9;261,6;262,3;262,6;262,8;263,1;263,3;259,2;259,9;260,6;261,3;261,9;262,5;263,0;263,6;264,1;264,3;264,5;264,7;264,9;262,7;262,9;263,2;263,4;263,6;263,8;264,0;264,2;264,4;264,2;264,0;263,9;263,7;266,5;266,3;266,0;265,8;265,6;265,3;265,1;264,8;264,6;264,1;263,5;263,0;262,4;270,8;270,0;269,2;268,4;267,7;267,0;266,3;265,6;264,9;263,9;262,9;261,9;260,9
85;219,5;221,4;223,3;225,1;225,7;226,3;227,0;227,7;228,4;228,1;227,8;227,5;227,2;223,6;225,6;227,5;229,4;230,2;230,9;231,7;232,5;233,3;233,1;232,8;232,4;232,1;227,5;229,6;231,6;233,6;234,4;235,3;236,1;237,0;237,9;237,7;237,5;237,3;237,1;231,5;233,7;235,8;237,8;238,7;239,6;240,6;241,5;242,4;242,2;242,0;241,8;241,6;235,7;237,9;240,1;242,1;243,1;244,0;244,9;245,8;246,7;246,5;246,2;246,0;245,8;239,8;242,0;244,1;246,1;247,0;247,9;248,8;249,6;250,5;250,2;250,0;249,8;249,6;243,8;245,6;247,4;249,1;250,0;250,8;251,7;252,5;253,4;253,4;253,4;253,4;253,4;248,1;249,6;251,0;252,3;253,2;254,0;254,9;255,7;256,5;256,8;257,0;257,3;257,6;252,7;253,8;254,8;255,8;256,6;257,5;258,3;259,1;259,9;260,4;260,9;261,4;261,9;257,1;257,7;258,4;259,0;259,7;260,3;261,0;261,6;262,2;262,6;263,1;263,5;263,9;261,3;261,5;261,7;261,9;262,1;262,4;262,6;262,9;263,1;263,1;263,0;262,9;262,9;266,1;265,8;265,5;265,2;264,9;264,7;264,5;264,3;264,1;263,5;262,9;262,3;261,7;271,4;270,5;269,7;268,8;268,1;267,4;266,7;266,0;265,3;264,1;262,8;261,5;260,2
86;212,8;214,5;216,3;218,0;218,8;219,7;220,5;221,5;222,4;222,4;222,4;222,3;222,3;216,8;218,7;220,6;222,5;223,4;224,4;225,4;226,4;227,5;227,4;227,4;227,3;227,2;221,3;223,4;225,3;227,2;228,3;229,4;230,5;231,6;232,7;232,7;232,7;232,8;232,8;226,2;228,2;230,2;232,2;233,3;234,4;235,5;236,6;237,7;237,8;237,8;237,8;237,9;231,2;233,3;235,3;237,2;238,3;239,4;240,5;241,5;242,6;242,6;242,5;242,5;242,5;236,3;238,3;240,2;242,0;243,0;244,0;245,0;246,0;246,9;246,8;246,8;246,7;246,6;241,3;243,0;244,5;245,9;246,9;247,8;248,7;249,6;250,4;250,5;250,6;250,7;250,8;246,8;248,0;249,1;250,2;251,1;251,9;252,7;253,5;254,2;254,5;254,8;255,0;255,3;252,7;253,4;254,2;254,9;255,6;256,3;257,0;257,6;258,3;258,7;259,2;259,6;260,0;258,4;258,7;259,0;259,3;259,8;260,2;260,6;261,1;261,5;261,8;262,0;262,3;262,6;264,3;264,1;263,9;263,7;263,7;263,7;263,7;263,6;263,6;263,4;263,2;263,0;262,8;270,8;270,1;269,3;268,7;268,1;267,6;267,1;266,6;266,1;265,3;264,5;263,7;262,9;278,0;276,7;275,4;274,2;273,1;272,0;271,0;269,9;268,9;267,5;266,1;264,6;263,2
87;206,1;207,6;209,1;210,7;211,7;212,7;213,8;214,9;216,1;216,4;216,6;216,9;217,2;209,8;211,6;213,4;215,2;216,3;217,5;218,8;220,0;221,3;221,5;221,7;221,9;222,1;214,9;216,8;218,7;220,5;221,8;223,1;224,4;225,7;227,1;227,3;227,6;227,9;228,2;220,4;222,3;224,2;226,1;227,4;228,7;230,1;231,4;232,7;233,0;233,3;233,6;233,9;226,3;228,2;230,1;231,8;233,1;234,4;235,7;237,0;238,2;238,4;238,6;238,8;239,0;232,4;234,1;235,8;237,4;238,6;239,8;240,9;242,0;243,1;243,2;243,3;243,4;243,6;238,5;239,9;241,2;242,4;243,4;244,4;245,4;246,4;247,3;247,5;247,7;247,9;248,1;245,4;246,3;247,1;247,9;248,7;249,5;250,3;251,0;251,8;252,1;252,4;252,7;253,0;252,7;253,1;253,5;253,8;254,4;255,0;255,5;256,0;256,5;256,9;257,3;257,7;258,0;259,9;259,9;259,8;259,7;259,9;260,1;260,3;260,5;260,7;260,8;261,0;261,2;261,3;267,6;267,0;266,4;265,8;265,4;265,1;264,8;264,5;264,2;263,8;263,4;263,0;262,7;276,2;274,9;273,7;272,6;271,6;270,7;269,8;269,0;268,2;267,2;266,2;265,2;264,3;285,4;283,5;281,8;280,0;278,5;277,0;275,6;274,1;272,7;271,1;269,5;267,8;266,1
88;199,5;200,8;202,1;203,4;204,5;205,7;207,0;208,3;209,7;210,2;210,7;211,3;212,0;202,9;204,5;206,2;207,8;209,1;210,5;211,9;213,4;214,9;215,3;215,7;216,2;216,7;208,2;210,0;211,8;213,5;215,0;216,5;218,0;219,6;221,2;221,7;222,3;222,9;223,5;214,3;216,1;217,9;219,6;221,2;222,7;224,3;225,9;227,5;228,0;228,5;229,1;229,7;220,9;222,7;224,4;226,1;227,6;229,1;230,6;232,1;233,6;234,0;234,4;234,9;235,3;228,0;229,6;231,1;232,5;233,9;235,2;236,6;237,9;239,1;239,4;239,7;240,0;240,4;235,4;236,5;237,5;238,5;239,7;240,8;241,9;242,9;243,9;244,3;244,6;245,0;245,3;243,7;244,2;244,8;245,3;246,1;246,9;247,7;248,4;249,1;249,5;249,9;250,2;250,6;252,7;252,7;252,7;252,7;253,1;253,5;253,9;254,3;254,7;255,0;255,3;255,7;256,0;261,7;261,2;260,6;260,1;260,1;260,0;259,9;259,9;259,8;259,9;259,9;259,9;260,0;271,6;270,3;269,1;268,1;267,3;266,6;266,0;265,3;264,7;264,2;263,6;263,1;262,6;282,3;280,4;278,6;276,9;275,5;274,1;272,8;271,6;270,4;269,2;268,0;266,8;265,6;293,4;291,0;288,6;286,4;284,4;282,4;280,4;278,5;276,7;274,8;272,9;271,0;269,2
89;203,1;203,1;203,0;202,9;203,0;203,0;203,0;203,0;203,0;202,9;202,9;202,8;202,8;206,5;206,7;206,9;207,0;207,2;207,5;207,7;208,0;208,2;208,2;208,1;208,0;207,9;212,2;212,5;212,7;212,9;213,3;213,8;214,2;214,7;215,1;215,3;215,4;215,6;215,7;218,9;219,1;219,3;219,5;220,0;220,6;221,1;221,7;222,2;222,4;222,6;222,8;223,0;226,7;226,7;226,7;226,7;227,2;227,7;228,3;228,7;229,2;229,3;229,4;229,5;229,6;235,1;234,8;234,4;234,2;234,5;234,9;235,2;235,5;235,8;235,7;235,7;235,6;235,5;244,0;243,2;242,5;241,8;241,9;241,9;242,0;242,0;242,1;241,9;241,8;241,7;241,6;254,3;253,0;251,8;250,7;250,3;249,9;249,6;249,3;249,0;248,7;248,5;248,2;248,0;265,5;263,7;262,0;260,5;259,6;258,7;257,9;257,2;256,5;256,0;255,5;255,1;254,6;276,1;273,8;271,8;269,8;268,4;267,0;265,7;264,5;263,4;262,5;261,6;260,8;260,0;286,4;283,7;281,3;278,9;277,0;275,1;273,3;271,7;270,1;268,6;267,1;265,7;264,4;296,7;294,0;291,3;288,8;286,4;284,1;281,9;279,7;277,7;275,6;273,5;271,5;269,5;306,6;303,9;301,3;298,7;296,1;293,6;291,0;288,6;286,2;283,5;280,8;278,1;275,5
90;207,2;205,6;204,0;202,5;201,4;200,2;198,9;197,6;196,3;195,7;195,0;194,3;193,6;210,7;209,1;207,6;206,2;205,3;204,4;203,4;202,4;201,4;200,8;200,2;199,5;198,8;217,0;215,3;213,7;212,3;211,6;210,9;210,2;209,5;208,8;208,5;208,1;207,8;207,4;224,7;222,8;221,0;219,4;218,8;218,2;217,6;217,1;216,5;216,3;216,1;215,9;215,7;234,1;231,6;229,4;227,4;226,8;226,2;225,6;225,0;224,4;224,2;223,9;223,6;223,3;244,6;241,5;238,7;236,2;235,3;234,4;233,6;232,8;232,1;231,6;231,1;230,7;230,2;255,9;252,2;248,9;246,0;244,6;243,3;242,1;241,0;239,9;239,3;238,6;238,0;237,4;268,8;264,7;261,0;257,7;255,6;253,7;252,0;250,3;248,8;247,8;246,9;246,0;245,1;282,5;278,1;274,2;270,5;267,7;265,2;262,8;260,6;258,6;257,1;255,7;254,4;253,1;293,9;289,6;285,7;281,9;278,7;275,6;272,7;270,1;267,6;265,5;263,6;261,8;260,0;303,2;299,3;295,6;292,0;288,5;285,3;282,1;279,2;276,4;273,7;271,2;268,7;266,4;311,9;308,6;305,4;302,2;298,8;295,5;292,3;289,3;286,3;283,1;279,9;276,8;273,9;319,7;317,1;314,5;311,9;308,8;305,8;302,7;299,7;296,8;293,2;289,6;286,0;282,5
91;211,6;208,2;205,1;202,1;199,8;197,4;194,9;192,4;189,8;188,7;187,5;186,2;184,7;215,3;211,7;208,4;205,4;203,3;201,2;199,0;196,9;194,7;193,6;192,4;191,1;189,6;222,6;218,5;214,9;211,6;209,7;207,8;205,9;204,1;202,2;201,4;200,6;199,7;198,8;231,9;227,1;222,9;219,2;217,3;215,5;213,8;212,1;210,5;209,9;209,3;208,6;207,9;243,6;237,8;232,7;228,3;226,3;224,3;222,5;220,8;219,2;218,6;217,9;217,2;216,6;257,0;250,1;244,1;238,8;236,2;233,9;231,7;229,7;227,9;227,0;226,1;225,3;224,5;271,3;264,0;257,3;251,5;248,1;245,0;242,2;239,7;237,4;236,2;235,0;233,8;232,7;286,9;279,8;273,0;266,7;262,4;258,5;254,9;251,6;248,7;246,8;245,0;243,4;241,8;301,8;295,4;289,0;283,0;277,9;273,2;268,8;264,8;261,1;258,4;255,9;253,6;251,4;312,3;306,9;301,4;295,9;290,8;285,9;281,1;276,7;272,6;269,2;265,9;262,9;260,0;319,4;315,1;310,7;306,2;301,5;296,9;292,4;288,0;283,8;279,8;275,9;272,2;268,7;325,8;322,6;319,3;315,8;311,9;307,9;303,8;299,8;295,9;291,5;287,2;282,9;278,8;331,4;329,2;326,9;324,5;321,3;318,0;314,7;311,3;307,9;303,5;299,1;294,6;290,1
92;233,5;228,0;223,1;218,8;214,9;211,0;207,2;203,4;199,8;197,5;195,0;192,3;189,5;241,2;234,6;228,9;223,9;219,7;215,6;211,7;207,9;204,4;202,0;199,5;196,8;194,0;251,3;243,7;237,1;231,3;226,9;222,7;218,8;215,1;211,8;209,5;207,3;204,9;202,5;263,7;255,3;247,7;240,9;235,9;231,3;227,1;223,4;220,0;217,8;215,5;213,3;211,1;278,1;269,2;260,8;253,1;246,9;241,5;236,7;232,6;228,9;226,4;224,0;221,7;219,4;292,0;283,6;275,2;267,1;259,7;253,1;247,4;242,5;238,3;235,4;232,5;229,9;227,3;303,3;296,3;289,0;281,6;274,0;267,0;260,6;254,9;249,9;246,3;242,9;239,8;236,9;313,2;307,7;301,9;295,8;288,9;282,1;275,6;269,6;264,0;259,5;255,2;251,3;247,8;321,6;317,3;312,9;308,1;302,4;296,5;290,7;285,0;279,5;273,9;268,7;263,9;259,5;326,6;323,3;319,9;316,2;311,6;306,8;301,9;297,0;292,1;286,2;280,5;275,1;270,1;329,1;326,6;324,0;321,2;317,6;313,8;309,9;305,9;301,8;296,4;291,0;285,7;280,6;331,4;329,6;327,7;325,7;323,0;320,2;317,2;314,2;311,1;306,5;301,8;297,0;292,1;333,4;332,2;331,0;329,7;327,8;325,8;323,8;321,6;319,4;315,8;312,0;308,0;303,9
93;266,3;257,8;249,8;242,6;236,2;229,8;223,5;217,5;211,9;208,1;203,9;199,5;194,9;279,6;269,5;259,9;251,3;243,7;236,3;229,1;222,5;216,4;212,4;208,1;203,6;199,1;290,6;280,9;271,1;261,8;253,2;244,9;237,1;230,1;223,9;219,7;215,4;211,1;206,8;302,5;293,8;284,6;275,2;265,3;255,7;246,9;239,1;232,5;227,9;223,5;219,1;214,8;314,1;307,1;299,4;291,0;279,7;268,6;258,4;249,5;242,0;236,9;231,9;227,2;222,8;323,5;318,2;312,3;305,7;294,4;282,6;271,3;261,3;252,8;246,8;241,1;235,8;231,0;328,2;324,3;319,9;315,0;306,2;296,6;286,6;276,8;267,7;260,7;254,1;247,9;242,4;332,3;329,5;326,5;323,1;316,6;309,5;301,7;293,6;285,5;277,5;269,7;262,5;255,9;336,0;334,1;332,1;329,9;325,3;320,3;314,9;309,1;303,1;294,6;286,2;278,0;270,5;337,4;336,0;334,6;333,1;329,8;326,3;322,5;318,5;314,2;306,7;298,8;290,9;283,3;336,6;335,6;334,5;333,4;331,1;328,6;325,9;323,0;320,0;314,3;308,1;301,6;295,0;335,8;335,1;334,4;333,7;332,2;330,6;328,9;327,1;325,2;321,1;316,6;311,9;306,8;335,1;334,7;334,4;334,0;333,2;332,4;331,6;330,7;329,8;327,1;324,2;321,1;317,8
94;295,2;286,2;277,0;268,0;260,0;251,5;242,6;233,8;225,6;220,2;214,2;207,8;201,0;307,9;298,8;289,0;279,0;270,0;260,1;249,8;239,7;230,3;224,5;218,2;211,6;204,8;316,7;309,1;300,5;291,3;281,6;270,8;259,4;248,3;238,3;231,9;225,3;218,5;211,8;325,7;319,8;313,1;305,6;295,5;283,8;271,2;258,8;247,7;240,6;233,3;226,2;219,3;334,4;330,3;325,6;320,3;310,3;298,2;284,6;270,9;258,5;250,3;242,2;234,3;226,9;341,0;338,3;335,2;331,7;322,8;311,7;298,6;284,6;271,1;261,9;252,6;243,7;235,6;342,7;340,8;338,7;336,4;329,9;321,9;312,4;301,4;289,6;279,7;269,3;259,1;249,8;344,3;343,2;342,0;340,7;336,2;330,8;324,5;317,2;309,0;299,3;288,6;277,6;267,0;345,9;345,5;345,1;344,6;341,7;338,3;334,5;330,3;325,5;316,7;306,7;295,8;284,7;345,3;345,3;345,3;345,3;343,3;341,1;338,8;336,2;333,4;326,2;318,0;308,8;298,9;342,3;342,4;342,5;342,7;341,4;340,0;338,5;337,0;335,3;330,2;324,3;317,8;310,7;339,4;339,6;339,8;340,1;339,5;339,0;338,3;337,7;337,0;333,6;329,9;325,8;321,3;336,4;336,8;337,2;337,6;337,8;337,9;338,1;338,3;338,5;336,7;334,7;332,6;330,3
95;310,8;305,6;300,0;294,1;287,5;280,0;271,6;262,6;253,5;246,8;239,4;231,5;223,3;319,3;314,5;309,2;303,5;297,0;289,3;280,6;270,9;260,9;253,3;245,0;236,4;227,6;324,6;320,8;316,7;312,1;306,0;298,8;290,3;280,9;270,8;262,9;254,2;245,2;236,1;329,9;327,1;324,1;320,8;315,1;308,3;300,4;291,4;281,5;273,3;264,3;254,8;245,3;335,1;333,2;331,2;329,0;323,8;317,6;310,2;301,7;292,3;283,9;274,6;264,7;254,7;339,0;337,9;336,6;335,3;330,7;325,2;318,8;311,4;303,0;294,9;285,7;275,6;265,4;339,7;338,9;338,1;337,2;333,7;329,8;325,2;320,1;314,2;307,3;299,3;290,3;280,6;340,4;340,0;339,5;339,0;336,6;333,9;330,9;327,6;323,9;318,1;311,4;303,7;295,2;341,1;341,0;340,9;340,8;339,2;337,6;335,9;334,0;332,0;327,0;321,3;314,9;307,7;340,3;340,3;340,4;340,5;339,6;338,6;337,6;336,5;335,4;331,3;326,7;321,6;315,9;337,8;337,9;338,0;338,1;337,5;336,9;336,3;335,6;335,0;332,0;328,7;325,1;321,2;335,3;335,4;335,6;335,7;335,4;335,2;335,0;334,8;334,5;332,6;330,6;328,4;326,0;332,9;333,0;333,2;333,3;333,4;333,6;333,8;334,0;334,2;333,3;332,3;331,3;330,2
96;323,3;321,0;318,7;316,2;311,4;305,8;299,5;292,5;284,9;277,8;269,5;260,2;250,3;328,5;326,8;325,0;323,2;318,8;313,7;307,9;301,4;294,1;286,4;277,3;267,0;256,1;330,8;329,7;328,5;327,2;323,5;319,3;314,5;309,0;302,8;295,6;287,0;277,1;266,4;333,2;332,6;331,9;331,2;328,2;324,7;320,8;316,3;311,3;304,6;296,7;287,4;277,1;335,6;335,4;335,3;335,1;332,6;329,9;326,8;323,3;319,4;313,2;305,8;297,2;287,6;337,4;337,5;337,7;337,9;336,0;333,8;331,5;328,9;326,0;320,4;313,9;306,2;297,6;337,2;337,4;337,6;337,8;336,4;335,0;333,4;331,7;329,8;325,5;320,4;314,5;307,8;336,9;337,2;337,4;337,7;336,9;336,1;335,2;334,3;333,3;329,9;326,0;321,6;316,6;336,7;337,0;337,3;337,6;337,3;337,1;336,9;336,6;336,4;333,8;330,9;327,6;324,0;335,7;335,9;336,2;336,4;336,5;336,6;336,7;336,7;336,8;334,9;332,7;330,4;327,8;333,7;333,8;333,9;334,1;334,2;334,3;334,5;334,6;334,7;333,4;331,9;330,3;328,6;331,7;331,7;331,7;331,8;331,9;332,1;332,3;332,4;332,6;331,9;331,1;330,3;329,4;329,7;329,6;329,5;329,5;329,7;329,9;330,1;330,3;330,5;330,4;330,4;330,3;330,2
97;332,6;332,1;331,5;331,0;327,0;322,6;317,7;312,3;306,4;299,9;292,1;282,9;272,5;335,6;335,8;336,1;336,3;332,8;329,0;324,7;320,1;315,1;308,4;300,3;290,5;279,4;335,7;336,3;336,8;337,4;334,8;331,9;328,8;325,5;321,8;315,9;308,7;300,1;290,0;335,9;336,7;337,6;338,4;336,7;334,8;332,8;330,7;328,4;323,2;316,8;309,3;300,6;336,0;337,2;338,4;339,5;338,6;337,7;336,8;335,8;334,7;330,0;324,4;317,8;310,3;335,9;337,3;338,6;339,9;339,8;339,6;339,5;339,3;339,2;335,0;330,2;324,7;318,4;334,9;336,1;337,2;338,3;338,5;338,7;338,9;339,1;339,3;336,2;332,7;328,8;324,4;333,9;334,8;335,7;336,6;337,1;337,7;338,2;338,8;339,4;337,3;335,1;332,6;329,8;332,8;333,5;334,2;334,8;335,8;336,7;337,6;338,5;339,5;338,4;337,3;336,0;334,7;331,5;332,0;332,4;332,9;333,9;334,9;335,9;336,9;337,9;337,5;337,0;336,5;336,0;329,9;330,2;330,4;330,6;331,4;332,2;333,0;333,7;334,5;334,4;334,3;334,2;334,0;328,3;328,3;328,3;328,3;328,9;329,4;330,0;330,5;331,0;331,3;331,5;331,8;332,1;326,7;326,5;326,3;326,1;326,3;326,6;326,9;327,2;327,5;328,1;328,8;329,4;330,1
98;329,6;329,5;329,4;329,3;326,7;323,9;320,8;317,6;314,2;309,8;304,6;298,6;291,6;331,6;332,0;332,4;332,8;330,6;328,2;325,8;323,2;320,4;316,0;310,9;305,0;298,1;331,7;332,3;332,8;333,3;331,7;330,0;328,2;326,3;324,4;320,6;316,3;311,3;305,6;331,9;332,5;333,2;333,8;332,8;331,7;330,6;329,4;328,2;324,9;321,2;317,0;312,3;332,0;332,8;333,6;334,4;333,9;333,4;332,9;332,4;331,9;329,0;325,8;322,2;318,3;332,0;332,8;333,7;334,5;334,5;334,5;334,5;334,5;334,5;332,0;329,3;326,3;323,1;331,1;331,9;332,6;333,4;333,6;333,8;333,9;334,1;334,3;332,5;330,5;328,3;326,0;330,3;330,9;331,6;332,2;332,6;333,0;333,4;333,8;334,2;332,9;331,6;330,2;328,8;329,4;330,0;330,5;331,0;331,6;332,2;332,8;333,4;334,0;333,4;332,7;332,0;331,3;328,4;328,8;329,2;329,7;330,3;330,9;331,6;332,2;332,8;332,6;332,3;332,0;331,8;327,1;327,5;327,8;328,2;328,6;329,1;329,6;330,0;330,5;330,4;330,3;330,2;330,0;325,8;326,1;326,4;326,6;327,0;327,3;327,6;327,9;328,2;328,2;328,2;328,3;328,3;324,6;324,8;325,0;325,1;325,3;325,4;325,6;325,7;325,9;326,0;326,2;326,4;326,6
99;326,2;326,6;327,0;327,5;326,3;325,1;323,9;322,6;321,3;318,5;315,3;311,8;307,8;327,0;327,6;328,3;328,9;328,2;327,5;326,8;326,0;325,3;322,7;319,8;316,6;313,2;327,2;327,8;328,4;328,9;328,5;328,0;327,6;327,1;326,7;324,6;322,3;319,9;317,3;327,5;328,0;328,4;328,9;328,7;328,6;328,4;328,2;328,0;326,4;324,7;322,9;320,9;327,7;328,1;328,5;328,9;329,0;329,1;329,2;329,3;329,4;328,2;326,9;325,6;324,2;327,7;328,1;328,5;328,8;329,1;329,4;329,6;329,9;330,2;329,3;328,5;327,6;326,6;327,1;327,5;327,9;328,2;328,5;328,8;329,1;329,4;329,7;329,1;328,5;327,9;327,3;326,6;326,9;327,3;327,7;328,0;328,3;328,6;328,9;329,2;328,9;328,6;328,3;328,0;326,0;326,4;326,8;327,2;327,5;327,8;328,1;328,4;328,7;328,7;328,6;328,6;328,6;325,2;325,6;326,1;326,5;326,8;327,1;327,3;327,6;327,9;327,9;328,0;328,1;328,2;324,3;324,8;325,3;325,7;325,9;326,1;326,3;326,5;326,7;326,7;326,6;326,6;326,6;323,4;323,9;324,5;325,0;325,1;325,2;325,3;325,4;325,5;325,4;325,3;325,2;325,0;322,5;323,1;323,7;324,2;324,3;324,3;324,3;324,3;324,4;324,1;323,9;323,7;323,4
100;322,4;323,4;324,5;325,5;325,9;326,4;326,8;327,3;327,7;325,9;324,0;322,0;319,8;321,8;322,8;323,8;324,7;325,7;326,7;327,7;328,7;329,7;328,3;327,0;325,5;324,0;322,3;322,9;323,6;324,2;325,1;326,1;327,0;327,9;328,8;328,0;327,3;326,5;325,7;322,7;323,0;323,3;323,7;324,5;325,4;326,3;327,1;327,9;327,7;327,6;327,4;327,2;323,1;323,1;323,1;323,1;324,0;324,8;325,6;326,3;327,0;327,4;327,8;328,2;328,6;323,3;323,1;323,0;322,8;323,5;324,2;324,9;325,6;326,2;327,0;327,8;328,6;329,4;323,0;323,0;323,0;323,0;323,5;324,0;324,4;324,9;325,4;326,1;326,9;327,6;328,3;322,7;322,9;323,0;323,1;323,4;323,7;324,0;324,2;324,5;325,2;325,9;326,6;327,3;322,5;322,7;323,0;323,2;323,3;323,4;323,5;323,6;323,7;324,3;325,0;325,7;326,3;322,1;322,5;322,9;323,3;323,3;323,3;323,2;323,2;323,2;323,7;324,2;324,6;325,1;321,5;322,1;322,8;323,4;323,3;323,3;323,2;323,2;323,1;323,2;323,4;323,5;323,6;321,0;321,8;322,6;323,4;323,3;323,2;323,2;323,1;323,0;322,8;322,6;322,4;322,2;320,5;321,5;322,4;323,4;323,3;323,2;323,1;323,1;323,0;322,4;321,8;321,3;320,7
101;319,1;320,0;320,9;321,8;322,1;322,4;322,6;322,9;323,2;321,7;320,2;318,5;316,7;318,8;319,6;320,5;321,3;322,1;322,8;323,5;324,2;325,0;323,9;322,7;321,5;320,3;319,1;319,8;320,4;321,0;321,8;322,5;323,2;323,9;324,6;324,0;323,4;322,8;322,1;319,4;319,9;320,3;320,7;321,5;322,2;322,9;323,6;324,3;324,2;324,0;323,9;323,8;319,7;320,0;320,2;320,5;321,2;321,9;322,7;323,3;324,0;324,3;324,6;324,9;325,3;319,8;320,0;320,1;320,3;321,0;321,7;322,4;323,1;323,7;324,3;325,0;325,6;326,2;319,5;319,8;320,1;320,3;321,0;321,6;322,2;322,7;323,3;323,9;324,5;325,1;325,7;319,2;319,6;320,0;320,4;320,9;321,5;322,0;322,4;322,9;323,5;324,1;324,7;325,3;318,9;319,5;320,0;320,5;320,9;321,3;321,7;322,1;322,5;323,1;323,8;324,3;324,9;318,5;319,1;319,8;320,4;320,8;321,2;321,6;321,9;322,3;322,8;323,3;323,8;324,3;317,9;318,7;319,5;320,2;320,6;321,0;321,4;321,8;322,2;322,5;322,8;323,1;323,3;317,3;318,2;319,1;320,0;320,5;320,9;321,3;321,7;322,1;322,2;322,3;322,3;322,4;316,8;317,8;318,8;319,8;320,3;320,8;321,2;321,6;322,0;321,9;321,8;321,6;321,5
102;315,1;315,9;316,7;317,4;317,4;317,5;317,5;317,6;317,6;316,5;315,4;314,1;312,8;315,2;315,9;316,6;317,4;317,7;318,1;318,5;318,9;319,3;318,4;317,5;316,6;315,6;315,4;316,1;316,7;317,4;317,8;318,3;318,8;319,2;319,7;319,3;318,8;318,3;317,8;315,6;316,2;316,8;317,4;318,0;318,5;319,1;319,6;320,1;320,0;319,9;319,9;319,8;315,8;316,4;316,9;317,4;318,1;318,7;319,3;319,9;320,5;320,8;321,0;321,2;321,4;315,9;316,4;316,9;317,4;318,1;318,8;319,5;320,2;320,8;321,3;321,8;322,2;322,6;315,6;316,2;316,8;317,4;318,2;318,9;319,6;320,3;321,0;321,5;322,0;322,5;322,9;315,4;316,1;316,7;317,4;318,2;319,0;319,8;320,5;321,2;321,7;322,2;322,7;323,2;315,1;315,9;316,7;317,4;318,3;319,1;319,9;320,6;321,3;321,9;322,4;323,0;323,5;314,6;315,5;316,4;317,2;318,1;319,0;319,8;320,6;321,4;321,9;322,4;322,9;323,4;314,0;315,0;315,9;316,8;317,8;318,7;319,6;320,4;321,3;321,7;322,2;322,6;323,0;313,4;314,4;315,5;316,5;317,5;318,5;319,4;320,3;321,2;321,5;321,9;322,3;322,6;312,8;313,9;315,0;316,1;317,2;318,2;319,2;320,2;321,1;321,4;321,7;322,0;322,3
103;310,4;311,0;311,5;312,0;311,8;311,5;311,2;310,9;310,6;310,0;309,3;308,6;307,8;310,9;311,5;312,1;312,7;312,6;312,5;312,5;312,4;312,3;311,8;311,2;310,5;309,9;311,1;311,8;312,4;313,1;313,2;313,4;313,5;313,7;313,8;313,6;313,3;313,0;312,7;311,3;312,0;312,8;313,5;313,9;314,2;314,5;314,9;315,2;315,2;315,2;315,1;315,1;311,4;312,3;313,1;313,9;314,5;315,0;315,5;316,0;316,5;316,7;316,8;317,0;317,1;311,5;312,4;313,3;314,2;314,9;315,6;316,3;317,0;317,6;317,9;318,2;318,5;318,8;311,3;312,3;313,2;314,2;315,1;316,0;316,8;317,7;318,5;318,8;319,2;319,6;319,9;311,1;312,1;313,1;314,1;315,2;316,3;317,3;318,3;319,3;319,7;320,2;320,6;321,0;310,9;312,0;313,1;314,1;315,4;316,6;317,8;319,0;320,0;320,6;321,0;321,5;322,0;310,5;311,6;312,7;313,8;315,3;316,6;317,9;319,2;320,4;321,0;321,5;322,0;322,5;309,8;311,0;312,2;313,3;314,8;316,3;317,7;319,0;320,3;320,9;321,5;322,1;322,7;309,2;310,4;311,6;312,7;314,4;315,9;317,4;318,8;320,2;320,9;321,6;322,2;322,9;308,7;309,9;311,1;312,2;314,0;315,6;317,2;318,7;320,1;320,9;321,6;322,3;323,0
104;305,4;305,9;306,4;306,8;306,6;306,3;306,0;305,7;305,4;304,8;304,1;303,3;302,4;306,3;306,8;307,4;307,9;307,7;307,6;307,4;307,3;307,2;306,6;305,9;305,3;304,6;306,4;307,0;307,7;308,3;308,4;308,5;308,6;308,6;308,7;308,5;308,3;308,1;307,9;306,5;307,2;307,9;308,6;309,0;309,3;309,6;309,9;310,2;310,3;310,4;310,5;310,7;306,6;307,4;308,2;309,0;309,5;310,0;310,5;311,0;311,5;311,9;312,3;312,6;313,0;306,5;307,5;308,4;309,2;310,0;310,7;311,3;312,0;312,6;313,2;313,8;314,3;314,9;306,2;307,2;308,2;309,2;310,1;311,0;311,9;312,8;313,6;314,3;315,0;315,6;316,2;305,9;307,0;308,1;309,1;310,3;311,4;312,5;313,5;314,5;315,3;316,0;316,8;317,5;305,7;306,8;307,9;309,0;310,4;311,7;313,0;314,2;315,3;316,2;317,0;317,9;318,6;305,1;306,3;307,5;308,7;310,2;311,6;313,0;314,4;315,6;316,6;317,5;318,4;319,2;304,3;305,5;306,8;308,0;309,6;311,1;312,6;314,1;315,4;316,4;317,4;318,4;319,3;303,5;304,8;306,1;307,3;309,0;310,7;312,3;313,8;315,3;316,3;317,3;318,3;319,3;302,8;304,1;305,4;306,7;308,5;310,2;311,9;313,5;315,1;316,2;317,3;318,3;319,3
105;299,0;299,6;300,1;300,6;300,4;300,2;299,9;299,7;299,5;298,7;297,9;297,1;296,1;300,7;301,2;301,8;302,3;302,1;301,9;301,7;301,5;301,3;300,6;299,9;299,2;298,3;300,7;301,4;302,1;302,7;302,7;302,8;302,8;302,9;302,9;302,8;302,6;302,5;302,3;300,8;301,6;302,4;303,1;303,4;303,6;303,9;304,2;304,4;304,7;305,0;305,3;305,5;300,9;301,8;302,6;303,4;303,9;304,4;304,9;305,3;305,8;306,4;307,0;307,7;308,3;300,8;301,8;302,8;303,7;304,4;305,1;305,7;306,4;307,0;307,9;308,8;309,6;310,5;300,5;301,6;302,6;303,6;304,6;305,5;306,4;307,3;308,1;309,2;310,2;311,1;312,1;300,1;301,3;302,4;303,5;304,7;305,9;307,0;308,1;309,1;310,3;311,4;312,5;313,6;299,8;301,1;302,3;303,4;304,9;306,2;307,6;308,8;310,1;311,4;312,6;313,8;314,9;299,2;300,5;301,7;303,0;304,6;306,1;307,6;309,0;310,4;311,8;313,1;314,3;315,6;298,2;299,5;300,9;302,1;303,9;305,5;307,1;308,6;310,1;311,5;312,9;314,2;315,5;297,2;298,7;300,0;301,4;303,2;305,0;306,6;308,3;309,8;311,3;312,7;314,1;315,4;296,4;297,8;299,3;300,6;302,6;304,4;306,2;307,9;309,6;311,1;312,5;313,9;315,3
106;291,2;292,0;292,7;293,3;293,2;293,0;292,9;292,8;292,7;291,8;290,9;289,9;288,8;293,8;294,5;295,2;295,8;295,6;295,3;295,1;294,9;294,7;293,9;293,1;292,2;291,2;294,0;294,8;295,6;296,3;296,3;296,3;296,4;296,4;296,4;296,3;296,1;296,0;295,8;294,2;295,1;295,9;296,7;297,0;297,3;297,5;297,8;298,0;298,4;298,8;299,2;299,7;294,3;295,3;296,3;297,2;297,7;298,1;298,6;299,0;299,4;300,3;301,2;302,0;302,9;294,3;295,4;296,5;297,5;298,2;298,9;299,5;300,1;300,8;302,0;303,2;304,3;305,4;294,0;295,2;296,3;297,4;298,4;299,4;300,3;301,2;302,0;303,4;304,8;306,1;307,4;293,7;295,0;296,2;297,4;298,6;299,8;301,0;302,1;303,2;304,8;306,3;307,7;309,2;293,5;294,8;296,1;297,3;298,8;300,3;301,6;303,0;304,3;306,0;307,7;309,3;310,8;292,8;294,2;295,5;296,8;298,5;300,1;301,7;303,2;304,7;306,5;308,2;309,9;311,5;291,6;293,1;294,5;295,9;297,7;299,4;301,1;302,7;304,3;306,1;307,9;309,7;311,3;290,6;292,1;293,6;295,1;297,0;298,8;300,6;302,3;304,0;305,8;307,7;309,4;311,2;289,7;291,2;292,7;294,3;296,3;298,2;300,1;301,9;303,7;305,6;307,4;309,2;311,0
107;282,4;283,9;285,2;286,3;286,6;286,8;287,0;287,3;287,5;286,4;285,3;284,1;282,9;286,2;287,5;288,6;289,7;289,9;290,0;290,2;290,3;290,5;289,4;288,3;287,2;286,0;287,3;288,4;289,5;290,5;290,8;291,2;291,6;291,9;292,2;291,9;291,7;291,3;291,0;288,2;289,3;290,2;291,1;291,7;292,3;292,8;293,3;293,8;294,2;294,5;294,9;295,2;289,0;290,0;290,9;291,8;292,5;293,2;293,9;294,6;295,3;296,1;297,0;297,8;298,7;289,5;290,4;291,3;292,2;293,1;294,0;294,9;295,7;296,5;297,8;299,0;300,2;301,4;289,2;290,2;291,2;292,1;293,2;294,4;295,4;296,5;297,5;299,0;300,4;301,8;303,2;289,0;290,0;291,0;292,0;293,4;294,7;296,0;297,2;298,4;300,1;301,7;303,3;304,8;288,8;289,9;290,9;291,9;293,5;295,0;296,5;297,9;299,2;301,1;302,9;304,6;306,3;288,0;289,1;290,2;291,2;293,0;294,6;296,3;297,8;299,4;301,3;303,2;305,1;306,9;286,7;287,8;288,9;290,0;291,9;293,7;295,4;297,1;298,8;300,8;302,8;304,7;306,6;285,4;286,6;287,8;288,9;290,9;292,8;294,7;296,5;298,2;300,3;302,4;304,3;306,3;284,3;285,5;286,7;287,8;289,9;292,0;294,0;295,9;297,7;299,9;302,0;304,0;306,0
108;269,3;272,2;274,7;276,9;277,8;278,7;279,6;280,4;281,1;280,0;278,7;277,4;276,0;275,3;277,7;279,9;281,7;282,5;283,3;284,0;284,7;285,3;284,1;282,7;281,3;279,9;278,1;280,0;281,6;283,0;284,0;284,9;285,7;286,5;287,3;286,8;286,4;286,0;285,5;280,5;281,8;283,1;284,2;285,3;286,2;287,2;288,1;289,0;289,2;289,5;289,8;290,1;282,4;283,4;284,4;285,2;286,4;287,5;288,5;289,5;290,5;291,3;292,2;293,0;293,9;283,7;284,5;285,2;285,9;287,2;288,4;289,5;290,6;291,7;293,0;294,3;295,5;296,7;283,7;284,5;285,2;285,9;287,3;288,7;290,0;291,2;292,4;294,0;295,5;297,0;298,4;283,7;284,5;285,2;285,9;287,5;289,0;290,4;291,8;293,1;294,9;296,6;298,3;299,9;283,7;284,5;285,2;286,0;287,6;289,2;290,8;292,2;293,7;295,7;297,6;299,5;301,3;282,9;283,7;284,5;285,2;287,0;288,7;290,4;292,0;293,6;295,7;297,8;299,8;301,8;281,4;282,2;283,0;283,7;285,6;287,5;289,3;291,1;292,8;295,0;297,2;299,3;301,3;280,1;280,8;281,6;282,4;284,4;286,4;288,3;290,2;292,0;294,3;296,6;298,8;301,0;278,9;279,6;280,4;281,1;283,3;285,4;287,4;289,4;291,4;293,7;296,1;298,3;300,6
109;250,3;255,7;260,4;264,3;266,4;268,3;270,1;271,8;273,4;272,2;271,0;269,7;268,4;260,1;264,4;268,1;271,3;273,1;274,7;276,3;277,8;279,1;277,7;276,1;274,6;273,0;265,9;268,8;271,4;273,7;275,4;277,0;278,6;280,0;281,4;280,8;280,3;279,7;279,2;270,5;272,4;274,2;275,7;277,4;279,0;280,5;281,9;283,3;283,5;283,8;284,0;284,2;274,2;275,4;276,5;277,5;279,1;280,7;282,2;283,6;285,0;285,9;286,7;287,6;288,4;276,7;277,4;278,1;278,7;280,4;282,0;283,5;284,9;286,3;287,6;288,9;290,2;291,5;277,3;277,9;278,5;279,0;280,7;282,3;283,9;285,4;286,8;288,4;290,0;291,6;293,1;277,8;278,3;278,8;279,3;281,0;282,7;284,3;285,8;287,3;289,1;291,0;292,8;294,5;278,1;278,6;279,1;279,5;281,3;283,0;284,6;286,2;287,7;289,8;291,8;293,9;295,8;277,5;277,9;278,4;278,8;280,6;282,4;284,1;285,8;287,4;289,6;291,9;294,1;296,2;275,9;276,3;276,7;277,1;279,1;281,0;282,8;284,6;286,4;288,8;291,1;293,4;295,7;274,6;274,9;275,3;275,6;277,7;279,7;281,7;283,6;285,5;288,0;290,4;292,8;295,2;273,4;273,7;274,0;274,3;276,5;278,6;280,7;282,7;284,7;287,3;289,8;292,3;294,8
110;243,3;250,7;256,0;259,9;262,1;264,0;265,7;267,3;268,7;268,0;267,3;266,5;265,8;259,1;263,2;266,3;268,6;270,1;271,6;272,9;274,1;275,1;274,0;272,9;271,8;270,7;266,9;269,2;270,9;272,4;273,8;275,0;276,2;277,3;278,3;278,0;277,7;277,4;277,1;272,1;273,3;274,4;275,4;276,6;277,8;278,9;279,9;280,9;281,2;281,5;281,8;282,2;275,6;276,4;277,1;277,8;279,0;280,1;281,2;282,1;283,1;283,9;284,7;285,5;286,2;277,7;278,3;278,8;279,3;280,5;281,6;282,7;283,7;284,6;285,8;287,0;288,1;289,2;277,9;278,4;278,9;279,3;280,6;281,8;282,9;284,0;285,1;286,5;287,9;289,3;290,7;278,1;278,5;278,9;279,3;280,6;281,9;283,2;284,4;285,5;287,2;288,8;290,4;292,0;278,2;278,6;278,9;279,2;280,7;282,0;283,4;284,6;285,9;287,8;289,6;291,4;293,1;277,6;277,9;278,1;278,4;279,8;281,3;282,7;284,0;285,3;287,4;289,3;291,3;293,2;276,4;276,5;276,6;276,7;278,2;279,7;281,1;282,6;283,9;286,0;288,1;290,2;292,2;275,3;275,2;275,2;275,2;276,8;278,3;279,8;281,2;282,7;284,8;287,0;289,2;291,3;274,3;274,2;274,0;273,9;275,5;277,0;278,5;280,0;281,5;283,7;286,0;288,2;290,4
111;213,9;235,4;245,7;251,4;254,4;256,9;258,9;260,6;262,0;262,1;262,2;262,3;262,4;256,2;260,6;262,9;264,3;265,8;267,0;268,1;269,1;269,9;269,4;268,9;268,4;267,9;269,2;269,8;270,2;270,5;271,5;272,3;273,1;273,8;274,4;274,5;274,6;274,6;274,7;274,6;274,7;274,8;274,9;275,6;276,3;276,9;277,5;278,0;278,5;278,9;279,4;279,8;277,5;277,8;278,0;278,2;278,8;279,4;279,9;280,4;280,9;281,6;282,4;283,1;283,8;278,9;279,3;279,7;280,0;280,7;281,3;281,8;282,3;282,8;283,8;284,8;285,7;286,6;278,6;279,0;279,3;279,6;280,4;281,2;281,9;282,6;283,3;284,5;285,7;286,9;288,0;278,4;278,7;279,0;279,2;280,2;281,1;282,0;282,9;283,7;285,1;286,5;287,9;289,2;278,3;278,5;278,7;278,9;280,0;281,1;282,1;283,1;284,0;285,6;287,2;288,8;290,3;277,7;277,8;277,9;277,9;279,0;280,1;281,2;282,2;283,2;285,0;286,7;288,4;290,1;276,8;276,6;276,4;276,3;277,3;278,4;279,4;280,4;281,4;283,2;285,0;286,8;288,6;276,0;275,6;275,2;274,8;275,8;276,8;277,8;278,8;279,7;281,6;283,5;285,4;287,2;275,3;274,7;274,1;273,5;274,5;275,4;276,3;277,3;278,2;280,1;282,1;284,0;286,0
112;117,6;157,4;208,5;230,4;238,2;243,5;247,3;250,2;252,4;253,7;255,1;256,4;257,7;151,4;249,7;255,0;256,7;258,6;260,1;261,3;262,3;263,1;263,4;263,7;264,0;264,3;276,2;271,1;268,8;267,5;268,1;268,6;269,0;269,3;269,6;270,2;270,7;271,2;271,7;279,3;277,0;275,4;274,2;274,3;274,4;274,4;274,5;274,5;275,2;275,9;276,5;277,1;280,3;279,6;279,1;278,7;278,6;278,5;278,5;278,4;278,3;279,1;279,8;280,5;281,1;280,4;280,6;280,7;280,9;280,9;280,8;280,8;280,8;280,8;281,6;282,4;283,1;283,9;279,5;279,6;279,8;279,9;280,2;280,5;280,8;281,0;281,3;282,3;283,3;284,2;285,2;278,8;279,0;279,1;279,2;279,7;280,3;280,8;281,2;281,7;282,9;284,0;285,2;286,3;278,4;278,5;278,5;278,6;279,3;280,0;280,7;281,4;282,0;283,4;284,7;286,0;287,3;277,9;277,7;277,6;277,5;278,2;278,9;279,6;280,3;281,0;282,5;283,9;285,3;286,8;277,3;276,8;276,3;275,8;276,4;277,0;277,6;278,2;278,7;280,3;281,8;283,3;284,8;276,7;275,9;275,1;274,4;274,8;275,3;275,8;276,2;276,7;278,3;279,8;281,4;283,0;276,3;275,2;274,1;273,1;273,4;273,8;274,1;274,5;274,8;276,5;278,1;279,7;281,4
113;79,7;79,3;77,6;266,3;264,5;264,2;264,0;263,9;263,9;263,4;263,0;262,6;262,3;44,2;2,5;308,5;287,3;282,1;278,7;276,4;274,8;273,5;272,2;270,9;269,7;268,6;323,5;303,1;291,9;285,3;282,9;281,0;279,5;278,3;277,3;276,7;276,2;275,7;275,2;296,7;291,3;287,4;284,5;283,2;282,2;281,3;280,5;279,8;279,8;279,7;279,6;279,6;288,8;286,9;285,4;284,1;283,4;282,9;282,4;282,0;281,6;281,9;282,2;282,4;282,7;285,3;284,6;283,9;283,4;283,2;283,0;282,8;282,7;282,5;283,1;283,6;284,2;284,7;283,3;282,8;282,2;281,8;281,9;282,0;282,1;282,1;282,2;283,1;283,9;284,6;285,4;282,0;281,5;281,0;280,6;280,9;281,2;281,4;281,7;282,0;283,0;284,0;285,1;286,1;281,0;280,5;280,1;279,7;280,1;280,5;281,0;281,4;281,8;283,0;284,2;285,4;286,6;280,7;280,1;279,5;279,0;279,4;279,8;280,1;280,5;280,9;282,2;283,4;284,7;285,9;280,9;280,1;279,2;278,4;278,6;278,8;279,0;279,2;279,4;280,5;281,7;282,9;284,0;281,1;280,0;278,9;277,9;277,9;278,0;278,0;278,0;278,0;279,1;280,2;281,3;282,3;281,2;280,0;278,7;277,5;277,3;277,2;277,0;276,9;276,8;277,8;278,8;279,8;280,8
114;61,6;57,1;50,5;40,3;24,5;359,0;328,9;306,7;293,5;286,2;280,0;274,9;270,6;40,0;28,7;13,1;353,9;335,2;318,9;306,4;297,5;290,9;286,5;282,3;278,4;274,8;355,9;340,5;326,6;315,4;307,1;300,5;295,4;291,3;288,1;285,8;283,6;281,6;279,6;315,7;308,7;303,1;298,4;295,2;292,4;290,1;288,1;286,5;285,4;284,4;283,4;282,5;298,1;295,1;292,6;290,4;289,1;288,0;287,1;286,2;285,4;285,2;284,9;284,7;284,4;290,4;288,8;287,4;286,0;285,7;285,3;285,0;284,7;284,5;284,8;285,0;285,3;285,5;287,4;286,1;284,9;283,7;283,6;283,5;283,4;283,3;283,2;283,9;284,5;285,1;285,7;285,3;284,1;283,0;282,0;282,1;282,1;282,2;282,2;282,3;283,2;284,1;284,9;285,8;283,7;282,7;281,7;280,8;280,9;281,1;281,2;281,3;281,5;282,6;283,7;284,8;285,9;283,7;282,6;281,5;280,5;280,6;280,6;280,7;280,7;280,7;281,8;282,9;284,0;285,0;284,7;283,5;282,3;281,1;280,9;280,7;280,5;280,3;280,0;280,9;281,7;282,5;283,3;285,7;284,3;283,0;281,7;281,2;280,7;280,3;279,8;279,4;280,0;280,5;281,1;281,7;286,6;285,1;283,6;282,2;281,5;280,8;280,1;279,5;278,8;279,2;279,5;279,8;280,2
115;52,9;50,0;46,8;43,3;37,7;30,1;19,7;5,7;348,5;335,2;319,4;303,0;288,4;38,7;34,0;28,8;22,8;12,8;0,3;345,9;331,2;317,9;309,4;300,7;292,3;284,4;10,0;2,9;355,6;348,1;337,0;326,6;317,3;309,5;302,9;298,2;293,8;289,5;285,5;332,5;326,5;321,0;315,9;310,3;305,5;301,4;297,9;294,8;292,5;290,2;288,1;286,1;307,6;304,0;300,7;297,8;295,8;294,1;292,5;291,2;289,9;289,0;288,1;287,3;286,5;295,8;293,4;291,1;289,0;288,4;287,9;287,5;287,1;286,7;286,6;286,6;286,5;286,5;291,5;289,5;287,6;285,8;285,5;285,2;284,9;284,6;284,4;284,8;285,2;285,6;285,9;288,6;286,8;285,1;283,5;283,3;283,1;282,9;282,8;282,6;283,3;284,1;284,8;285,5;286,5;284,9;283,3;281,9;281,7;281,6;281,4;281,3;281,2;282,2;283,1;284,1;285,1;286,7;285,1;283,6;282,1;281,8;281,5;281,2;280,9;280,6;281,5;282,4;283,2;284,1;288,7;287,1;285,5;284,0;283,3;282,6;282,0;281,4;280,7;281,2;281,6;282,0;282,5;290,6;288,9;287,3;285,7;284,7;283,7;282,7;281,8;280,9;280,9;280,9;280,9;280,9;292,3;290,6;288,9;287,2;285,9;284,7;283,4;282,2;281,0;280,6;280,3;279,9;279,5
116;38,8;35,7;32,3;28,6;23,3;17,0;9,5;0,8;351,0;342,9;333,1;322,0;310,0;25,7;21,0;16,0;10,7;3,1;354,5;345,3;335,8;326,6;319,8;312,5;305,0;297,7;357,8;352,2;346,5;340,9;333,6;326,6;320,1;314,2;308,8;304,6;300,6;296,6;292,8;328,1;323,6;319,3;315,2;311,1;307,3;303,9;300,9;298,1;296,0;294,0;292,1;290,3;307,9;304,8;301,9;299,2;297,4;295,7;294,2;292,8;291,5;290,7;290,0;289,3;288,7;297,4;295,2;293,0;290,9;290,1;289,4;288,7;288,1;287,5;287,5;287,5;287,5;287,6;294,2;292,3;290,5;288,8;288,1;287,5;286,8;286,2;285,7;285,9;286,1;286,3;286,6;291,9;290,3;288,7;287,2;286,6;286,0;285,4;284,8;284,3;284,6;285,0;285,4;285,7;290,1;288,7;287,3;286,0;285,4;284,8;284,2;283,7;283,1;283,6;284,1;284,6;285,0;290,7;289,3;288,0;286,7;286,0;285,3;284,7;284,0;283,4;283,7;284,0;284,3;284,6;293,4;292,0;290,6;289,3;288,4;287,5;286,6;285,7;284,9;284,8;284,6;284,5;284,4;295,8;294,4;293,1;291,7;290,6;289,5;288,4;287,3;286,3;285,8;285,3;284,8;284,3;298,1;296,7;295,4;294,0;292,7;291,4;290,1;288,9;287,6;286,7;285,9;285,0;284,1
117;25,6;22,5;19,3;15,9;12,0;7,8;3,1;357,9;352,4;347,0;340,6;333,3;324,9;14,4;10,2;5,9;1,4;356,2;350,7;344,9;339,0;332,9;327,5;321,6;315,3;308,9;349,3;344,9;340,5;336,2;331,4;326,7;322,1;317,8;313,7;310,0;306,4;302,9;299,4;325,2;321,6;318,1;314,7;311,7;308,8;306,0;303,5;301,1;299,2;297,4;295,7;294,0;308,1;305,4;302,8;300,3;298,6;297,1;295,6;294,2;292,9;292,3;291,7;291,2;290,7;298,8;296,6;294,6;292,6;291,6;290,7;289,8;289,0;288,1;288,2;288,3;288,4;288,5;296,5;294,8;293,1;291,4;290,5;289,5;288,6;287,7;286,9;286,9;287,0;287,1;287,1;294,8;293,4;291,9;290,6;289,6;288,6;287,7;286,7;285,9;285,9;285,9;285,9;286,0;293,5;292,2;291,0;289,9;288,8;287,9;286,9;285,9;285,0;285,0;285,0;285,0;285,0;294,6;293,4;292,3;291,2;290,1;289,1;288,1;287,0;286,1;285,8;285,6;285,4;285,2;297,9;296,8;295,7;294,6;293,4;292,3;291,2;290,1;289,0;288,4;287,7;287,1;286,4;301,1;300,0;299,0;297,9;296,7;295,4;294,2;293,1;291,9;290,9;289,8;288,8;287,7;304,2;303,1;302,1;301,1;299,8;298,5;297,2;296,0;294,7;293,3;291,9;290,4;289,0
118;14,3;11,6;8,7;5,7;3,5;1,2;358,7;356,1;353,3;349,6;345,2;340,2;334,6;5,2;1,6;358,0;354,4;351,3;348,0;344,7;341,2;337,6;333,2;328,4;323,3;317,9;343,2;339,7;336,2;332,8;329,7;326,7;323,7;320,7;317,8;314,6;311,4;308,3;305,2;323,1;320,1;317,2;314,4;312,1;309,9;307,7;305,6;303,6;302,0;300,5;299,0;297,5;308,3;305,8;303,5;301,2;299,7;298,2;296,8;295,4;294,1;293,7;293,3;293,0;292,6;299,9;297,8;295,9;294,0;292,9;291,8;290,8;289,8;288,8;289,0;289,1;289,3;289,4;298,5;296,9;295,3;293,8;292,6;291,4;290,2;289,1;288,0;287,9;287,8;287,8;287,7;297,5;296,1;294,9;293,6;292,3;291,0;289,8;288,6;287,4;287,1;286,8;286,5;286,2;296,6;295,5;294,5;293,5;292,1;290,7;289,4;288,1;286,8;286,4;285,9;285,4;284,9;298,2;297,3;296,4;295,5;294,1;292,7;291,4;290,0;288,7;287,9;287,2;286,4;285,7;302,4;301,5;300,7;299,8;298,5;297,1;295,8;294,5;293,2;292,0;290,8;289,6;288,5;306,4;305,6;304,9;304,1;302,8;301,5;300,2;298,9;297,6;296,1;294,5;292,9;291,3;310,3;309,6;308,9;308,2;307,0;305,7;304,5;303,3;302,1;300,1;298,2;296,2;294,2
119;358,0;355,4;352,8;350,2;347,9;345,4;342,8;340,1;337,3;333,9;330,1;326,0;321,5;347,6;344,5;341,5;338,5;335,7;332,8;329,8;326,8;323,7;320,5;317,0;313,4;309,6;330,5;327,9;325,3;322,9;320,3;317,8;315,3;312,9;310,5;308,2;305,9;303,6;301,3;316,4;314,3;312,3;310,3;308,4;306,4;304,6;302,7;300,9;299,6;298,4;297,1;295,9;305,9;304,2;302,5;300,9;299,5;298,1;296,7;295,4;294,1;293,6;293,1;292,6;292,1;299,8;298,4;297,0;295,7;294,6;293,4;292,4;291,3;290,3;290,2;290,1;290,1;290,0;299,7;298,6;297,5;296,4;295,3;294,2;293,1;292,1;291,1;290,7;290,4;290,0;289,7;299,7;298,8;297,9;297,0;295,9;294,8;293,7;292,7;291,7;291,1;290,6;290,0;289,5;299,6;298,9;298,2;297,5;296,4;295,3;294,3;293,2;292,2;291,5;290,7;290,0;289,3;301,7;301,1;300,5;299,9;298,8;297,8;296,8;295,7;294,8;293,8;292,8;291,9;290,9;306,1;305,5;305,0;304,5;303,5;302,5;301,5;300,6;299,6;298,4;297,2;296,0;294,8;310,5;310,0;309,6;309,1;308,2;307,3;306,4;305,5;304,7;303,2;301,8;300,3;298,8;314,8;314,4;314,1;313,7;312,9;312,1;311,3;310,5;309,7;308,1;306,4;304,7;303,0
120;344,6;342,6;340,6;338,5;336,2;333,8;331,3;328,7;326,1;323,3;320,3;317,0;313,6;333,5;331,2;328,9;326,7;324,3;321,8;319,2;316,7;314,1;311,8;309,4;306,8;304,2;321,3;319,5;317,8;316,1;313,9;311,8;309,6;307,5;305,5;303,8;302,0;300,3;298,5;311,6;310,2;308,8;307,5;305,7;304,0;302,3;300,6;299,0;297,9;296,8;295,7;294,6;304,1;302,9;301,8;300,8;299,3;298,0;296,6;295,3;294,0;293,4;292,9;292,3;291,8;299,8;298,9;298,0;297,1;295,9;294,8;293,7;292,6;291,6;291,3;291,0;290,7;290,4;300,8;300,1;299,3;298,6;297,6;296,6;295,6;294,6;293,7;293,1;292,6;292,0;291,5;301,7;301,1;300,6;300,0;299,1;298,2;297,3;296,4;295,6;294,8;294,0;293,2;292,4;302,5;302,1;301,7;301,3;300,5;299,6;298,8;298,1;297,3;296,3;295,3;294,3;293,3;305,0;304,7;304,4;304,2;303,4;302,7;302,0;301,3;300,6;299,5;298,3;297,2;296,0;309,8;309,5;309,3;309,1;308,5;307,8;307,2;306,7;306,1;304,8;303,6;302,3;301,1;314,6;314,5;314,3;314,2;313,7;313,2;312,7;312,2;311,8;310,5;309,2;307,8;306,5;319,6;319,5;319,4;319,3;319,0;318,6;318,3;317,9;317,6;316,3;315,0;313,6;312,3
121;334,6;333,1;331,6;330,1;327,9;325,6;323,3;320,9;318,4;316,2;313,7;311,1;308,4;323,0;321,4;319,8;318,3;316,1;314,0;311,8;309,6;307,5;305,8;304,1;302,2;300,3;314,8;313,6;312,4;311,2;309,3;307,4;305,6;303,7;301,9;300,6;299,2;297,8;296,4;308,1;307,2;306,3;305,4;303,8;302,2;300,6;299,0;297,5;296,5;295,6;294,6;293,6;302,7;302,0;301,3;300,6;299,2;297,9;296,6;295,3;294,0;293,3;292,7;292,1;291,5;299,8;299,2;298,7;298,2;297,0;295,9;294,8;293,7;292,6;292,2;291,7;291,2;290,8;301,7;301,3;300,9;300,5;299,6;298,7;297,8;296,9;296,0;295,2;294,5;293,8;293,0;303,4;303,2;303,0;302,7;302,0;301,3;300,5;299,8;299,1;298,1;297,1;296,1;295,1;305,1;305,0;304,9;304,8;304,2;303,6;303,1;302,6;302,0;300,8;299,5;298,3;297,1;308,2;308,2;308,2;308,2;307,8;307,4;307,0;306,6;306,2;304,9;303,5;302,2;300,8;313,4;313,5;313,5;313,6;313,3;313,0;312,8;312,5;312,3;311,0;309,7;308,5;307,2;318,8;319,0;319,1;319,2;319,1;319,0;318,9;318,8;318,7;317,6;316,4;315,3;314,1;324,4;324,6;324,8;325,0;325,1;325,2;325,3;325,3;325,4;324,4;323,4;322,4;321,4
122;326,0;324,9;323,9;322,9;321,0;319,1;317,2;315,3;313,4;311,3;309,0;306,6;304,1;316,0;314,9;313,9;312,9;311,2;309,5;307,8;306,1;304,4;302,8;301,2;299,5;297,8;310,9;310,1;309,3;308,6;307,1;305,6;304,1;302,7;301,3;300,0;298,8;297,5;296,2;306,6;306,0;305,5;304,9;303,6;302,4;301,1;299,9;298,7;297,8;296,9;295,9;294,9;303,1;302,6;302,2;301,8;300,7;299,7;298,6;297,6;296,6;296,0;295,3;294,6;294,0;301,3;301,0;300,7;300,4;299,5;298,7;297,8;297,0;296,2;295,7;295,2;294,7;294,2;303,6;303,5;303,3;303,1;302,5;301,8;301,2;300,6;300,0;299,3;298,7;298,0;297,4;305,8;305,8;305,8;305,7;305,3;304,9;304,4;304,0;303,6;302,8;302,0;301,2;300,5;307,9;308,0;308,1;308,2;308,0;307,8;307,5;307,3;307,1;306,2;305,3;304,3;303,4;311,4;311,6;311,8;312,0;311,9;311,9;311,8;311,7;311,7;310,7;309,8;308,8;307,9;316,7;317,0;317,3;317,6;317,7;317,7;317,8;317,9;317,9;317,1;316,3;315,4;314,6;322,3;322,7;323,1;323,5;323,7;324,0;324,2;324,4;324,6;324,0;323,3;322,6;322,0;328,2;328,7;329,2;329,7;330,1;330,5;330,8;331,2;331,6;331,2;330,7;330,3;329,8
123;318,7;318,1;317,6;317,0;315,5;314,0;312,5;310,9;309,4;307,4;305,3;303,1;300,7;310,1;309,5;309,0;308,5;307,2;305,8;304,5;303,2;301,9;300,5;299,0;297,4;295,7;307,5;307,1;306,7;306,3;305,2;304,1;303,0;301,9;300,8;299,6;298,4;297,2;295,9;305,3;305,0;304,7;304,5;303,5;302,6;301,6;300,7;299,8;298,9;298,0;297,0;296,1;303,4;303,2;303,0;302,8;302,0;301,3;300,5;299,7;299,0;298,3;297,6;296,9;296,2;302,8;302,7;302,6;302,5;301,9;301,3;300,7;300,1;299,5;298,9;298,4;297,9;297,3;305,5;305,6;305,6;305,6;305,2;304,9;304,5;304,2;303,8;303,2;302,7;302,1;301,5;308,2;308,4;308,5;308,7;308,6;308,5;308,3;308,2;308,1;307,5;306,9;306,3;305,7;310,9;311,2;311,5;311,8;311,9;312,0;312,1;312,2;312,3;311,7;311,1;310,4;309,8;314,7;315,1;315,6;316,0;316,3;316,6;316,8;317,1;317,4;316,8;316,2;315,6;315,1;320,1;320,7;321,3;321,8;322,3;322,7;323,1;323,5;323,8;323,4;323,0;322,6;322,2;326,0;326,8;327,4;328,1;328,7;329,2;329,8;330,3;330,8;330,6;330,5;330,3;330,1;332,3;333,1;333,9;334,7;335,4;336,1;336,8;337,4;338,1;338,2;338,3;338,4;338,5
124;312,6;312,4;312,3;312,2;311,0;309,8;308,6;307,4;306,2;304,4;302,4;300,3;298,0;305,1;305,0;304,9;304,8;303,8;302,8;301,9;300,9;299,9;298,6;297,2;295,7;294,1;304,6;304,5;304,5;304,4;303,6;302,8;302,0;301,2;300,4;299,3;298,1;297,0;295,7;304,1;304,1;304,1;304,1;303,4;302,7;302,1;301,4;300,8;299,9;299,0;298,0;297,1;303,7;303,7;303,8;303,8;303,2;302,7;302,2;301,6;301,1;300,4;299,7;299,0;298,2;304,2;304,3;304,4;304,4;304,0;303,7;303,3;302,9;302,5;302,0;301,4;300,8;300,3;307,4;307,6;307,8;308,0;307,9;307,8;307,7;307,6;307,5;307,0;306,5;306,0;305,5;310,6;311,0;311,3;311,7;311,8;312,0;312,2;312,3;312,5;312,1;311,6;311,2;310,8;313,9;314,4;314,9;315,4;315,9;316,3;316,7;317,1;317,5;317,2;316,8;316,5;316,1;318,1;318,8;319,5;320,1;320,8;321,4;322,0;322,6;323,1;322,9;322,7;322,4;322,2;323,8;324,7;325,5;326,3;327,1;327,8;328,5;329,2;329,9;329,9;329,8;329,8;329,8;330,1;331,1;332,1;333,0;333,9;334,7;335,6;336,4;337,1;337,4;337,7;337,9;338,2;336,8;337,9;339,0;340,1;341,1;342,0;342,9;343,8;344,7;345,3;345,9;346,4;347,0
125;309,3;309,4;309,5;309,5;308,6;307,7;306,7;305,8;304,9;303,1;301,2;299,1;296,9;303,6;303,7;303,8;303,9;303,2;302,4;301,7;301,0;300,3;298,9;297,4;295,8;294,2;303,9;304,0;304,2;304,3;303,7;303,2;302,7;302,2;301,6;300,6;299,5;298,4;297,2;304,2;304,3;304,5;304,7;304,3;303,9;303,6;303,2;302,9;302,1;301,3;300,5;299,7;304,4;304,6;304,8;305,0;304,8;304,6;304,4;304,2;304,0;303,4;302,9;302,4;301,9;305,4;305,6;305,9;306,1;306,1;306,0;306,0;306,0;305,9;305,6;305,3;305,0;304,6;308,7;309,1;309,5;309,9;310,1;310,3;310,6;310,8;311,0;310,8;310,6;310,4;310,2;312,0;312,7;313,3;313,8;314,3;314,8;315,3;315,8;316,2;316,1;316,0;315,9;315,8;315,6;316,4;317,2;318,0;318,7;319,5;320,2;320,9;321,6;321,6;321,6;321,6;321,6;319,9;321,0;322,0;323,0;323,9;324,9;325,8;326,6;327,5;327,5;327,6;327,7;327,8;325,7;327,0;328,2;329,4;330,4;331,4;332,4;333,4;334,3;334,5;334,8;335,0;335,3;332,1;333,6;335,0;336,3;337,5;338,6;339,7;340,7;341,7;342,1;342,6;343,1;343,5;339,1;340,7;342,3;343,8;345,0;346,2;347,3;348,4;349,5;350,2;350,9;351,6;352,3
126;306,1;306,4;306,7;307,0;306,3;305,6;304,9;304,3;303,6;301,9;300,0;298,0;295,8;302,0;302,3;302,7;303,0;302,5;302,0;301,6;301,1;300,7;299,2;297,6;296,0;294,2;303,2;303,5;303,8;304,2;303,9;303,6;303,4;303,1;302,9;301,9;300,9;299,8;298,7;304,2;304,6;304,9;305,2;305,2;305,1;305,1;305,0;305,0;304,4;303,7;303,1;302,5;305,2;305,6;305,9;306,3;306,4;306,5;306,7;306,8;306,9;306,6;306,3;306,0;305,7;306,7;307,1;307,5;307,9;308,3;308,6;308,9;309,2;309,5;309,5;309,4;309,4;309,3;310,1;310,7;311,3;311,9;312,5;313,1;313,7;314,3;314,8;314,9;315,0;315,1;315,2;313,7;314,6;315,4;316,3;317,1;318,0;318,8;319,6;320,4;320,6;320,9;321,1;321,3;317,5;318,6;319,8;320,9;322,0;323,1;324,2;325,2;326,2;326,5;326,9;327,2;327,5;322,1;323,5;324,9;326,3;327,6;328,9;330,1;331,2;332,3;332,8;333,2;333,6;333,9;328,0;329,7;331,3;332,9;334,3;335,6;336,9;338,1;339,3;339,8;340,3;340,8;341,3;334,6;336,6;338,5;340,3;341,8;343,1;344,4;345,7;346,9;347,6;348,2;348,9;349,5;342,0;344,2;346,3;348,3;349,7;351,1;352,5;353,7;354,9;355,8;356,6;357,4;358,2
127;303,0;303,5;304,0;304,5;304,0;303,6;303,2;302,8;302,4;300,7;298,9;296,9;294,7;300,4;301,0;301,6;302,1;301,9;301,6;301,4;301,2;301,0;299,5;297,9;296,2;294,3;302,4;303,0;303,5;304,0;304,0;304,1;304,1;304,1;304,1;303,2;302,2;301,2;300,2;304,3;304,8;305,3;305,8;306,1;306,4;306,6;306,9;307,1;306,7;306,2;305,8;305,3;306,0;306,6;307,1;307,6;308,1;308,6;309,0;309,5;310,0;309,9;309,9;309,8;309,8;308,1;308,7;309,3;309,8;310,6;311,3;312,0;312,6;313,3;313,5;313,8;314,0;314,2;311,6;312,5;313,4;314,2;315,2;316,2;317,1;318,0;318,9;319,3;319,7;320,2;320,6;315,5;316,7;317,9;319,0;320,3;321,5;322,7;323,8;324,9;325,5;326,1;326,6;327,2;319,7;321,2;322,7;324,2;325,8;327,2;328,6;330,0;331,3;332,0;332,6;333,3;333,9;324,6;326,5;328,3;330,1;331,8;333,5;335,0;336,4;337,8;338,5;339,2;339,9;340,6;330,7;332,9;335,1;337,2;338,9;340,5;342,1;343,6;344,9;345,7;346,5;347,2;347,8;337,7;340,3;342,7;345,1;346,8;348,5;350,0;351,5;352,8;353,6;354,4;355,2;355,9;345,6;348,5;351,1;353,7;355,4;357,0;358,5;359,9;1,2;2,1;3,0;3,8;4,6
128;298,1;299,1;300,0;300,8;300,6;300,4;300,3;300,1;299,9;298,2;296,3;294,3;292,0;296,8;297,8;298,7;299,5;299,5;299,5;299,5;299,6;299,6;298,0;296,3;294,5;292,6;299,1;300,1;300,9;301,7;302,1;302,4;302,7;303,0;303,3;302,4;301,6;300,7;299,7;301,4;302,3;303,1;303,9;304,5;305,1;305,7;306,3;306,9;306,7;306,5;306,3;306,0;303,4;304,3;305,2;306,0;306,9;307,8;308,7;309,5;310,3;310,7;311,0;311,3;311,6;305,8;306,8;307,7;308,6;309,8;311,0;312,1;313,2;314,3;314,9;315,6;316,3;317,0;309,6;310,9;312,1;313,4;314,9;316,3;317,7;319,0;320,3;321,2;322,1;322,9;323,7;313,7;315,5;317,1;318,8;320,6;322,3;323,9;325,5;327,0;328,0;329,0;329,9;330,8;318,4;320,6;322,7;324,8;326,9;328,9;330,8;332,5;334,2;335,3;336,3;337,2;338,1;323,8;326,4;329,0;331,5;333,7;335,8;337,8;339,6;341,3;342,3;343,3;344,2;345,1;330,4;333,5;336,4;339,2;341,4;343,5;345,4;347,2;348,8;349,8;350,7;351,5;352,3;338,5;341,9;345,2;348,2;350,4;352,3;354,1;355,8;357,3;358,2;359,0;359,8;0,5;348,0;351,8;355,2;358,4;0,3;2,0;3,6;5,1;6,4;7,2;8,0;8,7;9,4
129;292,0;293,6;295,1;296,4;296,5;296,6;296,8;296,9;297,0;295,2;293,3;291,2;288,8;292,4;293,9;295,2;296,4;296,7;297,0;297,3;297,6;297,9;296,2;294,5;292,5;290,5;295,1;296,5;297,8;299,0;299,6;300,3;301,0;301,6;302,2;301,5;300,8;299,9;299,1;297,7;299,0;300,3;301,5;302,6;303,6;304,6;305,6;306,6;306,7;306,8;306,9;307,0;300,1;301,5;302,8;304,0;305,4;306,8;308,2;309,5;310,8;311,6;312,4;313,2;314,0;302,8;304,3;305,7;307,0;308,8;310,6;312,3;313,9;315,5;316,7;317,9;319,2;320,3;306,7;308,7;310,5;312,3;314,4;316,5;318,5;320,4;322,2;323,6;325,0;326,4;327,7;311,3;313,8;316,2;318,5;321,0;323,4;325,6;327,8;329,8;331,3;332,8;334,2;335,5;316,6;319,7;322,7;325,7;328,5;331,2;333,7;336,0;338,2;339,6;341,0;342,3;343,5;322,6;326,3;330,0;333,4;336,4;339,2;341,7;344,0;346,1;347,5;348,7;349,8;350,8;330,1;334,4;338,5;342,4;345,3;347,9;350,2;352,3;354,3;355,4;356,4;357,3;358,2;339,9;344,8;349,3;353,4;356,0;358,2;0,2;2,0;3,7;4,5;5,3;6,0;6,6;352,4;357,5;2,2;6,3;8,2;9,9;11,5;12,8;14,0;14,5;15,0;15,5;15,9
130;284,5;286,9;289,1;291,0;291,6;292,1;292,6;293,1;293,5;291,7;289,7;287,4;284,9;287,0;289,1;291,0;292,7;293,4;294,0;294,6;295,3;295,8;294,1;292,2;290,1;287,9;289,9;292,0;293,8;295,5;296,7;297,8;298,9;299,9;300,9;300,4;299,7;299,1;298,3;292,9;294,9;296,7;298,4;300,1;301,7;303,2;304,7;306,2;306,6;307,1;307,7;308,2;295,7;297,8;299,6;301,4;303,5;305,6;307,6;309,6;311,4;312,8;314,2;315,6;317,0;298,8;300,9;303,0;304,9;307,5;310,1;312,5;314,8;317,1;319,0;321,0;322,9;324,7;302,7;305,5;308,2;310,7;313,8;316,8;319,6;322,2;324,8;326,9;329,0;331,0;332,9;307,6;311,2;314,7;318,0;321,6;324,9;328,1;331,0;333,7;335,9;337,9;339,8;341,6;313,6;318,3;322,8;327,0;331,0;334,6;337,9;341,0;343,7;345,6;347,4;349,1;350,6;320,5;326,2;331,6;336,6;340,7;344,3;347,6;350,4;353,0;354,6;356,0;357,2;358,4;329,4;336,1;342,3;347,9;351,7;354,9;357,7;0,1;2,3;3,4;4,3;5,2;6,0;342,7;350,4;357,2;2,9;5,7;8,1;10,1;11,8;13,2;13,7;14,1;14,5;14,8;2,2;9,8;16,0;20,9;22,2;23,2;24,0;24,7;25,4;25,2;25,0;24,9;24,8
131;271,6;275,1;278,3;281,2;282,5;283,8;285,0;286,2;287,3;285,7;284,1;282,2;280,2;275,6;278,7;281,6;284,1;285,4;286,7;287,9;289,1;290,2;288,8;287,2;285,5;283,7;278,2;281,2;283,9;286,4;288,2;289,9;291,5;293,1;294,7;294,4;294,0;293,7;293,3;280,8;283,7;286,4;288,9;291,1;293,3;295,4;297,4;299,4;300,2;301,1;302,0;302,9;283,4;286,3;288,9;291,4;294,1;296,8;299,4;301,9;304,4;306,3;308,2;310,1;312,1;285,7;288,7;291,5;294,1;297,5;300,7;303,9;306,9;309,9;312,6;315,2;317,9;320,4;287,2;290,8;294,3;297,7;302,0;306,2;310,2;314,0;317,6;320,7;323,7;326,6;329,4;289,1;293,6;298,1;302,6;308,2;313,5;318,5;323,1;327,3;330,7;333,9;336,9;339,6;291,7;297,6;303,6;309,7;316,9;323,5;329,3;334,5;339,0;342,3;345,4;348,2;350,7;293,8;301,6;309,9;318,3;327,1;334,6;340,8;346,0;350,3;353,2;355,9;358,2;0,2;294,8;306,3;318,9;331,3;341,3;348,9;354,6;359,1;2,6;4,7;6,5;8,0;9,3;297,4;319,3;342,1;0,0;7,4;12,0;15,1;17,4;19,1;19,5;19,9;20,2;20,4;318,9;24,7;40,2;45,8;43,0;41,2;39,9;39,0;38,3;36,7;35,4;34,3;33,3
132;255,8;260,6;265,1;269,1;271,4;273,7;275,9;278,0;280,0;278,9;277,8;276,5;275,3;261,6;266,0;270,0;273,6;275,8;277,8;279,8;281,7;283,5;282,5;281,5;280,3;279,2;263,7;267,9;271,7;275,2;277,7;280,1;282,4;284,7;286,9;287,0;287,1;287,2;287,3;265,9;269,8;273,4;276,9;279,7;282,5;285,3;288,0;290,7;292,0;293,3;294,7;296,1;268,1;271,7;275,3;278,6;281,9;285,2;288,5;291,7;294,8;297,4;300,0;302,6;305,3;269,3;272,9;276,4;279,9;283,8;287,8;291,8;295,7;299,6;303,2;306,9;310,5;314,1;267,2;271,1;275,2;279,2;284,7;290,3;295,8;301,2;306,5;311,0;315,4;319,7;323,8;264,4;268,7;273,4;278,3;286,0;293,9;301,8;309,3;316,2;321,6;326,8;331,6;336,2;260,8;265,4;270,7;276,7;288,1;299,9;311,2;321,3;329,7;335,9;341,5;346,5;351,0;253,4;257,8;263,4;270,8;287,7;305,8;322,1;334,8;344,1;350,4;355,7;0,1;3,9;238,8;240,9;244,2;249,8;274,7;311,8;340,2;355,3;3,5;8,2;11,6;14,3;16,4;217,3;213,1;205,9;192,1;172,1;90,7;52,2;42,9;39,0;36,6;35,0;33,8;32,9;192,4;181,7;167,4;149,8;133,2;114,7;97,7;84,3;74,5;67,0;60,8;55,8;51,8
133;238,9;244,7;250,2;255,3;258,8;262,1;265,4;268,5;271,5;271,2;270,8;270,4;270,0;246,1;251,6;256,7;261,5;264,5;267,4;270,2;273,0;275,7;275,3;274,9;274,5;274,1;247,8;252,8;257,6;262,1;265,2;268,4;271,5;274,5;277,5;278,2;278,9;279,6;280,3;249,5;254,0;258,5;262,7;266,1;269,5;272,9;276,3;279,6;281,5;283,4;285,4;287,5;251,1;255,3;259,4;263,4;267,0;270,6;274,4;278,2;282,1;285,3;288,7;292,2;295,8;251,3;255,1;258,9;262,8;266,8;271,1;275,6;280,2;284,9;289,5;294,4;299,3;304,3;246,3;249,7;253,3;257,2;262,5;268,5;274,9;281,8;288,8;294,7;300,9;307,3;313,7;240,6;243,3;246,2;249,6;256,4;264,5;273,9;284,4;295,3;303,3;311,8;320,4;328,8;234,0;235,5;237,2;239,3;247,1;257,8;272,1;289,4;307,2;319,2;331,2;342,2;351,7;224,9;224,8;224,6;224,4;230,1;239,5;256,4;285,8;319,4;339,2;355,0;6,2;14,1;212,9;210,9;208,5;205,3;205,2;205,0;204,5;203,0;39,9;39,0;38,9;38,8;38,8;200,8;197,0;192,4;186,8;182,4;176,1;166,6;151,7;129,5;110,9;93,6;79,9;69,9;189,5;184,4;178,5;171,8;166,4;159,9;152,0;142,6;132,0;123,3;113,7;103,7;93,8
134;216,3;222,4;228,6;234,6;239,2;243,8;248,5;253,1;257,6;258,4;259,3;260,1;261,1;223,6;229,9;236,1;242,1;246,3;250,5;254,7;258,8;262,7;263,3;263,9;264,6;265,3;226,4;232,0;237,7;243,2;247,2;251,3;255,4;259,5;263,6;265,1;266,6;268,2;269,9;229,1;234,1;239,2;244,2;248,1;252,1;256,2;260,4;264,7;267,1;269,7;272,5;275,5;231,7;236,2;240,7;245,3;249,0;252,9;257,0;261,3;265,8;269,4;273,3;277,5;282,0;232,6;236,5;240,5;244,6;248,2;252,2;256,5;261,2;266,2;271,0;276,3;282,1;288,3;228,2;231,1;234,2;237,5;241,2;245,5;250,4;256,1;262,7;268,6;275,5;283,5;292,4;223,6;225,3;227,2;229,3;232,5;236,5;241,6;248,2;256,6;263,8;273,6;286,6;302,8;218,8;219,1;219,5;219,9;221,9;224,6;228,5;234,4;243,8;251,3;266,8;302,6;349,0;212,4;211,4;210,3;209,0;209,0;209,0;209,0;208,9;208,8;200,4;176,3;109,1;72,7;204,5;202,5;200,2;197,6;195,6;193,1;189,7;184,8;177,5;167,1;152,3;133,0;112,4;196,9;194,0;190,8;187,1;184,1;180,4;175,8;170,1;163,0;156,0;147,5;137,4;125,9;189,9;186,3;182,4;178,0;174,6;170,8;166,3;161,3;155,5;150,9;145,4;139,1;132,0
135;197,1;202,0;207,4;213,0;217,6;222,7;228,1;233,7;239,5;241,5;243,7;246,1;248,6;203,0;208,9;215,0;221,2;225,9;230,9;236,1;241,3;246,6;248,2;249,8;251,6;253,5;206,9;212,2;217,7;223,4;227,6;232,1;236,8;241,7;246,7;248,8;251,1;253,5;256,2;210,6;215,4;220,4;225,5;229,2;233,2;237,5;242,1;246,9;249,5;252,5;255,7;259,3;214,3;218,6;223,0;227,7;230,9;234,4;238,3;242,5;247,0;250,3;254,1;258,3;263,0;216,4;219,9;223,7;227,8;230,5;233,6;237,0;240,8;245,1;248,9;253,4;258,6;264,7;213,6;216,0;218,6;221,4;223,3;225,6;228,2;231,3;235,0;238,1;242,1;247,3;254,2;210,9;212,0;213,3;214,7;215,5;216,5;217,8;219,3;221,2;222,1;223,3;225,1;228,2;208,1;208,0;207,9;207,8;207,4;206,8;206,1;205,3;204,1;200,7;195,8;188,1;174,7;204,3;203,2;202,0;200,7;199,2;197,3;195,0;192,1;188,5;182,9;175,5;165,5;152,5;199,3;197,6;195,7;193,7;191,6;189,1;186,2;182,7;178,5;173,8;167,9;160,7;152,1;194,6;192,3;189,9;187,2;184,8;182,1;178,9;175,4;171,4;167,5;163,1;157,9;151,8;190,2;187,5;184,6;181,5;178,9;176,1;173,1;169,7;166,1;163,2;159,8;156,0;151,7
136;183,4;187,1;191,1;195,5;199,3;203,6;208,4;213,8;219,8;222,3;225,2;228,4;232,1;188,0;192,8;198,0;203,5;207,8;212,5;217,7;223,3;229,2;231,2;233,4;235,9;238,7;192,3;196,8;201,6;206,7;210,5;214,6;219,1;224,0;229,2;231,3;233,7;236,4;239,5;196,7;200,8;205,3;210,0;213,1;216,6;220,4;224,6;229,2;231,5;234,0;237,0;240,4;201,0;204,8;208,9;213,2;215,7;218,6;221,8;225,3;229,2;231,6;234,4;237,6;241,4;204,0;207,2;210,7;214,4;216,3;218,4;220,8;223,6;226,7;228,9;231,5;234,7;238,6;202,9;205,0;207,2;209,6;210,5;211,4;212,5;213,8;215,3;216,0;217,0;218,1;219,7;201,8;202,8;203,8;204,9;204,7;204,4;204,1;203,7;203,3;202,1;200,6;198,6;195,8;200,7;200,6;200,4;200,3;199,0;197,5;195,8;193,9;191,7;188,6;184,7;179,8;173,5;198,7;197,8;196,8;195,7;193,8;191,7;189,3;186,6;183,5;179,8;175,4;170,1;163,7;195,8;194,4;192,9;191,4;189,3;187,1;184,6;181,9;178,9;175,7;172,0;167,7;162,7;193,0;191,2;189,3;187,3;185,2;183,0;180,5;177,9;175,0;172,3;169,3;165,8;161,9;190,4;188,2;186,0;183,7;181,6;179,3;176,9;174,4;171,7;169,5;167,1;164,4;161,4
137;173,5;175,4;177,5;179,8;181,7;183,8;186,3;189,1;192,4;194,4;196,6;199,3;202,4;176,8;179,6;182,6;185,9;188,3;191,0;194,1;197,6;201,6;203,2;205,0;207,1;209,6;180,2;182,9;185,9;189,1;191,3;193,7;196,4;199,5;202,9;204,3;205,8;207,6;209,7;183,7;186,4;189,3;192,4;194,3;196,4;198,7;201,3;204,3;205,4;206,7;208,1;209,9;187,2;189,8;192,6;195,7;197,2;199,0;200,9;203,1;205,6;206,5;207,5;208,6;210,0;189,9;192,3;194,8;197,5;198,7;200,0;201,4;203,0;204,8;205,2;205,7;206,3;207,0;190,1;191,8;193,5;195,3;195,7;196,1;196,6;197,1;197,7;197,0;196,2;195,2;194,0;190,4;191,3;192,2;193,2;192,8;192,4;192,0;191,5;191,0;189,2;187,1;184,6;181,7;190,6;190,8;191,0;191,1;190,1;188,9;187,6;186,2;184,7;182,0;178,8;175,2;171,0;190,1;189,7;189,3;188,8;187,4;185,7;184,0;182,1;180,1;177,1;173,7;169,9;165,6;188,9;188,0;187,2;186,3;184,7;183,0;181,2;179,3;177,2;174,5;171,6;168,3;164,7;187,6;186,4;185,2;184,0;182,3;180,5;178,7;176,7;174,6;172,3;169,7;167,0;163,9;186,4;184,9;183,4;181,8;180,1;178,2;176,3;174,3;172,3;170,3;168,1;165,8;163,3
138;166,6;167,4;168,2;169,2;169,8;170,5;171,3;172,2;173,2;174,5;176,0;177,7;179,8;169,0;170,4;172,0;173,7;174,8;176,0;177,4;179,0;180,8;181,9;183,2;184,6;186,3;171,7;173,3;175,1;176,9;178,0;179,2;180,5;182,0;183,7;184,5;185,5;186,5;187,7;174,5;176,3;178,2;180,1;181,2;182,3;183,6;185,0;186,6;187,1;187,7;188,3;189,0;177,4;179,3;181,3;183,4;184,4;185,4;186,6;187,9;189,4;189,6;189,8;190,0;190,3;179,8;181,7;183,6;185,7;186,5;187,4;188,4;189,4;190,6;190,3;190,0;189,7;189,4;180,9;182,4;183,8;185,4;185,7;186,0;186,3;186,6;187,0;186,0;184,9;183,7;182,3;182,1;183,0;184,0;185,0;184,8;184,6;184,3;184,0;183,7;182,0;180,1;178,1;175,7;183,2;183,7;184,2;184,7;184,0;183,2;182,4;181,5;180,6;178,3;175,7;172,9;169,8;183,8;183,8;183,9;183,9;182,9;181,8;180,6;179,3;178,0;175,5;172,8;169,8;166,6;183,6;183,3;183,0;182,7;181,5;180,2;178,9;177,5;176,1;173,8;171,3;168,7;165,8;183,5;182,8;182,2;181,5;180,2;178,8;177,4;175,9;174,3;172,2;170,0;167,7;165,1;183,4;182,4;181,4;180,4;178,9;177,4;175,9;174,3;172,7;170,8;168,8;166,7;164,5
139;161,7;161,8;161,8;161,9;161,8;161,8;161,7;161,6;161,5;162,4;163,5;164,7;166,2;163,5;164,1;164,7;165,4;165,8;166,3;166,8;167,3;167,9;168,7;169,6;170,7;172,0;165,8;166,7;167,6;168,6;169,1;169,7;170,3;170,9;171,7;172,3;172,9;173,7;174,5;168,1;169,3;170,5;171,8;172,4;173,1;173,8;174,6;175,4;175,8;176,1;176,5;177,0;170,4;171,9;173,4;175,0;175,7;176,5;177,3;178,2;179,2;179,2;179,2;179,2;179,2;172,6;174,2;175,9;177,6;178,3;179,0;179,8;180,7;181,6;181,2;180,8;180,4;179,9;174,3;175,6;177,0;178,4;178,8;179,1;179,5;179,9;180,3;179,4;178,4;177,3;176,1;176,0;177,0;178,1;179,2;179,2;179,2;179,1;179,1;179,0;177,6;176,0;174,4;172,5;177,7;178,5;179,2;180,1;179,7;179,2;178,8;178,3;177,9;175,9;173,8;171,6;169,2;178,9;179,4;179,8;180,3;179,6;178,9;178,2;177,4;176,6;174,5;172,2;169,8;167,2;179,6;179,7;179,8;179,9;179,1;178,2;177,3;176,3;175,3;173,3;171,2;168,9;166,5;180,2;180,0;179,8;179,6;178,6;177,5;176,4;175,3;174,1;172,2;170,2;168,1;165,9;180,9;180,4;179,8;179,3;178,1;176,8;175,6;174,3;173,0;171,2;169,3;167,4;165,4
140;157,1;157,3;157,4;157,5;157,3;157,1;156,9;156,7;156,4;156,8;157,2;157,6;158,2;159,5;160,0;160,6;161,2;161,3;161,5;161,6;161,8;162,0;162,2;162,5;162,8;163,1;161,9;162,6;163,4;164,2;164,5;164,7;165,0;165,4;165,7;165,8;165,9;166,1;166,2;164,3;165,2;166,2;167,2;167,6;168,0;168,4;168,9;169,3;169,3;169,3;169,2;169,1;166,7;167,8;169,0;170,2;170,7;171,2;171,7;172,3;172,9;172,7;172,4;172,1;171,8;168,9;170,1;171,4;172,8;173,2;173,7;174,3;174,9;175,5;175,0;174,5;173,9;173,3;170,6;171,7;172,8;174,0;174,2;174,5;174,8;175,1;175,4;174,5;173,6;172,6;171,6;172,3;173,2;174,2;175,2;175,2;175,2;175,3;175,3;175,3;174,1;172,8;171,4;169,9;174,0;174,8;175,6;176,4;176,2;176,0;175,7;175,5;175,3;173,7;172,0;170,2;168,4;175,4;175,9;176,5;177,1;176,7;176,2;175,8;175,3;174,9;173,1;171,3;169,4;167,3;176,3;176,6;176,9;177,2;176,6;176,0;175,4;174,8;174,1;172,4;170,6;168,8;166,8;177,2;177,2;177,3;177,3;176,6;175,8;175,0;174,2;173,4;171,7;170,0;168,2;166,3;178,1;177,9;177,7;177,5;176,5;175,6;174,7;173,7;172,7;171,1;169,4;167,6;165,9
141;153,1;153,4;153,6;153,8;153,6;153,4;153,1;152,8;152,5;152,5;152,5;152,4;152,4;156,0;156,5;157,1;157,6;157,6;157,6;157,6;157,5;157,5;157,3;157,1;156,9;156,7;158,5;159,2;159,9;160,6;160,7;160,8;160,9;161,0;161,2;161,0;160,8;160,5;160,3;161,1;161,9;162,7;163,5;163,7;164,0;164,2;164,5;164,8;164,5;164,2;163,9;163,6;163,5;164,5;165,4;166,4;166,7;167,1;167,4;167,8;168,2;167,9;167,5;167,1;166,7;165,8;166,8;167,8;168,8;169,2;169,6;170,1;170,5;171,0;170,4;169,9;169,3;168,7;167,5;168,4;169,4;170,4;170,6;170,9;171,2;171,5;171,8;171,0;170,2;169,3;168,4;169,3;170,1;171,0;171,9;172,0;172,1;172,3;172,4;172,5;171,5;170,4;169,3;168,1;171,0;171,8;172,6;173,4;173,4;173,4;173,4;173,3;173,3;172,0;170,7;169,3;167,8;172,5;173,1;173,8;174,5;174,3;174,1;173,9;173,7;173,5;172,1;170,6;169,1;167,4;173,5;174,0;174,5;175,0;174,6;174,3;173,9;173,6;173,2;171,7;170,2;168,6;167,0;174,6;174,9;175,2;175,5;175,0;174,4;173,9;173,4;172,8;171,3;169,8;168,2;166,6;175,7;175,8;175,9;176,0;175,3;174,6;173,9;173,2;172,5;171,0;169,4;167,8;166,2
142;149,6;150,0;150,3;150,7;150,5;150,2;150,0;149,7;149,5;149,2;148,9;148,5;148,1;152,9;153,5;154,1;154,7;154,5;154,4;154,3;154,1;154,0;153,5;153,1;152,5;152,0;155,6;156,3;156,9;157,6;157,6;157,6;157,6;157,6;157,7;157,3;156,9;156,4;155,9;158,3;159,0;159,7;160,4;160,6;160,7;160,9;161,1;161,2;160,9;160,5;160,0;159,6;160,9;161,7;162,4;163,2;163,5;163,8;164,1;164,4;164,7;164,3;163,8;163,4;162,9;163,2;164,0;164,8;165,7;166,0;166,4;166,7;167,1;167,5;167,0;166,5;166,0;165,4;165,0;165,8;166,6;167,4;167,7;168,0;168,3;168,6;169,0;168,3;167,6;166,8;166,1;166,7;167,5;168,4;169,2;169,4;169,6;169,9;170,1;170,4;169,5;168,6;167,7;166,7;168,5;169,3;170,1;171,0;171,1;171,3;171,5;171,6;171,8;170,7;169,7;168,5;167,4;170,0;170,8;171,5;172,3;172,3;172,4;172,4;172,5;172,5;171,3;170,1;168,8;167,5;171,2;171,9;172,5;173,1;173,0;172,8;172,7;172,6;172,4;171,2;169,9;168,5;167,2;172,5;173,0;173,4;173,9;173,6;173,3;173,0;172,7;172,4;171,0;169,7;168,3;166,8;173,7;174,1;174,4;174,7;174,3;173,8;173,3;172,8;172,3;170,9;169,5;168,0;166,5
143;150,4;149,6;148,7;147,8;146,8;145,7;144,6;143,4;142,1;141,7;141,1;140,5;139,9;151,3;150,9;150,5;150,0;149,3;148,5;147,7;146,8;145,9;145,4;144,8;144,1;143,4;153,5;153,2;153,0;152,8;152,4;151,9;151,4;150,9;150,4;149,9;149,5;149,0;148,5;155,5;155,5;155,5;155,5;155,3;155,1;155,0;154,8;154,6;154,2;153,8;153,4;153,0;157,4;157,6;157,8;158,1;158,2;158,3;158,4;158,5;158,6;158,2;157,9;157,5;157,1;159,2;159,6;160,0;160,4;160,7;161,0;161,3;161,6;161,9;161,5;161,1;160,7;160,2;161,0;161,5;161,9;162,4;162,6;162,9;163,2;163,5;163,8;163,2;162,7;162,1;161,5;162,8;163,3;163,8;164,3;164,6;164,8;165,1;165,3;165,6;164,9;164,2;163,5;162,7;164,6;165,1;165,7;166,3;166,5;166,7;166,9;167,2;167,4;166,6;165,7;164,8;163,9;166,1;166,6;167,2;167,8;168,0;168,1;168,3;168,4;168,6;167,6;166,6;165,6;164,5;167,3;167,8;168,4;169,0;169,0;169,0;169,0;169,0;169,0;168,0;166,9;165,8;164,6;168,5;169,0;169,6;170,1;170,0;169,9;169,8;169,6;169,5;168,4;167,2;166,0;164,7;169,7;170,3;170,8;171,3;171,0;170,8;170,5;170,3;170,0;168,7;167,5;166,2;164,8
144;151,3;149,1;147,0;144,9;143,1;141,2;139,2;137,2;135,1;134,5;133,9;133,2;132,4;149,7;148,3;146,8;145,4;144,0;142,6;141,2;139,7;138,2;137,6;137,0;136,3;135,6;151,3;150,2;149,2;148,1;147,2;146,3;145,4;144,4;143,4;143,0;142,6;142,1;141,6;152,7;152,0;151,4;150,7;150,3;149,8;149,3;148,9;148,4;148,1;147,8;147,4;147,1;154,1;153,8;153,5;153,2;153,1;153,1;153,0;153,0;152,9;152,7;152,5;152,2;152,0;155,5;155,5;155,5;155,5;155,7;156,0;156,2;156,5;156,7;156,5;156,2;156,0;155,7;157,3;157,5;157,6;157,7;158,0;158,2;158,5;158,8;159,1;158,7;158,3;157,9;157,5;159,2;159,4;159,6;159,9;160,2;160,5;160,8;161,1;161,4;160,8;160,3;159,8;159,2;161,0;161,3;161,7;162,0;162,3;162,6;162,9;163,2;163,6;162,9;162,2;161,6;160,9;162,5;162,9;163,4;163,8;164,1;164,3;164,6;164,9;165,1;164,4;163,6;162,8;161,9;163,7;164,2;164,7;165,3;165,4;165,6;165,7;165,9;166,1;165,2;164,3;163,4;162,4;164,9;165,5;166,1;166,7;166,8;166,8;166,9;166,9;167,0;166,0;165,0;163,9;162,9;166,1;166,8;167,5;168,1;168,1;168,1;168,0;168,0;167,9;166,8;165,7;164,5;163,4
145;152,1;148,7;145,3;142,0;139,4;136,8;134,1;131,3;128,6;128,0;127,3;126,6;125,8;148,1;145,6;143,2;140,8;138,9;137,0;135,0;133,1;131,0;130,5;129,9;129,2;128,5;149,1;147,2;145,4;143,5;142,3;141,0;139,7;138,4;137,0;136,7;136,3;135,9;135,5;150,0;148,7;147,4;146,1;145,5;144,8;144,1;143,4;142,7;142,5;142,2;142,0;141,8;150,9;150,1;149,3;148,5;148,4;148,3;148,1;148,0;147,8;147,7;147,6;147,5;147,4;151,9;151,6;151,2;150,9;151,1;151,4;151,6;151,9;152,2;152,1;152,0;151,9;151,7;153,9;153,7;153,6;153,4;153,7;154,0;154,3;154,6;154,9;154,7;154,5;154,3;154,0;155,9;155,8;155,8;155,8;156,2;156,5;156,9;157,2;157,6;157,3;156,9;156,6;156,2;157,7;157,9;158,0;158,2;158,6;159,0;159,4;159,8;160,2;159,7;159,2;158,8;158,3;159,2;159,6;159,9;160,2;160,6;161,0;161,4;161,7;162,1;161,5;160,9;160,3;159,7;160,4;160,9;161,4;161,9;162,2;162,5;162,8;163,1;163,4;162,7;162,0;161,2;160,5;161,6;162,3;162,9;163,6;163,8;164,1;164,3;164,5;164,8;163,9;163,1;162,2;161,3;162,8;163,7;164,5;165,3;165,5;165,6;165,8;165,9;166,1;165,1;164,1;163,1;162,0
146;171,3;167,5;163,7;160,0;156,3;152,4;148,6;144,7;140,8;138,5;136,0;133,4;130,6;165,6;162,6;159,6;156,7;153,6;150,4;147,2;144,0;140,8;138,6;136,2;133,6;131,0;163,8;161,3;158,9;156,6;154,2;151,7;149,3;146,8;144,4;142,5;140,6;138,6;136,4;162,2;160,3;158,3;156,5;154,7;152,9;151,1;149,3;147,5;146,0;144,5;142,9;141,2;160,8;159,3;157,8;156,4;155,2;153,9;152,7;151,5;150,3;149,1;147,9;146,6;145,3;159,9;158,8;157,6;156,5;155,7;154,9;154,2;153,4;152,6;151,7;150,7;149,6;148,6;160,2;159,2;158,2;157,3;156,7;156,1;155,6;155,0;154,4;153,5;152,6;151,7;150,7;160,4;159,6;158,8;158,0;157,7;157,3;156,9;156,5;156,1;155,3;154,5;153,6;152,7;160,6;160,0;159,4;158,8;158,6;158,4;158,2;158,0;157,8;157,0;156,2;155,4;154,6;160,9;160,4;160,0;159,6;159,5;159,4;159,3;159,2;159,1;158,3;157,6;156,8;156,0;161,1;160,9;160,7;160,5;160,4;160,3;160,3;160,2;160,2;159,3;158,5;157,7;156,8;161,4;161,4;161,4;161,4;161,3;161,3;161,3;161,2;161,2;160,3;159,5;158,6;157,6;161,6;161,8;162,0;162,3;162,3;162,3;162,3;162,3;162,3;161,3;160,4;159,4;158,5
147;193,1;189,1;185,2;181,2;176,4;171,3;166,0;160,7;155,4;151,0;146,3;141,3;136,1;185,8;182,1;178,6;175,0;170,6;165,9;161,2;156,5;151,8;147,6;143,2;138,5;133,7;180,5;177,3;174,1;171,1;167,4;163,6;159,8;155,9;152,2;148,7;145,1;141,3;137,4;175,7;173,0;170,2;167,6;164,6;161,6;158,5;155,5;152,4;149,6;146,7;143,7;140,6;171,6;169,2;166,8;164,5;162,2;159,8;157,4;155,1;152,7;150,4;148,1;145,7;143,3;168,4;166,3;164,2;162,2;160,4;158,6;156,7;154,9;153,1;151,3;149,4;147,5;145,5;166,6;164,8;163,0;161,2;159,7;158,3;156,8;155,4;154,0;152,4;150,8;149,2;147,6;165,0;163,4;161,8;160,2;159,1;158,0;156,9;155,8;154,8;153,5;152,2;150,8;149,5;163,5;162,1;160,7;159,3;158,6;157,8;157,0;156,3;155,5;154,5;153,4;152,3;151,2;162,5;161,3;160,1;159,0;158,4;157,9;157,3;156,8;156,3;155,4;154,4;153,5;152,5;161,8;160,9;160,0;159,1;158,7;158,3;157,9;157,5;157,1;156,2;155,3;154,4;153,4;161,1;160,5;159,9;159,3;159,0;158,8;158,5;158,2;157,9;157,0;156,1;155,2;154,3;160,5;160,2;159,8;159,5;159,3;159,2;159,0;158,9;158,7;157,9;157,0;156,1;155,2
148;212,1;208,3;204,5;200,6;195,5;189,8;183,8;177,4;170,8;164,6;157,8;150,3;142,3;204,4;200,4;196,3;192,4;187,1;181,5;175,6;169,5;163,3;157,3;150,8;143,8;136,6;196,6;192,8;189,0;185,3;180,5;175,6;170,5;165,3;160,2;155,1;149,8;144,2;138,5;189,3;185,7;182,1;178,7;174,6;170,4;166,1;161,8;157,5;153,3;149,0;144,5;140,0;182,6;179,2;175,9;172,7;169,2;165,7;162,2;158,7;155,1;151,8;148,3;144,8;141,3;176,9;173,9;170,8;167,9;165,0;162,2;159,3;156,4;153,6;150,9;148,2;145,4;142,6;173,1;170,3;167,6;165,0;162,7;160,4;158,1;155,8;153,5;151,3;149,1;146,9;144,6;169,6;167,1;164,7;162,3;160,5;158,7;157,0;155,2;153,4;151,7;150,0;148,2;146,4;166,3;164,1;162,0;159,8;158,5;157,2;155,9;154,6;153,4;152,1;150,8;149,5;148,1;164,0;162,1;160,2;158,4;157,4;156,5;155,5;154,6;153,6;152,6;151,5;150,5;149,4;162,4;160,9;159,4;157,9;157,2;156,4;155,7;155,0;154,3;153,3;152,3;151,3;150,3;160,9;159,7;158,6;157,4;156,9;156,4;155,9;155,4;154,9;154,0;153,1;152,2;151,3;159,4;158,6;157,8;157,0;156,7;156,4;156,1;155,8;155,5;154,7;153,9;153,0;152,2
149;219,6;217,5;215,4;213,2;209,6;205,7;201,3;196,4;191,2;185,8;179,5;172,3;164,4;214,8;212,5;210,1;207,7;203,8;199,6;195,0;190,0;184,7;179,0;172,6;165,6;158,1;209,3;206,8;204,3;201,9;197,9;193,7;189,3;184,6;179,8;174,4;168,7;162,6;156,3;203,7;201,2;198,7;196,1;192,3;188,3;184,1;179,8;175,5;170,6;165,5;160,2;154,9;198,2;195,7;193,1;190,6;186,9;183,2;179,4;175,6;171,9;167,4;162,9;158,3;153,8;193,1;190,6;188,0;185,5;182,1;178,7;175,3;172,0;168,8;164,8;160,9;156,9;153,1;188,8;186,2;183,7;181,1;178,1;175,0;172,0;169,1;166,2;162,9;159,5;156,2;152,9;184,7;182,2;179,6;177,2;174,4;171,7;169,0;166,5;164,0;161,1;158,3;155,5;152,8;180,9;178,4;175,9;173,5;171,1;168,7;166,4;164,1;162,0;159,6;157,3;155,0;152,6;177,5;175,1;172,8;170,5;168,4;166,3;164,4;162,4;160,6;158,5;156,5;154,5;152,5;174,5;172,3;170,2;168,1;166,3;164,6;162,9;161,2;159,7;157,8;156,0;154,2;152,3;171,6;169,6;167,7;165,9;164,4;162,9;161,5;160,1;158,8;157,1;155,5;153,8;152,1;168,8;167,1;165,4;163,7;162,5;161,3;160,2;159,1;158,0;156,5;155,0;153,5;152,0
150;226,5;225,9;225,2;224,5;222,4;220,1;217,5;214,7;211,6;207,3;202,3;196,4;189,7;224,6;223,8;223,0;222,1;219,7;217,0;214,1;210,9;207,5;202,6;197,1;190,9;184,0;221,4;220,4;219,3;218,3;215,3;212,2;208,8;205,2;201,4;196,1;190,3;184,0;177,3;218,2;216,9;215,6;214,4;211,0;207,4;203,7;199,8;195,9;190,4;184,5;178,3;172,1;214,9;213,4;211,9;210,4;206,7;202,8;198,9;194,9;190,9;185,4;179,6;173,8;167,9;211,3;209,5;207,7;206,0;202,0;198,0;194,0;190,0;186,1;180,8;175,3;169,9;164,6;206,9;204,7;202,5;200,3;196,2;192,2;188,2;184,3;180,5;175,8;171,1;166,4;161,8;202,7;200,1;197,4;194,9;190,8;186,8;182,9;179,2;175,6;171,5;167,4;163,4;159,4;198,6;195,6;192,7;189,8;185,8;181,9;178,2;174,6;171,3;167,7;164,2;160,7;157,3;194,0;190,9;187,8;184,9;181,1;177,6;174,2;170,9;167,9;164,8;161,7;158,6;155,6;189,0;185,8;182,8;179,9;176,7;173,6;170,6;167,8;165,2;162,5;159,7;157,0;154,3;184,1;181,0;178,1;175,3;172,5;169,9;167,4;165,0;162,7;160,3;157,9;155,4;153,0;179,7;176,6;173,7;171,0;168,7;166,5;164,4;162,3;160,4;158,2;156,1;153,9;151,7
151;232,6;233,1;233,6;234,1;233,0;231,9;230,6;229,3;227,9;224,4;220,3;215,6;210,3;233,2;233,6;234,0;234,3;232,8;231,2;229,5;227,7;225,8;221,6;216,9;211,6;205,7;232,1;232,2;232,2;232,3;230,0;227,7;225,2;222,6;219,8;214,9;209,4;203,3;196,7;231,0;230,7;230,4;230,1;227,2;224,1;220,9;217,5;214,1;208,5;202,4;195,8;188,9;230,0;229,3;228,6;228,0;224,3;220,6;216,7;212,7;208,7;202,6;196,0;189,2;182,2;228,2;227,1;226,0;224,9;220,6;216,2;211,8;207,3;202,9;196,6;189,9;183,2;176,4;224,3;222,4;220,6;218,7;214,0;209,2;204,4;199,6;194,9;189,1;183,0;177,0;171,0;220,4;217,8;215,2;212,6;207,5;202,3;197,2;192,3;187,5;182,2;176,8;171,5;166,2;216,6;213,2;209,9;206,6;201,2;195,8;190,6;185,6;180,8;176,1;171,3;166,6;162,0;211,4;207,5;203,6;199,9;194,6;189,5;184,5;179,8;175,3;171,2;167,0;162,8;158,8;204,5;200,3;196,3;192,4;187,7;183,1;178,8;174,7;170,8;167,2;163,5;159,8;156,2;197,8;193,4;189,2;185,2;181,1;177,2;173,5;169,9;166,6;163,4;160,2;157,0;153,8;191,4;186,9;182,6;178,6;175,1;171,8;168,6;165,6;162,8;160,0;157,2;154,3;151,5
152;232,5;232,7;233,0;233,3;232,6;231,9;231,1;230,3;229,5;227,3;224,8;221,9;218,6;233,0;233,2;233,5;233,7;232,8;231,9;230,9;229,9;228,8;226,1;223,2;219,9;216,1;232,5;232,6;232,8;232,9;231,6;230,2;228,8;227,3;225,7;222,4;218,7;214,5;209,9;232,1;232,1;232,1;232,1;230,4;228,6;226,7;224,7;222,6;218,7;214,3;209,4;204,2;231,6;231,5;231,4;231,3;229,1;226,9;224,6;222,2;219,7;215,1;210,1;204,7;198,9;230,8;230,5;230,2;229,9;227,3;224,6;221,8;218,9;216,0;211,0;205,5;199,7;193,7;228,9;228,1;227,3;226,5;223,3;220,1;216,7;213,4;209,9;204,6;199,1;193,3;187,4;227,1;225,7;224,3;222,9;219,3;215,5;211,6;207,7;203,8;198,4;192,9;187,3;181,7;225,2;223,3;221,3;219,4;215,2;210,8;206,5;202,1;197,7;192,4;187,0;181,7;176,5;222,2;219,7;217,2;214,7;210,1;205,4;200,7;196,1;191,6;186,5;181,4;176,5;171,6;217,9;214,9;211,8;208,7;203,8;199,0;194,3;189,7;185,4;180,6;175,9;171,4;166,9;213,5;209,8;206,2;202,5;197,6;192,8;188,2;183,8;179,6;175,2;170,9;166,7;162,6;208,9;204,7;200,5;196,4;191,5;186,8;182,4;178,2;174,3;170,3;166,3;162,4;158,6
153;232,3;232,4;232,4;232,5;232,2;231,9;231,6;231,3;230,9;229,9;228,7;227,4;225,9;232,8;232,9;233,0;233,1;232,8;232,5;232,2;231,8;231,4;230,2;228,7;227,1;225,3;232,9;233,1;233,3;233,6;233,1;232,6;232,1;231,5;231,0;229,1;227,0;224,6;222,0;233,0;233,3;233,7;234,0;233,3;232,7;232,0;231,2;230,5;228,0;225,3;222,2;218,9;233,1;233,6;234,0;234,4;233,6;232,7;231,9;231,0;230,0;227,0;223,6;220,0;216,0;233,2;233,7;234,1;234,6;233,5;232,4;231,2;230,0;228,8;225,2;221,2;216,9;212,3;233,3;233,4;233,6;233,8;232,2;230,5;228,8;227,0;225,2;220,9;216,2;211,3;206,1;233,3;233,2;233,1;233,0;230,8;228,6;226,3;223,9;221,5;216,4;211,1;205,6;200,0;233,3;232,9;232,5;232,1;229,4;226,6;223,7;220,7;217,6;211,9;206,1;200,2;194,3;232,7;231,9;231,0;230,1;226,6;223,0;219,3;215,6;211,8;205,8;199,7;193,6;187,8;231,3;229,8;228,2;226,5;222,2;217,7;213,1;208,5;203,9;197,9;191,9;185,9;180,3;229,8;227,5;225,2;222,8;217,5;212,1;206,7;201,4;196,4;190,4;184,5;178,8;173,3;228,2;225,2;222,1;218,9;212,6;206,4;200,4;194,7;189,3;183,5;177,8;172,2;167,0
154;232,2;232,0;231,9;231,7;231,8;231,9;232,0;232,1;232,3;232,2;232,2;232,2;232,2;232,6;232,6;232,6;232,6;232,8;233,0;233,3;233,6;233,9;233,7;233,6;233,4;233,3;233,2;233,5;233,8;234,1;234,4;234,7;235,0;235,4;235,7;235,0;234,2;233,3;232,4;233,9;234,5;235,1;235,7;236,1;236,4;236,8;237,1;237,5;236,2;234,7;233,2;231,5;234,6;235,5;236,4;237,3;237,7;238,1;238,4;238,8;239,2;237,3;235,3;233,1;230,8;235,5;236,7;237,8;238,9;239,2;239,4;239,7;239,9;240,1;237,6;234,9;232,0;228,9;237,3;238,4;239,5;240,5;240,2;239,9;239,6;239,2;238,9;235,4;231,7;227,7;223,5;239,1;240,1;241,1;242,2;241,3;240,4;239,5;238,6;237,6;233,1;228,3;223,3;218,0;240,8;241,8;242,8;243,8;242,4;240,9;239,4;237,9;236,3;230,8;224,9;218,8;212,6;242,3;242,9;243,5;244,1;241,8;239,4;237,0;234,5;231,9;225,5;218,9;212,0;205,2;243,3;243,2;243,0;242,9;239,3;235,6;231,7;227,7;223,7;216,8;209,7;202,5;195,4;244,4;243,5;242,6;241,6;236,7;231,5;226,1;220,6;215,1;207,8;200,3;192,9;185,7;245,5;243,9;242,1;240,3;234,0;227,2;220,3;213,3;206,6;199,0;191,3;183,8;176,7
155;234,3;234,2;234,0;233,9;233,8;233,7;233,7;233,6;233,5;233,4;233,3;233,1;233,0;234,9;234,9;234,9;234,8;234,8;234,9;234,9;234,9;234,9;234,7;234,4;234,2;233,9;235,7;235,8;236,0;236,2;236,3;236,4;236,4;236,5;236,6;236,0;235,4;234,7;233,9;236,4;236,8;237,2;237,5;237,7;237,8;238,0;238,1;238,3;237,3;236,2;235,1;233,9;237,1;237,7;238,3;238,9;239,1;239,3;239,5;239,7;239,9;238,5;237,1;235,5;233,9;238,1;238,8;239,5;240,2;240,4;240,6;240,7;240,9;241,0;239,2;237,3;235,3;233,2;239,7;240,3;241,0;241,6;241,4;241,3;241,1;241,0;240,8;238,3;235,8;233,0;230,2;241,2;241,8;242,4;242,9;242,5;242,0;241,5;241,0;240,6;237,5;234,2;230,7;227,1;242,8;243,3;243,8;244,3;243,5;242,7;241,9;241,1;240,3;236,5;232,5;228,3;224,0;244,2;244,4;244,6;244,8;243,5;242,2;240,8;239,3;237,8;233,5;228,8;223,9;218,9;245,4;245,1;244,8;244,5;242,3;240,0;237,6;235,2;232,6;227,7;222,4;216,9;211,1;246,7;245,9;245,0;244,2;241,1;237,8;234,3;230,7;227,0;221,4;215,5;209,3;202,9;248,0;246,6;245,2;243,9;239,8;235,4;230,8;226,0;221,1;214,9;208,2;201,4;194,5
156;236,4;236,3;236,2;236,0;235,8;235,6;235,3;235,0;234,7;234,5;234,2;234,0;233,7;237,3;237,2;237,2;237,1;236,9;236,7;236,4;236,2;235,9;235,6;235,3;234,9;234,5;238,1;238,1;238,2;238,2;238,1;238,0;237,8;237,7;237,5;237,0;236,5;235,9;235,3;238,9;239,0;239,2;239,3;239,3;239,2;239,2;239,1;239,1;238,4;237,7;236,9;236,1;239,7;239,9;240,2;240,4;240,5;240,5;240,5;240,6;240,6;239,7;238,8;237,8;236,8;240,6;240,9;241,2;241,5;241,6;241,7;241,7;241,8;241,8;240,7;239,6;238,4;237,2;242,0;242,2;242,4;242,6;242,6;242,6;242,6;242,6;242,6;241,1;239,6;238,0;236,4;243,4;243,5;243,6;243,7;243,6;243,5;243,5;243,4;243,3;241,5;239,6;237,6;235,5;244,7;244,7;244,7;244,8;244,6;244,5;244,4;244,2;244,1;241,9;239,6;237,2;234,7;246,0;245,9;245,7;245,6;245,1;244,7;244,3;243,8;243,4;240,8;238,0;235,1;232,1;247,4;247,0;246,5;246,1;245,1;244,1;243,1;242,0;240,9;237,8;234,4;230,9;227,2;248,9;248,1;247,3;246,6;245,0;243,5;241,8;240,1;238,3;234,6;230,6;226,3;221,7;250,3;249,2;248,2;247,1;245,0;242,8;240,5;238,1;235,5;231,1;226,4;221,2;215,8
157;238,6;238,5;238,3;238,2;237,8;237,3;236,9;236,4;235,9;235,6;235,2;234,8;234,3;239,6;239,6;239,5;239,4;238,9;238,4;237,9;237,4;236,9;236,5;236,0;235,6;235,0;240,5;240,4;240,3;240,3;239,9;239,5;239,2;238,8;238,4;238,0;237,6;237,2;236,7;241,4;241,3;241,2;241,1;240,9;240,6;240,4;240,1;239,9;239,5;239,1;238,6;238,2;242,2;242,1;242,0;242,0;241,8;241,7;241,5;241,4;241,2;240,8;240,4;240,0;239,6;243,1;243,0;242,9;242,8;242,8;242,7;242,7;242,7;242,6;242,2;241,7;241,3;240,8;244,3;244,1;243,8;243,6;243,8;243,9;244,0;244,1;244,3;243,7;243,1;242,5;241,9;245,4;245,1;244,8;244,4;244,7;245,0;245,3;245,6;245,9;245,2;244,5;243,8;243,1;246,5;246,1;245,7;245,2;245,7;246,1;246,6;247,1;247,6;246,8;245,9;245,1;244,2;247,8;247,3;246,8;246,2;246,7;247,1;247,5;248,0;248,4;247,3;246,1;244,9;243,7;249,4;248,8;248,1;247,5;247,7;247,8;248,0;248,2;248,4;246,7;245,0;243,2;241,3;251,0;250,2;249,5;248,8;248,7;248,6;248,5;248,4;248,4;246,1;243,7;241,3;238,6;252,6;251,7;250,9;250,0;249,7;249,4;249,0;248,7;248,3;245,5;242,4;239,2;235,7
158;241,2;241,0;240,7;240,5;240,0;239,5;239,0;238,5;237,9;237,5;237,1;236,7;236,2;242,2;242,0;241,8;241,7;241,1;240,5;240,0;239,4;238,8;238,3;237,9;237,3;236,8;243,4;243,3;243,1;242,9;242,4;242,0;241,5;241,0;240,5;240,0;239,5;239,0;238,4;244,7;244,5;244,3;244,1;243,7;243,3;242,9;242,6;242,2;241,6;241,1;240,5;240,0;245,9;245,7;245,5;245,3;245,0;244,7;244,4;244,0;243,7;243,2;242,6;242,0;241,3;247,3;247,0;246,7;246,5;246,2;246,0;245,7;245,5;245,2;244,6;243,9;243,3;242,6;248,9;248,4;247,9;247,4;247,3;247,1;247,0;246,8;246,7;246,0;245,3;244,6;243,8;250,5;249,8;249,1;248,4;248,3;248,3;248,2;248,2;248,1;247,4;246,6;245,9;245,1;252,0;251,1;250,2;249,3;249,4;249,4;249,5;249,5;249,6;248,8;248,0;247,1;246,3;254,2;253,0;251,8;250,6;250,6;250,5;250,4;250,4;250,3;249,3;248,2;247,2;246,1;257,2;255,5;253,9;252,4;252,0;251,5;251,1;250,7;250,3;248,8;247,3;245,8;244,2;260,3;258,1;256,1;254,2;253,4;252,6;251,8;251,0;250,3;248,4;246,4;244,4;242,2;263,5;260,9;258,4;256,0;254,8;253,7;252,6;251,4;250,2;247,9;245,4;242,8;240,1
159;243,8;243,5;243,2;242,9;242,3;241,8;241,2;240,6;239,9;239,5;239,1;238,6;238,0;244,8;244,5;244,2;243,9;243,3;242,7;242,0;241,4;240,7;240,2;239,7;239,1;238,5;246,4;246,1;245,8;245,6;245,0;244,4;243,8;243,2;242,6;242,1;241,5;240,9;240,2;248,1;247,8;247,5;247,1;246,6;246,1;245,6;245,0;244,5;243,8;243,2;242,5;241,7;249,7;249,4;249,0;248,7;248,2;247,7;247,2;246,7;246,2;245,5;244,7;243,9;243,1;251,5;251,0;250,6;250,2;249,7;249,2;248,7;248,2;247,8;247,0;246,1;245,3;244,4;253,6;252,8;252,0;251,3;250,8;250,4;249,9;249,5;249,0;248,2;247,4;246,6;245,7;255,6;254,5;253,4;252,4;252,0;251,5;251,1;250,7;250,3;249,5;248,7;247,9;247,0;257,7;256,3;254,8;253,5;253,1;252,7;252,3;251,9;251,5;250,7;249,9;249,1;248,3;260,9;258,9;257,0;255,1;254,5;253,9;253,3;252,7;252,1;251,2;250,3;249,3;248,3;265,6;262,7;260,0;257,4;256,3;255,3;254,2;253,2;252,1;250,9;249,6;248,3;247,0;270,6;266,8;263,2;259,8;258,3;256,7;255,1;253,6;252,1;250,5;248,9;247,2;245,5;275,9;271,1;266,6;262,3;260,2;258,2;256,1;254,1;252,1;250,2;248,2;246,1;244,0
160;246,5;246,1;245,7;245,2;244,6;244,0;243,3;242,7;242,0;241,5;241,0;240,5;239,9;247,4;247,0;246,6;246,3;245,6;244,9;244,1;243,4;242,7;242,1;241,5;240,9;240,2;249,5;249,1;248,6;248,2;247,6;246,9;246,2;245,5;244,8;244,1;243,4;242,7;241,9;251,5;251,1;250,6;250,2;249,5;248,8;248,2;247,5;246,8;246,0;245,2;244,4;243,5;253,5;253,0;252,6;252,1;251,4;250,7;250,1;249,4;248,7;247,8;246,8;245,9;244,9;255,6;255,0;254,4;253,8;253,1;252,4;251,7;251,0;250,3;249,3;248,3;247,2;246,2;258,3;257,2;256,1;255,1;254,3;253,6;252,8;252,1;251,4;250,5;249,5;248,5;247,6;260,9;259,3;257,8;256,3;255,5;254,7;254,0;253,2;252,4;251,6;250,7;249,8;248,9;263,5;261,4;259,5;257,6;256,7;255,9;255,0;254,2;253,4;252,6;251,8;251,0;250,2;267,7;264,9;262,2;259,6;258,4;257,3;256,1;255,0;253,9;253,1;252,2;251,3;250,5;274,3;270,2;266,2;262,5;260,7;259,0;257,3;255,6;253,9;252,8;251,8;250,7;249,5;281,3;275,8;270,6;265,7;263,2;260,8;258,4;256,1;253,9;252,6;251,3;249,9;248,6;288,6;281,8;275,2;269,0;265,8;262,7;259,7;256,7;253,9;252,3;250,8;249,2;247,6
161;248,9;248,4;247,9;247,4;246,7;246,0;245,3;244,5;243,8;243,3;242,7;242,1;241,4;250,4;249,9;249,4;248,9;248,1;247,3;246,4;245,6;244,8;244,1;243,4;242,7;241,9;253,4;252,8;252,1;251,5;250,7;249,8;249,0;248,1;247,3;246,5;245,6;244,7;243,8;256,5;255,6;254,9;254,1;253,2;252,3;251,4;250,5;249,7;248,7;247,7;246,6;245,5;259,5;258,5;257,6;256,7;255,7;254,7;253,8;252,9;251,9;250,8;249,6;248,4;247,1;262,8;261,6;260,4;259,3;258,2;257,1;256,0;255,0;253,9;252,6;251,3;249,9;248,6;267,7;265,9;264,1;262,4;261,0;259,6;258,2;256,9;255,6;254,2;252,8;251,4;250,0;272,7;270,2;267,8;265,6;263,8;262,1;260,4;258,8;257,2;255,8;254,3;252,9;251,4;277,8;274,6;271,6;268,7;266,6;264,6;262,6;260,6;258,8;257,3;255,8;254,3;252,8;284,2;280,3;276,5;272,9;270,3;267,8;265,4;263,0;260,7;259,0;257,2;255,5;253,7;292,3;287,5;282,9;278,5;275,2;272,1;269,0;266,0;263,2;260,9;258,7;256,4;254,2;300,5;295,1;289,7;284,4;280,5;276,7;272,9;269,3;265,8;263,0;260,2;257,5;254,7;308,4;302,6;296,6;290,6;286,1;281,5;277,1;272,8;268,6;265,3;261,9;258,6;255,2
162;251,4;250,8;250,2;249,7;248,9;248,1;247,3;246,4;245,6;245,0;244,4;243,7;242,9;253,5;252,9;252,3;251,7;250,7;249,7;248,8;247,8;246,9;246,1;245,3;244,4;243,5;257,7;256,7;255,8;255,0;253,9;252,9;251,8;250,8;249,8;248,8;247,8;246,7;245,6;261,9;260,6;259,4;258,3;257,1;255,9;254,8;253,7;252,6;251,4;250,1;248,9;247,6;266,0;264,4;262,9;261,5;260,2;258,9;257,6;256,4;255,2;253,7;252,3;250,8;249,3;270,9;268,9;267,0;265,2;263,6;262,0;260,5;259,0;257,6;255,9;254,3;252,6;250,9;278,6;275,7;273,0;270,5;268,2;266,0;263,9;261,8;259,8;258,0;256,1;254,3;252,4;286,5;282,7;279,2;275,9;272,9;270,0;267,3;264,6;262,1;260,0;258,0;255,9;253,9;294,4;289,8;285,4;281,3;277,7;274,1;270,7;267,5;264,4;262,1;259,8;257,6;255,3;302,5;297,5;292,6;287,9;283,7;279,5;275,5;271,6;267,9;265,1;262,4;259,6;257,0;311,0;306,1;301,1;296,3;291,4;286,7;282,0;277,5;273,2;269,6;266,0;262,4;258,9;318,9;314,3;309,5;304,7;299,4;294,1;288,9;283,7;278,8;274,3;269,8;265,4;261,0;326,1;321,8;317,4;312,8;307,3;301,6;295,9;290,2;284,7;279,3;273,9;268,5;263,2
163;254,1;253,4;252,7;252,0;251,1;250,2;249,3;248,4;247,5;246,8;246,1;245,3;244,4;256,9;256,1;255,3;254,5;253,4;252,3;251,2;250,1;249,0;248,1;247,1;246,1;245,1;262,3;261,0;259,8;258,6;257,3;256,0;254,8;253,5;252,3;251,1;250,0;248,7;247,5;267,7;265,9;264,2;262,6;261,1;259,7;258,2;256,8;255,4;254,0;252,6;251,1;249,6;273,1;270,8;268,6;266,6;264,9;263,2;261,5;259,9;258,4;256,7;255,0;253,2;251,5;279,6;276,7;273,9;271,4;269,2;267,1;265,0;263,1;261,2;259,2;257,2;255,2;253,2;290,3;286,3;282,5;279,0;275,8;272,7;269,7;266,8;264,1;261,8;259,4;257,1;254,8;300,8;295,9;291,1;286,7;282,5;278,4;274,4;270,7;267,1;264,4;261,7;259,0;256,3;310,7;305,0;299,5;294,1;289,1;284,1;279,2;274,5;270,1;267,0;263,9;260,8;257,8;319,3;313,8;308,3;302,8;297,2;291,5;286,0;280,5;275,3;271,4;267,6;263,8;260,2;327,0;322,3;317,6;312,8;307,0;301,1;295,1;289,1;283,4;278,4;273,4;268,4;263,6;333,7;329,9;326,0;322,0;316,3;310,3;304,1;297,8;291,6;285,6;279,5;273,3;267,3;339,6;336,6;333,4;330,2;324,7;318,8;312,6;306,1;299,6;293,0;285,8;278,5;271,2
164;260,4;259,3;258,3;257,4;256,2;255,0;253,8;252,6;251,4;250,6;249,6;248,6;247,6;264,9;263,6;262,3;261,1;259,5;258,0;256,5;255,0;253,6;252,4;251,1;249,8;248,5;272,4;270,5;268,8;267,2;265,3;263,4;261,6;259,9;258,2;256,6;255,0;253,3;251,6;280,1;277,7;275,5;273,4;271,1;268,8;266,7;264,6;262,7;260,6;258,6;256,5;254,4;287,9;285,0;282,2;279,6;276,8;274,2;271,7;269,2;267,0;264,5;262,0;259,5;257,0;296,1;292,6;289,4;286,3;283,0;279,9;276,9;274,0;271,3;268,4;265,5;262,6;259,8;305,9;302,0;298,3;294,7;290,8;287,0;283,4;280,0;276,7;273,3;270,0;266,7;263,5;314,9;310,8;306,7;302,7;298,4;294,2;290,0;286,0;282,1;278,3;274,6;270,9;267,3;322,8;318,6;314,3;310,1;305,6;301,0;296,5;292,0;287,6;283,4;279,2;275,1;271,1;328,9;325,0;321,0;317,1;312,6;307,9;303,3;298,6;293,9;289,3;284,6;280,0;275,4;333,5;330,2;326,9;323,6;319,3;314,9;310,3;305,7;301,1;296,1;291,0;285,8;280,6;337,5;334,8;332,1;329,4;325,4;321,2;316,9;312,4;307,9;302,8;297,4;291,8;286,0;341,1;338,9;336,7;334,5;330,8;326,9;322,8;318,5;314,2;309,1;303,6;297,7;291,6
165;267,6;266,1;264,7;263,4;261,8;260,2;258,7;257,2;255,7;254,6;253,4;252,1;250,8;274,2;272,2;270,3;268,5;266,4;264,3;262,3;260,4;258,5;256,9;255,3;253,7;252,0;284,4;281,8;279,4;277,1;274,4;271,8;269,4;267,0;264,7;262,5;260,3;258,1;255,9;294,9;291,8;288,8;286,0;282,7;279,5;276,4;273,5;270,7;267,9;265,1;262,3;259,6;305,1;301,5;298,1;294,8;290,8;287,0;283,3;279,8;276,5;273,1;269,6;266,2;262,9;314,2;310,4;306,8;303,3;298,8;294,5;290,3;286,4;282,6;278,6;274,6;270,6;266,8;321,8;318,3;314,9;311,6;307,2;302,9;298,7;294,6;290,6;286,2;281,7;277,3;273,1;328,5;325,3;322,1;319,0;314,9;310,7;306,6;302,5;298,6;293,8;288,9;284,1;279,4;334,3;331,3;328,5;325,6;321,8;317,9;313,9;310,0;306,1;301,0;295,9;290,7;285,6;337,8;335,3;332,7;330,2;326,8;323,3;319,7;316,1;312,5;307,5;302,3;297,1;291,8;339,6;337,4;335,3;333,3;330,3;327,2;324,0;320,8;317,6;313,1;308,3;303,3;298,2;341,1;339,4;337,7;336,0;333,4;330,7;328,0;325,2;322,4;318,3;313,9;309,3;304,5;342,6;341,2;339,8;338,4;336,2;333,8;331,5;329,1;326,6;323,0;319,1;314,9;310,5
166;275,9;273,8;271,8;270,0;268,0;266,0;264,0;262,1;260,2;258,7;257,3;255,7;254,1;284,5;281,7;279,1;276,6;273,9;271,2;268,6;266,1;263,6;261,6;259,6;257,6;255,5;297,6;294,2;291,1;288,1;284,5;281,1;277,8;274,6;271,6;268,8;265,9;263,1;260,3;310,4;306,7;303,1;299,7;295,3;291,1;287,0;283,0;279,3;275,7;272,0;268,4;264,8;321,9;318,0;314,2;310,5;305,5;300,5;295,7;291,0;286,7;282,2;277,7;273,3;269,0;330,7;327,0;323,3;319,7;314,5;309,3;304,1;299,2;294,4;289,2;284,1;279,0;274,1;335,8;332,8;329,9;326,9;322,5;318,0;313,4;309,0;304,6;299,2;293,8;288,3;282,9;340,3;337,9;335,6;333,3;329,5;325,6;321,7;317,8;314,0;308,6;303,0;297,3;291,6;344,2;342,3;340,5;338,7;335,4;332,2;328,8;325,5;322,3;317,0;311,4;305,6;299,7;345,7;344,2;342,7;341,3;338,6;335,9;333,2;330,4;327,7;322,9;317,8;312,4;306,9;345,1;343,9;342,7;341,5;339,4;337,3;335,2;333,0;330,9;326,9;322,6;318,1;313,4;344,6;343,6;342,7;341,8;340,2;338,6;337,0;335,4;333,9;330,6;327,1;323,4;319,5;344,0;343,3;342,7;342,0;340,9;339,8;338,7;337,6;336,6;333,9;331,1;328,1;325,0
167;289,7;287,3;285,0;282,9;280,3;277,7;275,2;272,8;270,4;268,3;266,1;263,9;261,6;300,5;297,4;294,5;291,7;288,3;284,9;281,7;278,5;275,5;272,6;269,7;266,8;263,9;311,9;308,6;305,5;302,5;298,7;295,0;291,4;287,9;284,6;281,2;277,8;274,4;271,1;322,2;318,9;315,6;312,5;308,5;304,5;300,7;296,9;293,2;289,4;285,5;281,6;277,8;331,0;327,7;324,5;321,4;317,2;313,1;309,0;305,0;301,1;296,8;292,5;288,2;283,9;337,4;334,3;331,3;328,3;324,3;320,2;316,2;312,2;308,3;303,8;299,3;294,7;290,1;339,9;337,4;334,9;332,4;329,0;325,5;322,0;318,6;315,3;311,0;306,7;302,2;297,7;342,2;340,1;338,0;336,0;333,0;330,1;327,1;324,2;321,4;317,4;313,2;309,0;304,7;344,3;342,5;340,8;339,1;336,5;334,0;331,5;329,0;326,6;322,9;318,9;314,9;310,8;344,8;343,3;341,9;340,5;338,3;336,2;334,1;332,0;330,0;326,6;323,1;319,5;315,8;343,8;342,6;341,5;340,4;338,6;336,9;335,2;333,5;331,9;329,0;326,0;323,0;319,8;343,0;342,0;341,1;340,3;338,9;337,5;336,2;334,9;333,6;331,2;328,7;326,2;323,6;342,1;341,4;340,8;340,1;339,1;338,1;337,2;336,2;335,3;333,3;331,2;329,1;327,0
168;306,8;304,0;301,4;299,0;295,7;292,4;289,2;286,0;283,0;280,1;277,0;273,9;270,7;319,0;315,8;312,7;309,8;305,7;301,7;297,7;293,8;290,0;286,1;282,1;278,0;274,0;327,2;324,2;321,2;318,4;314,6;310,9;307,1;303,5;300,0;296,0;292,0;288,0;284,0;334,3;331,4;328,6;326,0;322,5;319,1;315,6;312,3;309,0;305,1;301,1;297,1;293,1;340,3;337,7;335,0;332,5;329,3;326,1;323,0;319,9;316,9;312,9;309,0;304,9;300,9;344,2;341,8;339,4;337,1;334,1;331,2;328,4;325,6;322,8;319,0;315,2;311,3;307,5;344,3;342,1;340,0;338,0;335,5;333,0;330,6;328,2;325,9;322,7;319,4;316,1;312,7;344,3;342,4;340,6;338,8;336,7;334,6;332,5;330,5;328,6;325,8;323,0;320,1;317,3;344,3;342,7;341,1;339,6;337,7;335,9;334,2;332,5;330,9;328,5;326,1;323,7;321,2;343,7;342,3;340,9;339,6;338,1;336,5;335,1;333,7;332,3;330,2;328,2;326,1;324,0;342,4;341,2;340,1;339,1;337,8;336,5;335,2;334,0;332,9;331,1;329,3;327,5;325,7;341,2;340,3;339,4;338,6;337,5;336,4;335,4;334,4;333,4;331,9;330,4;328,9;327,3;340,0;339,3;338,7;338,1;337,2;336,3;335,5;334,7;333,9;332,7;331,4;330,1;328,9
169;324,7;321,8;319,1;316,4;312,6;308,8;304,9;301,1;297,4;293,6;289,5;285,4;281,1;336,9;333,8;330,8;327,9;323,5;319,1;314,6;310,2;305,8;301,0;296,1;290,9;285,7;341,6;338,8;336,2;333,6;330,1;326,5;322,9;319,4;315,8;311,7;307,3;302,9;298,3;345,7;343,3;340,9;338,7;335,8;332,9;330,1;327,2;324,5;320,7;316,8;312,9;308,9;349,3;347,2;345,1;343,1;340,7;338,4;336,1;333,8;331,6;328,1;324,6;321,0;317,4;351,2;349,2;347,4;345,6;343,6;341,6;339,7;337,9;336,1;332,9;329,7;326,5;323,3;348,8;347,0;345,2;343,6;341,9;340,3;338,7;337,2;335,7;333,3;330,8;328,4;326,0;346,5;344,8;343,3;341,8;340,4;339,0;337,8;336,5;335,4;333,6;331,8;330,1;328,4;344,4;342,9;341,4;340,0;338,9;337,9;336,9;336,0;335,1;333,9;332,7;331,6;330,4;342,5;341,1;339,9;338,7;337,8;336,9;336,1;335,3;334,6;333,7;332,9;332,1;331,3;340,8;339,7;338,6;337,7;336,8;336,0;335,3;334,5;333,9;333,1;332,4;331,8;331,1;339,1;338,3;337,4;336,7;335,9;335,2;334,5;333,8;333,2;332,6;332,0;331,4;330,9;337,6;336,9;336,3;335,7;335,0;334,3;333,7;333,1;332,5;332,0;331,6;331,1;330,7
170;334,8;331,9;329,1;326,3;322,7;319,0;315,2;311,5;307,8;304,2;300,4;296,4;292,3;344,8;341,8;338,9;336,1;332,2;328,2;324,2;320,1;316,1;311,8;307,3;302,6;297,8;347,0;344,3;341,7;339,2;336,0;332,7;329,4;326,2;323,0;319,4;315,7;311,9;308,0;348,9;346,5;344,1;341,9;339,2;336,5;333,8;331,2;328,7;325,6;322,4;319,2;316,0;350,6;348,4;346,3;344,3;342,0;339,7;337,5;335,4;333,4;330,6;327,8;325,0;322,2;351,0;349,0;347,1;345,3;343,3;341,4;339,6;337,8;336,1;333,7;331,2;328,8;326,4;348,1;346,3;344,6;343,0;341,3;339,7;338,1;336,7;335,3;333,3;331,4;329,6;327,7;345,4;343,8;342,2;340,8;339,4;338,1;336,8;335,6;334,5;333,0;331,7;330,3;329,0;342,8;341,4;340,0;338,7;337,6;336,6;335,6;334,6;333,8;332,8;331,8;330,9;330,0;340,5;339,3;338,1;337,1;336,2;335,3;334,5;333,8;333,1;332,4;331,7;331,1;330,5;338,4;337,5;336,5;335,7;334,9;334,2;333,6;332,9;332,3;331,8;331,3;330,8;330,3;336,5;335,7;335,0;334,3;333,7;333,2;332,7;332,1;331,7;331,3;330,9;330,5;330,1;334,7;334,1;333,6;333,1;332,6;332,2;331,8;331,4;331,0;330,7;330,5;330,2;330,0
171;345,7;342,9;340,1;337,4;333,9;330,5;326,9;323,4;319,8;316,5;313,0;309,3;305,5;353,3;350,5;347,8;345,2;341,7;338,2;334,6;331,0;327,5;323,7;319,8;315,7;311,4;352,8;350,2;347,8;345,3;342,3;339,3;336,4;333,4;330,6;327,5;324,5;321,3;318,1;352,4;350,0;347,7;345,5;342,9;340,3;337,9;335,4;333,1;330,6;328,1;325,6;323,1;352,0;349,8;347,6;345,6;343,4;341,2;339,1;337,1;335,2;333,1;331,1;329,1;327,1;350,8;348,8;346,8;345,0;343,0;341,2;339,4;337,8;336,2;334,4;332,8;331,1;329,5;347,3;345,6;343,9;342,2;340,6;339,0;337,5;336,1;334,8;333,4;332,1;330,8;329,5;344,1;342,5;341,1;339,7;338,3;337,0;335,8;334,6;333,5;332,5;331,5;330,5;329,6;341,0;339,7;338,5;337,3;336,2;335,1;334,1;333,2;332,3;331,6;330,9;330,3;329,6;338,3;337,2;336,2;335,2;334,4;333,6;332,8;332,1;331,4;330,9;330,5;330,0;329,6;335,9;335,0;334,2;333,4;332,8;332,2;331,7;331,2;330,7;330,4;330,1;329,7;329,5;333,6;332,9;332,3;331,8;331,4;331,0;330,7;330,3;330,0;329,8;329,7;329,5;329,3;331,4;331,0;330,5;330,1;330,0;329,8;329,7;329,5;329,4;329,3;329,3;329,2;329,2
172;356,8;354,1;351,4;348,7;345,6;342,4;339,2;335,9;332,6;329,6;326,4;323,1;319,6;2,2;359,6;357,1;354,6;351,6;348,4;345,3;342,2;339,1;335,8;332,4;328,9;325,2;359,1;356,6;354,2;351,9;349,1;346,3;343,6;340,9;338,3;335,8;333,2;330,7;328,1;356,2;353,8;351,5;349,3;346,9;344,4;342,1;339,9;337,7;335,8;333,9;332,1;330,2;353,5;351,3;349,1;347,0;344,9;342,8;340,8;338,9;337,1;335,8;334,5;333,2;331,9;350,6;348,5;346,5;344,6;342,7;341,0;339,3;337,7;336,2;335,3;334,4;333,5;332,7;346,5;344,7;343,0;341,4;339,8;338,3;336,9;335,5;334,2;333,5;332,8;332,1;331,4;342,6;341,2;339,8;338,4;337,1;335,8;334,6;333,5;332,4;331,8;331,3;330,8;330,3;339,0;337,8;336,7;335,6;334,5;333,5;332,5;331,6;330,8;330,3;329,9;329,6;329,2;335,8;334,9;334,0;333,2;332,4;331,6;330,9;330,2;329,6;329,3;329,1;328,9;328,6;333,0;332,3;331,6;331,0;330,5;330,0;329,6;329,2;328,9;328,8;328,7;328,6;328,6;330,3;329,8;329,3;328,9;328,7;328,6;328,4;328,3;328,2;328,3;328,3;328,4;328,5;327,8;327,5;327,2;326,9;327,0;327,2;327,3;327,4;327,6;327,8;328,0;328,2;328,4
173;2,8;360,0;357,1;354,4;351,3;348,2;345,0;341,7;338,5;335,5;332,2;328,9;325,3;6,5;3,7;1,1;358,5;355,4;352,4;349,4;346,4;343,4;340,3;337,0;333,5;330,0;2,0;359,4;356,8;354,4;351,6;348,8;346,2;343,5;341,0;338,5;336,0;333,5;331,0;357,8;355,3;352,9;350,6;348,1;345,7;343,3;341,1;339,0;337,1;335,3;333,5;331,7;353,8;351,4;349,2;347,1;344,9;342,8;340,9;339,0;337,2;335,9;334,7;333,5;332,3;349,8;347,7;345,6;343,7;341,8;340,1;338,5;336,9;335,5;334,6;333,8;333,0;332,3;345,2;343,4;341,7;340,1;338,5;337,1;335,7;334,4;333,2;332,6;332,0;331,4;330,9;340,9;339,5;338,1;336,7;335,5;334,3;333,2;332,1;331,2;330,7;330,3;329,9;329,5;337,0;335,8;334,7;333,7;332,7;331,7;330,8;330,0;329,3;329,0;328,8;328,6;328,3;333,5;332,6;331,8;330,9;330,2;329,5;328,9;328,3;327,8;327,7;327,6;327,6;327,5;330,6;329,9;329,2;328,5;328,1;327,7;327,3;327,0;326,7;326,8;326,8;326,9;326,9;327,8;327,3;326,7;326,3;326,1;326,0;325,9;325,7;325,6;325,8;326,0;326,2;326,4;325,2;324,9;324,5;324,1;324,2;324,4;324,5;324,6;324,6;325,0;325,3;325,6;325,9
174;9,7;6,6;3,7;0,7;357,7;354,6;351,4;348,2;345,0;342,1;338,9;335,5;331,9;11,5;8,5;5,6;2,8;359,9;357,0;354,0;351,1;348,3;345,3;342,2;338,9;335,5;5,5;2,6;359,9;357,2;354,5;351,8;349,1;346,6;344,1;341,7;339,3;336,8;334,4;359,6;357,0;354,4;352,0;349,5;347,1;344,8;342,6;340,4;338,7;336,9;335,2;333,5;354,1;351,6;349,3;347,1;344,9;342,9;340,9;339,1;337,3;336,1;335,0;333,8;332,8;348,9;346,7;344,6;342,6;340,8;339,1;337,5;336,0;334,6;333,9;333,2;332,5;331,9;343,7;341,9;340,2;338,5;337,1;335,7;334,4;333,2;332,0;331,5;331,1;330,7;330,2;338,9;337,5;336,1;334,8;333,6;332,5;331,5;330,6;329,7;329,4;329,2;329,0;328,7;334,6;333,4;332,4;331,3;330,5;329,7;328,9;328,2;327,6;327,5;327,5;327,4;327,4;330,9;330,0;329,2;328,3;327,7;327,2;326,7;326,2;325,7;325,9;326,0;326,1;326,2;327,8;327,1;326,4;325,7;325,4;325,1;324,8;324,5;324,2;324,5;324,7;324,9;325,1;325,0;324,4;323,8;323,3;323,2;323,1;323,0;322,8;322,7;323,1;323,5;323,8;324,1;322,4;321,9;321,5;321,1;321,1;321,2;321,3;321,3;321,4;321,8;322,3;322,7;323,1
175;17,3;14,0;10,8;7,7;4,7;1,6;358,5;355,4;352,2;349,4;346,3;343,0;339,5;17,2;14,0;10,8;7,8;5,0;2,1;359,3;356,5;353,7;351,0;348,1;345,0;341,8;9,6;6,5;3,5;0,7;357,9;355,2;352,6;350,0;347,6;345,3;343,0;340,6;338,2;1,9;359,0;356,3;353,7;351,2;348,8;346,5;344,3;342,2;340,4;338,8;337,1;335,5;354,5;351,9;349,4;347,1;344,9;342,9;341,0;339,2;337,4;336,3;335,3;334,3;333,3;347,7;345,4;343,3;341,3;339,5;337,9;336,3;334,9;333,5;333,0;332,4;331,9;331,4;341,8;340,0;338,3;336,7;335,3;334,0;332,8;331,7;330,6;330,3;330,0;329,8;329,5;336,5;335,1;333,7;332,5;331,4;330,5;329,6;328,8;328,0;327,9;327,9;327,9;327,8;331,8;330,6;329,6;328,6;327,9;327,3;326,7;326,1;325,6;325,8;325,9;326,1;326,3;327,8;327,0;326,1;325,4;324,9;324,5;324,1;323,7;323,4;323,7;324,1;324,4;324,7;324,6;323,9;323,2;322,5;322,3;322,0;321,8;321,6;321,4;321,8;322,3;322,7;323,1;321,7;321,1;320,5;320,0;319,9;319,8;319,7;319,6;319,5;320,0;320,5;321,0;321,5;319,1;318,6;318,1;317,6;317,6;317,7;317,7;317,7;317,7;318,3;318,9;319,5;320,0
176;23,4;19,2;15,2;11,3;7,8;4,2;0,6;357,0;353,5;350,4;347,1;343,5;339,7;22,0;17,7;13,7;9,9;6,6;3,3;0,1;356,9;353,9;350,9;347,9;344,7;341,4;12,0;8,0;4,3;0,9;357,7;354,7;351,8;349,0;346,3;343,9;341,5;339,0;336,6;1,8;358,3;355,1;352,1;349,3;346,7;344,2;341,9;339,7;338,0;336,3;334,6;333,0;352,1;349,2;346,4;343,9;341,6;339,5;337,5;335,7;334,0;333,0;332,0;331,1;330,2;343,7;341,2;339,0;337,0;335,2;333,6;332,1;330,8;329,5;329,1;328,7;328,3;328,0;337,1;335,2;333,5;332,0;330,7;329,5;328,4;327,4;326,5;326,4;326,2;326,1;326,0;331,4;330,0;328,7;327,5;326,7;325,9;325,1;324,5;323,8;324,0;324,1;324,2;324,3;326,5;325,5;324,5;323,7;323,2;322,7;322,3;321,9;321,5;321,8;322,1;322,4;322,7;322,7;321,9;321,2;320,6;320,3;320,1;319,8;319,6;319,4;319,9;320,3;320,7;321,1;319,8;319,2;318,7;318,2;318,0;317,9;317,8;317,7;317,6;318,1;318,6;319,1;319,5;317,3;316,8;316,4;316,0;316,0;316,0;315,9;315,9;315,9;316,5;317,0;317,5;318,0;315,1;314,7;314,3;314,0;314,1;314,2;314,2;314,3;314,4;314,9;315,5;316,0;316,5
177;32,9;27,2;21,7;16,6;12,3;7,9;3,6;359,4;355,3;351,8;348,1;344,1;340,0;29,4;23,5;18,1;13,1;9,0;5,1;1,2;357,6;354,0;350,9;347,6;344,2;340,8;15,8;10,5;5,6;1,3;357,5;354,0;350,6;347,5;344,5;342,0;339,5;337,0;334,5;1,6;357,2;353,3;349,8;346,6;343,7;341,1;338,6;336,4;334,6;333,0;331,4;329,9;348,3;345,0;342,0;339,3;337,0;334,8;332,9;331,1;329,5;328,7;327,8;327,1;326,4;337,7;335,2;333,0;331,0;329,4;327,9;326,6;325,4;324,3;324,2;324,0;323,9;323,7;330,4;328,7;327,1;325,7;324,7;323,7;322,9;322,1;321,4;321,5;321,6;321,7;321,7;324,5;323,4;322,3;321,3;320,7;320,2;319,7;319,2;318,8;319,1;319,4;319,7;320,0;319,8;319,0;318,3;317,6;317,4;317,2;317,0;316,8;316,6;317,1;317,6;318,0;318,5;316,4;315,9;315,4;315,0;314,9;314,9;314,8;314,8;314,8;315,4;315,9;316,5;317,0;314,1;313,7;313,4;313,1;313,1;313,2;313,2;313,2;313,3;313,8;314,4;314,9;315,4;312,1;311,9;311,6;311,4;311,5;311,6;311,7;311,8;311,9;312,5;313,0;313,5;314,0;310,4;310,3;310,1;309,9;310,1;310,3;310,4;310,5;310,7;311,2;311,7;312,2;312,6
178;48,2;40,0;32,2;24,8;19,2;13,7;8,2;2,9;357,9;353,9;349,6;345,1;340,3;42,1;33,4;25,3;18,1;12,9;7,8;3,0;358,5;354,3;350,8;347,2;343,6;339,9;23,2;15,0;7,9;2,0;357,2;352,8;348,8;345,2;342,0;339,3;336,6;334,1;331,6;1,2;355,1;350,1;346,0;342,4;339,2;336,4;333,9;331,6;330,0;328,5;327,1;325,7;341,6;337,9;334,8;332,3;330,0;328,0;326,3;324,7;323,4;322,8;322,3;321,8;321,4;328,1;325,9;324,1;322,5;321,2;320,2;319,2;318,3;317,6;317,8;318,0;318,2;318,3;320,8;319,5;318,4;317,4;316,8;316,2;315,7;315,3;314,9;315,3;315,7;316,1;316,4;315,4;314,6;314,0;313,4;313,3;313,1;312,9;312,8;312,7;313,3;313,8;314,3;314,8;311,3;310,9;310,6;310,3;310,4;310,5;310,6;310,7;310,8;311,5;312,2;312,8;313,4;308,8;308,6;308,5;308,3;308,6;308,8;309,0;309,2;309,4;310,1;310,8;311,5;312,1;307,4;307,3;307,3;307,2;307,5;307,7;307,9;308,1;308,3;309,0;309,6;310,1;310,7;306,2;306,2;306,2;306,3;306,5;306,7;307,0;307,2;307,4;307,9;308,4;309,0;309,4;305,2;305,3;305,3;305,4;305,7;305,9;306,1;306,3;306,5;307,0;307,4;307,9;308,3
179;72,2;61,2;48,9;36,3;25,0;14,4;4,8;356,7;349,9;344,8;339,7;334,9;330,2;66,9;53,5;38,9;25,0;13,4;3,5;355,2;348,6;343,3;339,4;335,7;332,2;329,0;40,4;21,0;5,8;355,0;347,0;340,9;336,1;332,4;329,4;327,0;324,9;322,9;321,1;351,0;340,9;334,9;331,0;327,4;324,6;322,4;320,6;319,1;318,1;317,3;316,5;315,8;318,5;317,5;316,8;316,3;315,0;313,9;313,1;312,3;311,7;311,8;311,9;312,0;312,0;306,1;307,0;307,7;308,2;307,9;307,6;307,4;307,2;307,0;307,8;308,4;309,0;309,6;302,4;303,3;304,1;304,7;304,9;305,1;305,3;305,4;305,5;306,4;307,2;308,0;308,7;300,1;300,9;301,5;302,1;302,7;303,2;303,6;304,0;304,4;305,3;306,2;307,1;307,9;298,5;299,1;299,7;300,1;300,9;301,6;302,3;302,9;303,4;304,4;305,4;306,3;307,2;297,9;298,4;298,9;299,3;300,1;300,8;301,5;302,2;302,8;303,8;304,7;305,6;306,4;298,0;298,4;298,8;299,2;300,0;300,6;301,3;301,9;302,4;303,2;304,1;304,8;305,5;298,0;298,4;298,8;299,2;299,8;300,5;301,0;301,6;302,1;302,8;303,5;304,1;304,8;298,1;298,4;298,8;299,1;299,7;300,3;300,8;301,3;301,8;302,4;303,0;303,5;304,0
180;112,6;107,3;98,7;83,8;54,6;17,6;353,2;340,5;333,4;328,2;323,8;320,0;316,9;116,2;111,9;103,3;81,4;18,2;342,7;331,0;325,6;322,7;320,2;318,1;316,3;314,8;135,7;140,1;288,6;307,5;308,9;309,4;309,7;309,9;310,0;309,5;309,1;308,7;308,4;226,7;265,5;284,4;293,5;296,8;298,8;300,3;301,4;302,2;302,8;303,4;303,9;304,3;261,4;275,1;284,2;290,4;292,5;294,1;295,3;296,3;297,2;298,4;299,6;300,6;301,4;270,3;278,3;284,5;289,2;290,6;291,9;292,9;293,8;294,5;296,1;297,5;298,8;299,9;276,6;281,6;285,6;288,8;290,4;291,7;292,9;293,9;294,8;296,4;297,7;299,0;300,1;280,4;283,6;286,3;288,6;290,2;291,6;292,9;294,1;295,1;296,6;297,9;299,2;300,3;282,9;285,0;286,8;288,4;290,1;291,6;292,9;294,2;295,3;296,7;298,1;299,3;300,5;285,0;286,4;287,8;288,9;290,5;292,0;293,3;294,5;295,6;296,9;298,1;299,3;300,4;286,9;288,1;289,2;290,1;291,5;292,8;294,0;295,0;296,0;297,1;298,2;299,2;300,1;288,5;289,4;290,3;291,2;292,4;293,5;294,5;295,5;296,4;297,3;298,2;299,0;299,8;289,8;290,6;291,3;292,0;293,1;294,1;295,1;295,9;296,7;297,5;298,2;298,9;299,6
181;144,4;146,8;150,1;155,1;163,8;186,5;244,5;283,9;297,4;298,6;299,4;300,1;300,6;150,9;155,9;162,8;172,5;189,9;220,9;255,8;277,4;288,9;292,0;294,5;296,5;298,1;171,7;181,2;194,3;211,2;233,4;253,4;268,0;278,0;284,8;287,8;290,3;292,4;294,3;198,7;212,4;228,1;243,6;255,8;265,4;272,6;278,2;282,5;285,3;287,8;290,0;291,8;222,7;235,9;248,7;260,1;266,2;271,1;275,0;278,3;281,1;283,8;286,2;288,3;290,2;239,0;249,8;259,6;268,1;271,5;274,5;277,0;279,1;281,0;283,5;285,8;287,9;289,7;251,1;258,8;265,6;271,5;274,5;277,2;279,5;281,5;283,3;285,6;287,7;289,5;291,2;259,9;265,2;269,9;273,9;276,7;279,2;281,4;283,4;285,2;287,2;289,1;290,9;292,5;266,3;269,8;273,0;275,8;278,4;280,8;283,0;284,9;286,7;288,6;290,4;292,0;293,6;270,9;273,5;275,8;277,9;280,3;282,5;284,5;286,3;288,0;289,7;291,3;292,8;294,2;274,6;276,7;278,6;280,3;282,4;284,4;286,1;287,8;289,3;290,7;292,0;293,3;294,5;277,8;279,5;281,0;282,4;284,3;286,0;287,6;289,0;290,4;291,6;292,7;293,8;294,8;280,4;281,8;283,1;284,3;286,0;287,5;288,9;290,2;291,4;292,3;293,3;294,2;295,0
182;156,6;158,2;160,2;162,8;168,1;176,0;188,7;209,1;236,5;251,9;263,8;272,6;279,0;159,5;162,5;166,3;171,1;179,2;190,9;207,5;228,2;248,7;258,7;267,0;273,8;279,4;172,0;177,0;183,5;191,6;203,3;217,4;232,6;246,9;259,0;265,7;271,4;276,2;280,3;186,2;193,7;202,8;213,7;225,2;236,7;247,3;256,4;264,1;269,2;273,6;277,5;280,9;200,8;210,0;220,5;231,8;240,6;248,7;255,8;261,9;267,2;271,3;275,0;278,3;281,2;214,0;223,7;233,9;243,9;250,4;256,3;261,4;265,9;269,8;273,4;276,6;279,5;282,1;226,1;234,8;243,2;251,2;256,7;261,6;266,0;269,9;273,3;276,5;279,4;282,0;284,4;236,6;243,8;250,5;256,6;261,4;265,7;269,6;273,0;276,1;279,0;281,7;284,1;286,3;245,3;251,0;256,2;260,8;265,1;268,9;272,4;275,5;278,3;281,0;283,5;285,8;288,0;252,1;256,7;260,8;264,6;268,3;271,8;274,9;277,7;280,3;282,7;285,0;287,1;289,0;257,7;261,5;265,1;268,3;271,6;274,6;277,4;279,9;282,2;284,2;286,2;288,0;289,7;262,6;265,8;268,8;271,5;274,4;277,1;279,5;281,8;283,8;285,6;287,2;288,8;290,3;266,8;269,5;272,0;274,3;276,9;279,3;281,5;283,4;285,3;286,8;288,2;289,5;290,8
183;163,2;164,0;164,9;166,0;169,4;173,8;179,7;187,7;198,7;209,5;222,0;235,2;247,8;163,9;165,7;167,9;170,5;175,5;181,9;190,1;200,6;213,3;223,4;233,9;244,4;254,1;172,1;175,3;179,2;184,0;190,9;199,2;209,1;220,2;231,8;240,4;248,5;256,1;262,8;180,8;185,6;191,5;198,4;206,5;215,4;225,0;234,7;244,0;250,7;257,0;262,7;267,7;189,7;196,1;203,6;212,2;220,2;228,5;236,7;244,6;251,9;257,3;262,3;266,8;270,8;198,7;206,1;214,5;223,5;230,9;238,1;245,1;251,6;257,5;262,0;266,2;269,9;273,4;208,3;215,8;223,8;232,0;238,8;245,3;251,4;257,0;262,1;266,2;270,0;273,5;276,6;217,6;224,7;232,0;239,2;245,3;251,0;256,4;261,4;265,9;269,7;273,2;276,4;279,3;226,1;232,7;239,0;245,2;250,6;255,7;260,5;264,9;269,0;272,5;275,8;278,8;281,6;233,5;239,3;244,9;250,2;255,1;259,8;264,1;268,0;271,6;274,8;277,8;280,6;283,2;239,9;245,2;250,2;254,9;259,3;263,5;267,3;270,9;274,1;276,9;279,5;282,0;284,3;245,9;250,6;255,0;259,1;263,1;266,8;270,3;273,4;276,3;278,8;281,0;283,2;285,2;251,5;255,6;259,4;262,9;266,5;269,8;272,9;275,7;278,3;280,4;282,4;284,3;286,1
184;167,2;167,4;167,5;167,7;170,0;172,9;176,4;180,7;186,1;192,3;199,9;209,3;220,2;166,7;167,6;168,8;170,2;173,6;177,8;182,8;188,8;196,0;202,8;210,8;219,9;229,8;172,2;174,4;177,0;180,1;184,7;190,1;196,5;204,0;212,4;219,8;227,9;236,1;244,2;177,8;181,3;185,5;190,4;196,0;202,5;209,8;217,8;226,4;233,3;240,3;247,0;253,3;183,6;188,4;194,0;200,4;206,7;213,8;221,3;229,3;237,3;243,2;249,0;254,4;259,4;189,6;195,4;202,1;209,5;216,1;223,1;230,5;237,9;245,1;250,3;255,1;259,6;263,8;196,9;203,1;209,9;217,2;223,7;230,5;237,4;244,1;250,6;255,4;259,9;264,1;268,1;204,4;210,6;217,4;224,4;230,6;237,0;243,3;249,3;255,1;259,6;263,9;267,9;271,6;211,7;217,8;224,3;230,9;236,7;242,6;248,3;253,7;258,9;263,1;267,2;271,0;274,5;218,2;224,2;230,3;236,4;242,0;247,4;252,6;257,5;262,2;266,1;269,9;273,4;276,7;224,4;230,1;235,8;241,5;246,7;251,7;256,5;261,0;265,2;268,8;272,1;275,3;278,2;230,5;235,8;241,1;246,3;251,1;255,8;260,1;264,2;268,0;271,2;274,1;277,0;279,6;236,4;241,3;246,1;250,7;255,2;259,4;263,4;267,1;270,5;273,3;276,0;278,5;280,8
185;170,6;170,6;170,5;170,5;171,2;172,1;173,1;174,3;175,8;178,9;182,7;187,5;193,5;169,7;170,3;170,9;171,7;173,1;174,8;176,7;179,0;181,7;185,3;189,7;195,0;201,4;172,9;174,2;175,8;177,6;179,8;182,4;185,4;188,9;193,1;198,0;203,7;210,2;217,7;176,0;178,2;180,7;183,5;186,6;190,1;194,1;198,7;204,1;209,8;216,1;222,9;230,1;179,2;182,2;185,6;189,4;193,2;197,5;202,4;207,9;214,0;220,0;226,2;232,7;239,2;182,7;186,4;190,5;195,1;199,5;204,5;209,9;215,9;222,3;228,2;234,2;240,2;246,0;187,4;191,4;195,9;200,8;205,6;210,8;216,5;222,6;229,0;234,9;240,8;246,6;252,2;192,2;196,5;201,3;206,4;211,5;217,0;222,7;228,8;234,9;240,7;246,5;252,1;257,5;197,2;201,8;206,7;212,0;217,2;222,7;228,5;234,3;240,1;245,8;251,4;256,8;262,0;201,9;206,7;211,8;217,1;222,4;227,9;233,6;239,2;244,7;250,1;255,4;260,5;265,3;206,6;211,5;216,6;221,9;227,3;232,8;238,3;243,7;248,9;253,8;258,7;263,3;267,6;211,5;216,4;221,5;226,7;232,0;237,4;242,7;247,9;252,7;257,3;261,7;265,8;269,7;216,6;221,4;226,4;231,4;236,7;241,9;246,9;251,8;256,3;260,4;264,4;268,1;271,7
186;173,1;172,8;172,6;172,3;172,0;171,6;171,2;170,7;170,2;171,7;173,6;175,9;178,8;171,8;172,0;172,3;172,6;172,8;173,0;173,2;173,5;173,7;175,6;177,8;180,4;183,6;173,3;174,2;175,1;176,1;177,0;177,9;179,1;180,4;181,9;184,8;188,3;192,4;197,3;174,9;176,3;177,8;179,5;181,1;182,8;184,9;187,2;189,9;193,8;198,4;203,5;209,5;176,4;178,3;180,5;182,8;185,1;187,6;190,5;193,8;197,6;202,3;207,5;213,2;219,5;178,2;180,6;183,3;186,2;189,1;192,3;195,9;200,0;204,6;209,7;215,3;221,4;227,7;181,1;183,8;186,8;190,1;193,4;197,1;201,3;205,8;210,8;216,4;222,4;228,7;235,2;184,1;187,2;190,5;194,1;197,8;202,0;206,5;211,5;216,8;222,7;228,9;235,4;241,9;187,2;190,6;194,2;198,1;202,3;206,8;211,7;216,9;222,4;228,4;234,8;241,4;247,9;190,4;194,0;197,9;202,1;206,6;211,4;216,5;221,9;227,4;233,5;239,7;246,0;252,3;193,7;197,6;201,6;206,0;210,7;215,8;221,1;226,6;232,1;237,9;243,8;249,7;255,4;197,3;201,3;205,5;210,0;215,0;220,3;225,7;231,1;236,6;242,1;247,7;253,1;258,4;201,0;205,2;209,6;214,2;219,3;224,7;230,2;235,6;241,0;246,1;251,2;256,2;261,0
187;174,8;174,4;174,0;173,5;172,5;171,3;170,0;168,5;166,7;167,4;168,3;169,3;170,5;173,3;173,3;173,3;173,3;172,6;171,8;171,0;170,0;168,9;169,7;170,8;172,0;173,4;173,7;174,1;174,6;175,1;175,1;175,1;175,1;175,1;175,1;176,8;178,9;181,4;184,3;174,0;174,9;175,8;176,9;177,5;178,3;179,1;180,1;181,2;183,8;186,9;190,5;194,7;174,3;175,7;177,1;178,6;179,9;181,4;183,0;184,9;187,0;190,5;194,4;198,9;204,0;175,0;176,7;178,5;180,4;182,3;184,5;186,9;189,5;192,5;196,6;201,2;206,3;212,0;176,8;178,7;180,8;183,1;185,4;188,0;191,0;194,2;197,8;202,4;207,6;213,3;219,6;178,5;180,8;183,2;185,8;188,6;191,7;195,2;198,9;203,1;208,2;213,9;220,2;226,9;180,4;182,9;185,6;188,5;191,8;195,4;199,4;203,6;208,2;213,8;219,9;226,6;233,7;182,4;185,2;188,2;191,4;195,1;199,1;203,4;208,0;212,9;218,7;225,1;231,8;238,9;184,8;187,8;191,1;194,5;198,5;202,8;207,4;212,3;217,4;223,2;229,4;235,9;242,6;187,3;190,6;194,0;197,7;202,0;206,5;211,4;216,6;222,0;227,6;233,6;239,8;246,1;190,0;193,5;197,2;201,1;205,6;210,5;215,6;221,0;226,4;232,0;237,7;243,6;249,4
188;175,0;174,8;174,6;174,5;173,2;171,8;170,2;168,4;166,5;166,4;166,3;166,2;166,1;173,8;174,0;174,1;174,3;173,3;172,1;170,8;169,4;167,8;167,7;167,7;167,6;167,5;173,8;174,3;174,8;175,4;174,8;174,3;173,6;173,0;172,2;172,7;173,4;174,1;174,9;173,8;174,6;175,4;176,4;176,4;176,4;176,4;176,4;176,4;177,5;178,8;180,3;182,0;173,7;174,9;176,1;177,3;177,8;178,4;178,9;179,6;180,3;182,0;183,9;186,0;188,5;173,9;175,3;176,8;178,4;179,3;180,3;181,5;182,7;184,0;186,2;188,6;191,4;194,5;174,9;176,4;178,1;179,8;181,1;182,6;184,1;185,9;187,7;190,4;193,4;196,8;200,7;175,8;177,5;179,3;181,2;182,9;184,8;186,8;189,0;191,4;194,6;198,2;202,2;206,8;176,8;178,6;180,6;182,7;184,8;187,1;189,5;192,2;195,1;198,7;202,9;207,5;212,7;177,9;179,9;182,0;184,2;186,7;189,3;192,1;195,2;198,5;202,5;207,0;212,1;217,6;179,2;181,4;183,6;186,0;188,7;191,6;194,8;198,2;201,9;206,1;210,7;215,9;221,6;180,6;182,9;185,2;187,8;190,8;194,0;197,5;201,3;205,3;209,7;214,5;219,8;225,5;182,1;184,4;187,0;189,6;192,9;196,5;200,4;204,5;208,9;213,4;218,4;223,7;229,3
189;175,1;175,1;175,1;175,2;173,7;172,1;170,4;168,4;166,3;165,6;164,9;164,0;163,0;174,2;174,5;174,8;175,1;173,8;172,3;170,7;168,9;167,0;166,3;165,4;164,5;163,4;173,9;174,4;175,0;175,6;174,6;173,6;172,6;171,4;170,1;169,8;169,4;169,1;168,6;173,5;174,3;175,1;176,0;175,5;174,9;174,3;173,6;172,9;173,0;173,2;173,3;173,5;173,2;174,2;175,3;176,4;176,2;176,1;175,9;175,8;175,6;176,1;176,6;177,3;178,0;173,1;174,2;175,5;176,8;177,0;177,3;177,5;177,8;178,1;179,0;180,0;181,1;182,3;173,4;174,6;176,0;177,3;177,9;178,5;179,2;180,0;180,7;182,1;183,6;185,3;187,2;173,7;175,0;176,4;177,9;178,8;179,8;180,9;182,1;183,3;185,2;187,2;189,5;192,1;174,0;175,4;176,9;178,4;179,7;181,1;182,6;184,2;185,9;188,2;190,8;193,7;197,0;174,5;175,9;177,5;179,1;180,7;182,4;184,2;186,2;188,3;191,0;194,0;197,3;201,1;175,1;176,6;178,2;179,9;181,8;183,8;185,9;188,2;190,7;193,6;196,9;200,5;204,6;175,8;177,4;179,0;180,7;182,9;185,2;187,7;190,3;193,2;196,4;199,9;203,8;208,1;176,5;178,1;179,8;181,6;184,0;186,7;189,5;192,5;195,8;199,2;203,0;207,1;211,7
190;175,2;175,4;175,6;175,8;174,2;172,4;170,5;168,4;166,1;165,0;163,8;162,3;160,7;174,6;175,0;175,4;175,8;174,2;172,5;170,6;168,6;166,4;165,1;163,7;162,1;160,4;174,0;174,5;175,1;175,7;174,5;173,1;171,7;170,1;168,5;167,6;166,6;165,5;164,2;173,4;174,1;174,9;175,7;174,7;173,8;172,7;171,6;170,4;169,8;169,2;168,5;167,7;172,8;173,7;174,6;175,6;175,0;174,3;173,6;172,9;172,1;171,8;171,5;171,2;170,8;172,3;173,4;174,4;175,5;175,2;174,9;174,5;174,2;173,8;173,8;173,9;173,9;174,0;172,2;173,2;174,3;175,4;175,5;175,5;175,6;175,6;175,7;176,2;176,8;177,4;178,1;172,0;173,1;174,2;175,3;175,7;176,1;176,6;177,1;177,6;178,6;179,7;180,9;182,2;171,8;172,9;174,0;175,2;175,9;176,7;177,6;178,5;179,4;180,9;182,5;184,2;186,2;171,8;172,9;174,1;175,2;176,3;177,4;178,6;179,8;181,2;183,0;184,9;187,2;189,6;172,0;173,1;174,2;175,4;176,7;178,1;179,6;181,2;182,9;184,9;187,2;189,7;192,5;172,2;173,3;174,4;175,6;177,2;178,9;180,7;182,6;184,7;187,0;189,5;192,3;195,5;172,3;173,4;174,6;175,9;177,7;179,7;181,8;184,1;186,5;189,1;191,9;195,1;198,6
191;173,9;173,5;173,1;172,7;171,7;170,5;169,3;168,0;166,5;165,6;164,7;163,7;162,4;173,3;173,1;172,9;172,7;171,6;170,5;169,3;168,0;166,6;165,6;164,5;163,3;161,9;172,7;172,7;172,7;172,7;171,9;171,0;170,1;169,1;168,0;167,2;166,4;165,4;164,4;172,1;172,3;172,5;172,7;172,2;171,5;170,8;170,1;169,3;168,7;168,1;167,4;166,6;171,6;172,0;172,4;172,8;172,4;172,0;171,5;171,1;170,6;170,1;169,7;169,2;168,6;171,1;171,6;172,2;172,8;172,6;172,4;172,2;172,0;171,8;171,6;171,3;171,1;170,8;170,8;171,4;172,1;172,8;172,8;173,0;173,1;173,2;173,3;173,4;173,5;173,6;173,7;170,5;171,2;172,0;172,7;173,1;173,5;173,9;174,3;174,7;175,1;175,6;176,0;176,6;170,2;171,0;171,8;172,7;173,3;174,0;174,7;175,4;176,1;176,8;177,6;178,4;179,3;170,1;170,9;171,8;172,7;173,6;174,5;175,4;176,4;177,4;178,4;179,4;180,5;181,7;170,1;171,0;171,9;172,8;173,8;174,9;176,1;177,3;178,6;179,7;181,0;182,3;183,8;170,1;171,0;171,9;172,9;174,1;175,4;176,8;178,2;179,7;181,1;182,6;184,2;185,9;170,1;171,0;172,0;173,0;174,4;175,9;177,5;179,2;180,9;182,5;184,2;186,0;188,1
192;172,8;172,0;171,1;170,1;169,6;169,0;168,3;167,6;166,7;166,2;165,5;164,7;163,9;172,3;171,6;170,8;170,1;169,5;168,9;168,2;167,5;166,8;166,0;165,1;164,2;163,2;171,7;171,2;170,7;170,2;169,7;169,3;168,8;168,2;167,6;167,0;166,2;165,4;164,5;171,1;170,8;170,5;170,3;169,9;169,6;169,3;168,9;168,5;167,9;167,2;166,5;165,7;170,5;170,5;170,4;170,4;170,2;169,9;169,7;169,5;169,2;168,7;168,1;167,5;166,9;170,0;170,1;170,3;170,4;170,4;170,3;170,2;170,2;170,1;169,6;169,2;168,7;168,1;169,6;169,9;170,1;170,4;170,6;170,7;170,9;171,0;171,2;171,0;170,7;170,4;170,1;169,2;169,6;170,0;170,4;170,8;171,1;171,5;171,9;172,3;172,3;172,2;172,1;172,1;168,8;169,3;169,9;170,5;171,0;171,6;172,1;172,7;173,4;173,5;173,6;173,8;173,9;168,5;169,1;169,8;170,5;171,2;171,9;172,7;173,4;174,3;174,6;174,9;175,2;175,6;168,4;169,1;169,8;170,5;171,4;172,2;173,1;174,0;175,0;175,5;176,0;176,6;177,2;168,2;169,0;169,8;170,6;171,5;172,5;173,6;174,6;175,8;176,4;177,2;177,9;178,8;168,1;168,9;169,7;170,6;171,7;172,8;174,0;175,2;176,5;177,4;178,3;179,3;180,3
193;171,9;170,7;169,4;168,0;167,8;167,6;167,4;167,2;167,0;166,6;166,1;165,6;165,1;171,4;170,2;169,1;167,9;167,7;167,5;167,3;167,1;166,9;166,3;165,7;165,0;164,2;170,8;169,9;168,9;168,0;167,9;167,8;167,6;167,5;167,3;166,7;166,1;165,4;164,6;170,2;169,5;168,8;168,1;168,1;168,0;167,9;167,8;167,7;167,1;166,5;165,8;165,0;169,6;169,1;168,7;168,2;168,2;168,2;168,2;168,1;168,1;167,5;166,8;166,1;165,4;169,0;168,8;168,6;168,4;168,4;168,4;168,5;168,5;168,6;168,0;167,3;166,6;165,9;168,5;168,5;168,4;168,4;168,6;168,8;169,0;169,2;169,4;168,9;168,4;167,8;167,2;168,0;168,1;168,3;168,4;168,8;169,1;169,5;169,8;170,2;169,8;169,4;168,9;168,4;167,5;167,8;168,1;168,5;169,0;169,4;169,9;170,4;171,0;170,6;170,3;170,0;169,6;167,1;167,6;168,0;168,5;169,1;169,7;170,3;170,9;171,6;171,4;171,2;171,0;170,8;166,9;167,4;168,0;168,5;169,2;169,9;170,6;171,3;172,1;172,1;172,1;172,1;172,1;166,6;167,2;167,9;168,5;169,3;170,1;170,9;171,7;172,5;172,7;172,9;173,1;173,3;166,4;167,1;167,8;168,5;169,4;170,2;171,1;172,0;173,0;173,4;173,7;174,1;174,6
194;183,2;181,9;180,5;179,2;178,1;177,0;175,7;174,4;173,0;171,6;170,1;168,4;166,5;182,9;181,7;180,4;179,2;178,1;176,9;175,6;174,3;172,8;171,2;169,5;167,6;165,5;182,1;181,0;179,9;178,8;177,7;176,5;175,3;174,0;172,6;171,0;169,3;167,4;165,4;181,4;180,4;179,4;178,4;177,4;176,2;175,0;173,7;172,4;170,8;169,1;167,3;165,3;180,6;179,8;178,9;178,1;177,0;175,9;174,7;173,5;172,2;170,6;168,9;167,2;165,3;179,8;179,1;178,4;177,7;176,6;175,5;174,4;173,2;172,0;170,5;168,9;167,2;165,4;178,7;178,1;177,5;176,9;176,0;175,1;174,1;173,1;172,0;170,7;169,2;167,7;166,1;177,7;177,2;176,7;176,2;175,4;174,6;173,8;172,9;172,1;170,8;169,5;168,1;166,7;176,7;176,3;175,8;175,4;174,8;174,1;173,4;172,8;172,1;171,0;169,8;168,6;167,3;175,7;175,3;175,0;174,6;174,1;173,6;173,1;172,6;172,1;171,1;170,2;169,1;168,1;174,7;174,4;174,1;173,8;173,4;173,1;172,8;172,4;172,1;171,3;170,6;169,8;169,0;173,8;173,5;173,2;173,0;172,8;172,6;172,4;172,2;172,0;171,5;171,0;170,4;169,9;172,9;172,6;172,4;172,2;172,1;172,1;172,1;172,1;172,0;171,7;171,4;171,1;170,7
195;194,6;193,1;191,5;189,9;187,9;185,7;183,5;181,0;178,4;176,1;173,6;170,8;167,7;194,7;193,2;191,6;190,0;187,9;185,7;183,3;180,8;178,2;175,6;172,9;169,9;166,6;193,9;192,4;190,8;189,3;187,1;184,9;182,5;180,0;177,4;174,9;172,2;169,2;166,1;193,0;191,5;190,0;188,6;186,4;184,1;181,7;179,2;176,6;174,2;171,5;168,7;165,6;192,2;190,7;189,3;187,8;185,6;183,3;181,0;178,5;175,9;173,5;170,9;168,1;165,2;191,2;189,7;188,3;186,9;184,7;182,5;180,1;177,7;175,2;172,8;170,3;167,7;164,9;189,7;188,2;186,8;185,4;183,3;181,2;179,0;176,8;174,5;172,3;170,0;167,6;165,0;188,1;186,7;185,3;183,9;182,0;180,0;177,9;175,9;173,8;171,8;169,6;167,4;165,1;186,6;185,2;183,8;182,4;180,6;178,7;176,9;175,0;173,1;171,2;169,3;167,3;165,3;185,0;183,5;182,1;180,8;179,1;177,5;175,8;174,2;172,5;170,9;169,2;167,4;165,6;183,2;181,8;180,4;179,1;177,7;176,3;174,9;173,5;172,1;170,6;169,2;167,7;166,2;181,4;180,1;178,7;177,4;176,3;175,1;173,9;172,7;171,6;170,4;169,2;168,0;166,7;179,7;178,4;177,1;175,8;174,9;173,9;173,0;172,1;171,1;170,2;169,3;168,3;167,2
196;205,4;203,5;201,5;199,6;196,7;193,7;190,4;186,9;183,2;180,1;176,6;172,9;168,7;205,9;203,8;201,8;199,8;196,8;193,6;190,2;186,7;182,9;179,6;175,9;171,9;167,6;205,1;203,0;200,9;198,8;195,8;192,5;189,1;185,5;181,7;178,4;174,8;170,9;166,7;204,3;202,1;200,0;197,9;194,7;191,4;187,9;184,3;180,5;177,2;173,7;169,9;165,9;203,5;201,2;199,1;196,9;193,7;190,3;186,8;183,1;179,4;176,1;172,6;169,0;165,1;202,4;200,1;197,9;195,7;192,4;189,0;185,5;181,9;178,2;175,0;171,6;168,1;164,5;200,5;198,2;195,9;193,6;190,4;187,1;183,7;180,3;176,8;173,8;170,7;167,4;164,1;198,6;196,2;193,8;191,5;188,3;185,2;181,9;178,7;175,4;172,6;169,8;166,8;163,7;196,7;194,1;191,7;189,3;186,3;183,2;180,2;177,1;174,1;171,5;168,9;166,1;163,3;194,4;191,8;189,3;186,9;184,1;181,3;178,5;175,7;173,0;170,6;168,2;165,8;163,3;191,9;189,3;186,8;184,4;181,9;179,4;176,9;174,5;172,0;170,0;167,9;165,8;163,6;189,3;186,8;184,3;181,9;179,7;177,5;175,4;173,2;171,2;169,4;167,6;165,7;163,9;186,9;184,3;181,9;179,5;177,6;175,7;173,9;172,1;170,3;168,8;167,3;165,7;164,1
197;211,1;209,5;208,0;206,5;204,3;202,1;199,7;197,1;194,4;191,9;189,1;186,1;182,7;212,2;210,6;209,0;207,4;205,2;202,9;200,5;197,9;195,2;192,5;189,6;186,3;182,8;212,5;210,8;209,2;207,6;205,3;202,9;200,4;197,8;195,0;192,2;189,1;185,8;182,2;212,8;211,1;209,4;207,8;205,4;202,9;200,3;197,7;194,9;191,9;188,7;185,3;181,7;213,1;211,3;209,6;208,0;205,5;202,9;200,3;197,5;194,7;191,6;188,3;184,8;181,2;213,2;211,4;209,6;207,9;205,4;202,7;200,0;197,2;194,4;191,1;187,8;184,2;180,6;212,6;210,8;208,9;207,1;204,5;201,7;199,0;196,1;193,3;190,1;186,7;183,2;179,6;212,0;210,1;208,2;206,3;203,5;200,7;197,9;195,1;192,2;189,0;185,6;182,2;178,7;211,4;209,4;207,4;205,4;202,6;199,7;196,8;194,0;191,2;187,9;184,6;181,2;177,9;210,5;208,3;206,2;204,2;201,3;198,4;195,6;192,7;190,0;186,8;183,5;180,3;177,0;209,0;206,9;204,7;202,6;199,7;196,9;194,1;191,3;188,7;185,6;182,4;179,3;176,3;207,6;205,4;203,1;200,9;198,1;195,3;192,6;189,9;187,4;184,4;181,4;178,4;175,5;206,2;203,9;201,6;199,3;196,5;193,8;191,1;188,6;186,2;183,3;180,4;177,6;174,8
198;217,6;216,4;215,2;214,1;212,6;211,1;209,5;207,8;206,1;204,2;202,1;199,8;197,2;219,7;218,3;217,1;215,9;214,4;212,9;211,3;209,6;207,9;205,9;203,6;201,2;198,5;221,3;219,9;218,6;217,4;215,8;214,2;212,5;210,8;209,0;206,7;204,1;201,4;198,4;222,9;221,5;220,3;219,0;217,3;215,5;213,7;211,9;210,1;207,4;204,6;201,6;198,4;224,6;223,2;221,9;220,7;218,8;216,9;215,0;213,1;211,1;208,2;205,1;201,8;198,4;226,1;224,7;223,4;222,1;220,1;218,0;216,0;213,9;211,8;208,6;205,2;201,7;198,0;227,0;225,6;224,3;223,0;220,7;218,4;216,1;213,8;211,6;208,1;204,4;200,6;196,7;228,0;226,5;225,2;223,8;221,3;218,8;216,3;213,8;211,3;207,5;203,5;199,5;195,4;228,9;227,5;226,1;224,7;222,0;219,2;216,4;213,7;211,0;206,9;202,7;198,4;194,2;229,5;228,0;226,6;225,2;222,1;219,1;216,1;213,1;210,2;205,8;201,4;197,0;192,6;229,6;228,1;226,6;225,1;221,7;218,4;215,1;211,9;208,8;204,2;199,6;195,1;190,6;229,7;228,2;226,6;225,0;221,3;217,7;214,2;210,7;207,4;202,6;197,9;193,2;188,7;229,9;228,2;226,6;224,9;220,9;217,0;213,2;209,5;205,9;201,0;196,2;191,4;186,9
199;225,3;224,2;223,2;222,2;221,3;220,3;219,3;218,3;217,3;215,9;214,3;212,5;210,6;228,3;227,1;226,0;224,9;223,9;222,9;221,9;220,9;219,9;218,3;216,5;214,6;212,6;231,3;230,1;228,9;227,9;226,7;225,5;224,4;223,2;222,1;220,0;217,9;215,5;213,1;234,4;233,1;232,0;230,9;229,5;228,1;226,8;225,4;224,1;221,7;219,1;216,4;213,5;237,4;236,2;235,0;233,9;232,3;230,7;229,1;227,6;226,1;223,3;220,4;217,3;214,0;240,2;239,0;237,8;236,8;234,9;233,0;231,2;229,5;227,7;224,5;221,2;217,6;214,0;242,3;241,1;240,1;239,0;236,8;234,6;232,5;230,4;228,3;224,7;220,8;216,8;212,6;244,3;243,3;242,3;241,3;238,7;236,2;233,7;231,3;229,0;224,8;220,4;215,9;211,3;246,3;245,4;244,4;243,5;240,7;237,8;235,0;232,3;229,6;224,9;220,0;215,0;209,9;247,9;247,0;246,1;245,2;242,0;238,8;235,6;232,4;229,4;224,2;218,8;213,4;207,9;249,0;248,1;247,2;246,3;242,6;239,0;235,4;231,8;228,2;222,6;216,8;210,9;205,1;250,1;249,2;248,2;247,3;243,3;239,2;235,1;231,0;227,1;221,0;214,8;208,5;202,3;251,2;250,2;249,3;248,3;243,9;239,4;234,9;230,3;225,9;219,4;212,7;206,0;199,5
200;229,3;228,3;227,4;226,5;225,5;224,5;223,5;222,4;221,4;220,1;218,7;217,2;215,6;232,4;231,3;230,3;229,3;228,3;227,3;226,2;225,2;224,2;222,8;221,3;219,7;218,0;235,2;234,2;233,2;232,3;231,2;230,1;229,0;227,9;226,8;225,1;223,3;221,5;219,5;237,9;237,0;236,2;235,4;234,1;232,9;231,7;230,5;229,4;227,4;225,3;223,2;220,9;240,7;239,9;239,1;238,4;237,1;235,7;234,4;233,1;231,9;229,6;227,2;224,8;222,3;243,1;242,4;241,8;241,2;239,7;238,2;236,8;235,4;234,0;231,5;228,8;226,1;223,3;244,8;244,3;243,7;243,2;241,6;240,0;238,4;236,9;235,4;232,5;229,6;226,6;223,4;246,4;246,0;245,6;245,2;243,5;241,8;240,1;238,4;236,8;233,7;230,4;227,0;223,6;248,0;247,7;247,4;247,2;245,3;243,5;241,7;240,0;238,2;234,8;231,2;227,5;223,7;249,2;249,0;248,8;248,6;246,7;244,7;242,7;240,8;238,8;235,1;231,2;227,2;223,1;250,0;249,8;249,7;249,5;247,4;245,2;243,0;240,8;238,6;234,5;230,3;226,0;221,5;250,8;250,6;250,5;250,4;248,0;245,6;243,2;240,7;238,3;234,0;229,4;224,7;219,9;251,5;251,4;251,3;251,2;248,7;246,1;243,4;240,7;238,0;233,4;228,5;223,5;218,2
201;234,2;233,3;232,5;231,8;230,7;229,6;228,5;227,4;226,3;225,2;224,0;222,8;221,4;237,2;236,4;235,6;234,8;233,7;232,6;231,5;230,4;229,3;228,1;226,9;225,5;224,2;239,7;239,1;238,5;237,9;236,8;235,7;234,6;233,6;232,6;231,2;229,8;228,3;226,8;242,1;241,7;241,3;240,9;239,8;238,8;237,7;236,7;235,7;234,2;232,6;231,0;229,3;244,4;244,2;244,1;243,9;242,8;241,8;240,7;239,7;238,8;237,0;235,3;233,5;231,6;246,4;246,5;246,5;246,5;245,5;244,5;243,4;242,5;241,5;239,6;237,7;235,7;233,7;247,6;247,8;248,0;248,2;247,2;246,3;245,5;244,6;243,8;241,8;239,8;237,7;235,7;248,7;249,1;249,4;249,7;249,0;248,2;247,5;246,7;246,0;244,0;241,9;239,8;237,6;249,8;250,3;250,8;251,2;250,6;250,0;249,4;248,8;248,2;246,1;244,0;241,8;239,6;250,5;251,1;251,7;252,4;251,8;251,3;250,7;250,2;249,6;247,4;245,2;242,9;240,6;251,0;251,7;252,3;253,0;252,5;251,9;251,3;250,7;250,2;247,9;245,5;243,1;240,6;251,4;252,2;252,9;253,7;253,1;252,5;251,9;251,3;250,7;248,3;245,8;243,2;240,5;251,8;252,6;253,5;254,3;253,7;253,1;252,5;251,8;251,2;248,7;246,1;243,4;240,5
202;240,1;239,5;238,9;238,4;237,2;235,9;234,7;233,5;232,3;231,3;230,3;229,2;228,0;243,2;242,7;242,2;241,8;240,5;239,2;238,0;236,8;235,6;234,5;233,4;232,3;231,2;245,1;245,0;244,9;244,8;243,7;242,6;241,6;240,5;239,5;238,4;237,3;236,2;235,0;247,0;247,2;247,5;247,7;246,8;245,9;245,0;244,2;243,4;242,1;240,9;239,7;238,5;248,8;249,4;250,0;250,6;249,8;249,1;248,4;247,7;247,0;245,7;244,3;243,0;241,7;250,2;251,2;252,1;253,0;252,4;251,9;251,4;250,9;250,4;249,0;247,6;246,2;244,8;250,8;251,9;252,9;254,0;253,9;253,7;253,6;253,5;253,4;252,1;250,9;249,6;248,4;251,3;252,5;253,7;254,9;255,2;255,5;255,8;256,1;256,4;255,2;254,1;253,0;251,9;251,7;253,1;254,5;255,9;256,6;257,2;257,9;258,6;259,2;258,2;257,2;256,2;255,3;252,0;253,5;255,0;256,5;257,5;258,4;259,3;260,3;261,2;260,2;259,3;258,4;257,5;252,0;253,6;255,2;256,9;258,0;259,0;260,1;261,2;262,2;261,3;260,4;259,5;258,6;252,1;253,8;255,5;257,2;258,4;259,6;260,8;262,0;263,2;262,3;261,4;260,5;259,7;252,1;253,9;255,7;257,5;258,8;260,2;261,5;262,8;264,1;263,3;262,4;261,5;260,7
203;236,5;236,4;236,4;236,3;235,5;234,8;234,0;233,2;232,4;231,6;230,9;230,0;229,2;238,9;239,0;239,1;239,1;238,4;237,6;236,8;236,0;235,3;234,5;233,7;232,9;232,0;240,3;240,8;241,2;241,6;241,0;240,5;240,0;239,4;238,9;238,1;237,3;236,5;235,7;241,7;242,5;243,2;244,0;243,7;243,3;243,0;242,7;242,4;241,5;240,7;239,9;239,0;243,0;244,1;245,2;246,3;246,2;246,0;245,9;245,8;245,6;244,7;243,8;242,9;242,0;244,0;245,4;246,8;248,2;248,3;248,4;248,4;248,5;248,6;247,6;246,7;245,8;244,9;244,6;246,1;247,6;249,0;249,4;249,8;250,2;250,6;251,0;250,2;249,5;248,8;248,1;245,1;246,6;248,2;249,8;250,5;251,2;251,9;252,6;253,3;252,7;252,2;251,6;251,1;245,5;247,2;248,8;250,5;251,5;252,5;253,5;254,5;255,5;255,1;254,7;254,4;254,0;245,8;247,5;249,3;251,0;252,2;253,4;254,6;255,8;257,0;256,7;256,4;256,1;255,8;245,9;247,7;249,5;251,3;252,6;253,9;255,1;256,4;257,6;257,3;257,1;256,8;256,5;246,0;247,8;249,7;251,6;252,9;254,3;255,6;257,0;258,3;258,0;257,7;257,4;257,1;246,1;248,0;249,9;251,8;253,2;254,6;256,1;257,5;258,9;258,6;258,3;258,1;257,8
204;232,5;233,0;233,5;234,0;233,7;233,4;233,1;232,8;232,4;232,0;231,6;231,1;230,6;234,2;234,9;235,6;236,2;235,9;235,7;235,4;235,2;234,9;234,5;234,1;233,6;233,1;235,1;236,1;237,1;238,1;238,1;238,1;238,1;238,2;238,2;237,8;237,4;237,0;236,5;236,0;237,3;238,6;239,9;240,2;240,4;240,7;241,0;241,2;240,8;240,4;240,0;239,6;236,8;238,4;240,1;241,7;242,2;242,6;243,1;243,6;244,1;243,6;243,2;242,8;242,4;237,5;239,4;241,3;243,1;243,8;244,5;245,2;245,9;246,5;246,1;245,7;245,3;244,9;238,1;240,0;241,9;243,8;244,7;245,6;246,5;247,4;248,3;248,1;247,9;247,8;247,6;238,6;240,5;242,5;244,4;245,5;246,6;247,7;248,8;249,9;250,0;250,0;250,1;250,1;239,1;241,0;243,0;245,0;246,3;247,6;248,9;250,2;251,5;251,7;252,0;252,3;252,5;239,4;241,4;243,3;245,3;246,8;248,2;249,6;251,0;252,4;252,8;253,1;253,5;253,9;239,6;241,6;243,5;245,6;247,0;248,4;249,9;251,3;252,8;253,1;253,4;253,8;254,1;239,8;241,7;243,7;245,8;247,2;248,7;250,1;251,6;253,1;253,4;253,7;254,1;254,4;239,9;241,9;243,9;245,9;247,4;248,9;250,4;251,9;253,4;253,7;254,0;254,4;254,7
205;228,2;229,3;230,3;231,3;231,5;231,8;232,0;232,3;232,5;232,5;232,5;232,4;232,4;229,2;230,4;231,6;232,8;233,2;233,5;233,8;234,1;234,5;234,5;234,5;234,5;234,5;229,6;231,2;232,7;234,2;234,8;235,4;236,0;236,7;237,3;237,4;237,4;237,5;237,6;230,0;231,8;233,7;235,5;236,3;237,2;238,1;239,0;239,9;240,0;240,1;240,2;240,3;230,4;232,5;234,6;236,7;237,8;238,9;240,0;241,1;242,2;242,4;242,5;242,6;242,8;230,8;233,1;235,4;237,7;239,0;240,3;241,6;242,9;244,2;244,4;244,6;244,8;245,0;231,5;233,7;236,0;238,3;239,7;241,0;242,4;243,8;245,3;245,7;246,2;246,6;247,1;232,1;234,3;236,5;238,8;240,3;241,7;243,2;244,7;246,2;246,9;247,6;248,3;249,1;232,6;234,8;237,0;239,3;240,8;242,4;244,0;245,5;247,1;248,0;249,0;249,9;250,9;233,1;235,2;237,4;239,6;241,1;242,7;244,3;246,0;247,6;248,6;249,6;250,6;251,7;233,3;235,4;237,6;239,7;241,3;242,8;244,4;246,0;247,6;248,6;249,6;250,6;251,6;233,6;235,6;237,7;239,9;241,4;242,9;244,5;246,0;247,6;248,6;249,5;250,5;251,5;233,8;235,8;237,9;240,0;241,5;243,0;244,5;246,1;247,6;248,5;249,5;250,4;251,4
206;220,6;221,6;222,7;223,7;224,0;224,4;224,8;225,3;225,7;225,8;225,9;226,1;226,2;221,5;222,6;223,8;224,9;225,4;225,9;226,4;226,9;227,4;227,5;227,7;227,9;228,1;221,9;223,3;224,7;226,1;226,8;227,5;228,2;229,0;229,7;230,0;230,2;230,5;230,8;222,2;223,8;225,5;227,2;228,1;229,0;229,9;230,9;231,9;232,2;232,5;232,8;233,2;222,5;224,4;226,3;228,2;229,3;230,4;231,5;232,7;233,9;234,2;234,5;234,9;235,2;223,0;225,0;227,0;229,1;230,4;231,6;232,9;234,2;235,5;235,9;236,3;236,8;237,2;223,8;225,8;227,8;229,9;231,3;232,6;234,0;235,4;236,8;237,4;238,0;238,7;239,4;224,5;226,5;228,6;230,7;232,1;233,5;235,0;236,5;238,0;238,8;239,6;240,5;241,3;225,2;227,2;229,3;231,3;232,8;234,4;235,9;237,5;239,1;240,0;241,1;242,1;243,2;225,9;227,9;229,9;231,9;233,5;235,0;236,6;238,2;239,8;240,9;242,0;243,1;244,3;226,5;228,5;230,4;232,5;234,0;235,5;237,1;238,7;240,3;241,4;242,5;243,6;244,7;227,1;229,0;231,0;233,0;234,5;236,0;237,6;239,2;240,8;241,8;242,9;244,0;245,1;227,7;229,5;231,4;233,4;234,9;236,4;238,0;239,6;241,2;242,2;243,3;244,4;245,5
207;213,2;214,2;215,1;216,1;216,5;216,9;217,4;217,9;218,4;218,6;218,7;218,9;219,2;214,0;215,0;216,1;217,2;217,7;218,2;218,7;219,3;219,9;220,1;220,4;220,6;220,9;214,3;215,6;216,8;218,1;218,8;219,5;220,3;221,1;221,9;222,2;222,5;222,9;223,2;214,6;216,1;217,5;219,0;219,9;220,8;221,7;222,7;223,7;224,0;224,4;224,8;225,2;214,9;216,6;218,2;219,9;220,9;221,9;223,0;224,1;225,3;225,7;226,1;226,5;227,0;215,4;217,1;218,9;220,7;221,9;223,1;224,3;225,5;226,8;227,2;227,7;228,2;228,7;216,3;218,0;219,8;221,6;222,9;224,2;225,5;226,8;228,2;228,8;229,5;230,2;231,0;217,1;218,9;220,7;222,5;223,9;225,2;226,6;228,0;229,5;230,3;231,2;232,1;233,0;217,9;219,7;221,5;223,4;224,8;226,2;227,7;229,2;230,7;231,7;232,7;233,8;234,9;218,8;220,5;222,3;224,2;225,7;227,2;228,7;230,2;231,8;232,9;234,0;235,2;236,4;219,7;221,5;223,2;225,1;226,6;228,1;229,6;231,2;232,8;233,9;235,0;236,2;237,5;220,6;222,3;224,1;225,9;227,4;228,9;230,5;232,1;233,7;234,8;236,0;237,2;238,4;221,5;223,1;224,9;226,7;228,2;229,7;231,3;232,9;234,5;235,7;236,9;238,1;239,3
208;206,1;207,0;207,9;208,8;209,1;209,5;209,9;210,4;210,9;210,9;211,0;211,1;211,2;206,9;207,9;208,8;209,8;210,2;210,7;211,2;211,8;212,3;212,4;212,6;212,7;212,9;207,2;208,4;209,5;210,6;211,2;211,9;212,6;213,3;214,0;214,2;214,5;214,7;215,0;207,6;208,8;210,1;211,4;212,1;212,9;213,8;214,7;215,6;215,8;216,1;216,4;216,7;207,9;209,2;210,6;212,1;213,0;213,9;214,9;215,9;216,9;217,2;217,5;217,9;218,3;208,3;209,8;211,3;212,8;213,8;214,9;216,0;217,1;218,2;218,6;219,0;219,4;219,9;209,2;210,7;212,2;213,8;214,9;216,1;217,3;218,5;219,7;220,3;220,9;221,6;222,3;210,1;211,6;213,1;214,7;216,0;217,2;218,5;219,8;221,2;221,9;222,7;223,5;224,4;210,8;212,4;214,0;215,6;216,9;218,3;219,6;221,0;222,5;223,4;224,3;225,4;226,4;211,9;213,4;215,0;216,7;218,0;219,4;220,9;222,3;223,8;224,9;225,9;227,1;228,2;213,1;214,6;216,2;217,8;219,2;220,7;222,2;223,7;225,2;226,4;227,5;228,7;230,0;214,3;215,8;217,3;218,9;220,4;221,9;223,4;225,0;226,6;227,8;229,0;230,2;231,5;215,4;216,9;218,4;220,0;221,5;223,0;224,6;226,2;227,8;229,1;230,3;231,6;233,0
209;201,4;202,1;202,8;203,4;203,6;203,7;203,8;204,0;204,1;204,0;203,8;203,5;203,3;201,9;202,7;203,5;204,3;204,5;204,8;205,0;205,3;205,7;205,5;205,4;205,3;205,1;202,3;203,2;204,1;205,0;205,4;205,8;206,3;206,8;207,3;207,3;207,3;207,3;207,3;202,7;203,7;204,7;205,7;206,2;206,8;207,4;208,1;208,7;208,8;208,9;209,0;209,1;203,0;204,1;205,2;206,3;207,0;207,7;208,5;209,2;210,0;210,1;210,3;210,4;210,6;203,5;204,7;205,9;207,1;207,9;208,7;209,5;210,4;211,3;211,5;211,7;211,9;212,2;204,6;205,8;207,0;208,2;209,1;210,0;210,9;211,9;212,8;213,2;213,6;214,0;214,4;205,6;206,8;208,0;209,3;210,3;211,2;212,2;213,2;214,3;214,8;215,3;215,8;216,4;206,5;207,8;209,0;210,3;211,4;212,4;213,5;214,5;215,7;216,3;216,9;217,6;218,3;207,6;208,9;210,1;211,5;212,5;213,6;214,8;215,9;217,1;217,8;218,5;219,3;220,1;208,9;210,1;211,4;212,7;213,8;215,0;216,2;217,4;218,6;219,4;220,2;221,0;221,9;210,0;211,3;212,6;213,9;215,1;216,3;217,5;218,8;220,0;220,9;221,7;222,6;223,6;211,2;212,4;213,7;215,0;216,2;217,5;218,8;220,1;221,4;222,3;223,2;224,2;225,2
210;197,3;197,8;198,3;198,7;198,6;198,5;198,4;198,2;198,0;197,6;197,1;196,6;196,0;197,5;198,0;198,6;199,2;199,3;199,3;199,4;199,4;199,4;199,1;198,7;198,2;197,7;197,9;198,5;199,2;199,9;200,1;200,3;200,5;200,7;201,0;200,8;200,5;200,2;199,9;198,2;199,0;199,7;200,5;200,8;201,2;201,5;201,9;202,3;202,2;202,1;202,0;201,8;198,6;199,4;200,2;201,0;201,5;202,0;202,5;203,0;203,5;203,5;203,5;203,4;203,4;199,1;200,0;200,9;201,8;202,3;202,9;203,5;204,1;204,8;204,8;204,9;204,9;205,0;200,3;201,2;202,1;203,0;203,7;204,3;205,0;205,7;206,4;206,5;206,7;206,8;207,0;201,4;202,3;203,3;204,2;204,9;205,6;206,3;207,1;207,9;208,1;208,3;208,6;208,9;202,4;203,4;204,4;205,4;206,1;206,9;207,6;208,4;209,3;209,6;209,9;210,2;210,6;203,5;204,5;205,5;206,5;207,4;208,2;209,0;209,9;210,7;211,1;211,5;211,9;212,4;204,8;205,8;206,8;207,8;208,7;209,6;210,4;211,4;212,3;212,7;213,2;213,7;214,2;205,9;206,9;208,0;209,0;209,9;210,9;211,8;212,8;213,8;214,3;214,8;215,3;215,9;207,0;208,1;209,1;210,2;211,2;212,1;213,1;214,2;215,2;215,7;216,3;216,9;217,5
211;193,8;194,1;194,3;194,6;194,3;193,9;193,6;193,1;192,6;192,0;191,2;190,3;189,4;193,5;193,9;194,3;194,7;194,6;194,4;194,2;194,0;193,8;193,2;192,5;191,7;190,8;193,9;194,3;194,8;195,3;195,3;195,2;195,2;195,2;195,2;194,8;194,3;193,8;193,2;194,2;194,7;195,2;195,8;195,9;196,0;196,2;196,3;196,5;196,2;195,9;195,6;195,2;194,5;195,1;195,6;196,2;196,5;196,8;197,0;197,3;197,6;197,5;197,3;197,1;196,8;195,1;195,7;196,3;196,9;197,3;197,6;198,0;198,4;198,8;198,7;198,6;198,5;198,4;196,3;196,9;197,6;198,2;198,7;199,1;199,5;200,0;200,4;200,4;200,4;200,4;200,3;197,5;198,1;198,8;199,5;200,0;200,5;200,9;201,4;202,0;202,0;202,0;202,0;202,1;198,6;199,3;200,0;200,7;201,2;201,8;202,3;202,8;203,4;203,4;203,5;203,6;203,7;199,7;200,4;201,2;202,0;202,5;203,1;203,7;204,3;204,8;204,9;205,1;205,2;205,3;200,9;201,6;202,4;203,2;203,8;204,5;205,1;205,7;206,4;206,5;206,7;206,8;207,0;202,0;202,8;203,6;204,4;205,1;205,8;206,5;207,2;207,9;208,1;208,2;208,4;208,6;203,1;203,9;204,7;205,6;206,3;207,1;207,8;208,6;209,4;209,5;209,7;210,0;210,2
212;197,4;197,8;198,1;198,5;198,2;197,9;197,6;197,2;196,8;196,0;195,2;194,2;193,0;197,3;197,8;198,2;198,7;198,6;198,4;198,2;198,0;197,8;197,1;196,2;195,3;194,2;197,2;197,7;198,3;198,8;198,8;198,8;198,7;198,7;198,7;198,0;197,3;196,5;195,6;197,1;197,7;198,3;198,9;199,0;199,1;199,2;199,3;199,4;198,9;198,3;197,6;196,9;197,0;197,7;198,4;199,0;199,2;199,5;199,7;199,9;200,1;199,7;199,1;198,5;197,9;197,1;197,8;198,6;199,3;199,6;199,9;200,2;200,5;200,9;200,4;200,0;199,5;198,9;197,8;198,5;199,3;200,1;200,4;200,7;201,1;201,4;201,8;201,4;201,0;200,6;200,1;198,5;199,2;200,0;200,8;201,1;201,5;201,9;202,3;202,6;202,3;201,9;201,6;201,2;199,1;199,9;200,7;201,5;201,9;202,3;202,7;203,1;203,5;203,1;202,8;202,5;202,1;200,0;200,7;201,5;202,3;202,7;203,2;203,6;204,0;204,5;204,2;203,9;203,6;203,3;201,0;201,7;202,5;203,3;203,7;204,2;204,7;205,2;205,6;205,4;205,2;205,0;204,8;201,9;202,7;203,4;204,2;204,7;205,2;205,7;206,3;206,8;206,6;206,5;206,3;206,1;202,9;203,6;204,3;205,1;205,7;206,2;206,8;207,3;207,9;207,8;207,7;207,6;207,5
213;200,6;201,0;201,3;201,7;201,4;201,2;200,9;200,6;200,3;199,4;198,4;197,2;196,0;200,6;201,1;201,6;202,1;201,9;201,8;201,6;201,4;201,2;200,3;199,3;198,2;196,9;200,1;200,7;201,3;201,9;201,9;201,8;201,8;201,7;201,6;200,8;199,9;198,8;197,7;199,7;200,4;201,1;201,7;201,8;201,9;201,9;202,0;202,0;201,2;200,3;199,4;198,3;199,3;200,0;200,8;201,6;201,7;201,9;202,1;202,2;202,4;201,6;200,8;199,9;198,9;199,0;199,8;200,7;201,5;201,8;202,0;202,2;202,5;202,7;202,0;201,2;200,3;199,4;199,2;200,1;200,9;201,8;202,0;202,2;202,5;202,7;203,0;202,3;201,5;200,7;199,9;199,5;200,3;201,1;202,0;202,2;202,5;202,8;203,0;203,3;202,6;201,9;201,1;200,3;199,7;200,5;201,4;202,2;202,5;202,7;203,0;203,3;203,5;202,9;202,2;201,5;200,7;200,2;201,0;201,8;202,7;202,9;203,2;203,5;203,8;204,1;203,5;202,8;202,2;201,5;201,1;201,8;202,6;203,4;203,7;204,0;204,3;204,6;204,9;204,4;203,8;203,2;202,7;201,9;202,6;203,3;204,0;204,3;204,7;205,0;205,4;205,7;205,2;204,8;204,3;203,8;202,7;203,3;204,0;204,6;205,0;205,4;205,7;206,1;206,5;206,1;205,7;205,3;204,9
214;203,4;203,8;204,1;204,5;204,2;204,0;203,7;203,4;203,1;202,1;201,0;199,8;198,4;203,5;204,0;204,5;205,0;204,8;204,6;204,5;204,3;204,1;203,0;201,9;200,6;199,2;202,8;203,4;204,0;204,6;204,5;204,5;204,4;204,3;204,2;203,2;202,1;200,8;199,4;202,1;202,8;203,5;204,2;204,3;204,3;204,3;204,3;204,3;203,3;202,2;201,0;199,6;201,4;202,2;203,0;203,9;204,0;204,1;204,2;204,3;204,4;203,4;202,3;201,1;199,8;200,8;201,7;202,6;203,6;203,7;203,9;204,1;204,2;204,4;203,4;202,3;201,1;199,9;200,6;201,5;202,4;203,3;203,5;203,7;203,8;204,0;204,2;203,1;202,1;200,9;199,7;200,4;201,3;202,2;203,1;203,3;203,4;203,6;203,7;203,9;202,9;201,8;200,7;199,5;200,2;201,1;202,0;202,9;203,1;203,2;203,3;203,5;203,6;202,6;201,6;200,5;199,4;200,5;201,3;202,2;203,0;203,2;203,3;203,4;203,6;203,7;202,8;201,8;200,8;199,8;201,2;201,9;202,7;203,4;203,6;203,7;203,9;204,0;204,2;203,3;202,5;201,6;200,7;201,8;202,5;203,1;203,8;204,0;204,1;204,3;204,5;204,7;203,9;203,2;202,4;201,6;202,5;203,0;203,6;204,2;204,4;204,5;204,7;204,9;205,1;204,5;203,8;203,1;202,4
215;205,2;205,7;206,1;206,5;206,6;206,6;206,6;206,6;206,6;206,1;205,5;204,9;204,2;205,5;206,1;206,7;207,2;207,3;207,4;207,5;207,6;207,8;207,2;206,6;206,0;205,2;204,9;205,6;206,3;206,9;207,1;207,3;207,6;207,8;208,0;207,5;206,9;206,2;205,5;204,2;205,1;205,8;206,6;206,9;207,3;207,6;207,9;208,3;207,7;207,1;206,5;205,7;203,6;204,5;205,4;206,3;206,7;207,2;207,6;208,1;208,5;208,0;207,3;206,7;206,0;203,1;204,1;205,1;206,0;206,5;207,0;207,6;208,1;208,6;208,1;207,4;206,7;206,0;202,9;203,9;204,8;205,8;206,3;206,8;207,3;207,8;208,4;207,7;207,1;206,4;205,6;202,6;203,6;204,6;205,6;206,1;206,6;207,1;207,6;208,1;207,4;206,7;206,0;205,2;202,4;203,4;204,4;205,3;205,8;206,3;206,8;207,3;207,9;207,2;206,4;205,7;204,9;202,6;203,5;204,4;205,3;205,8;206,2;206,7;207,2;207,7;207,0;206,2;205,5;204,7;203,2;203,9;204,7;205,5;205,9;206,3;206,7;207,1;207,5;206,9;206,2;205,5;204,8;203,8;204,4;205,0;205,6;206,0;206,3;206,7;207,0;207,4;206,8;206,1;205,5;204,8;204,3;204,8;205,3;205,8;206,1;206,4;206,7;207,0;207,3;206,7;206,1;205,5;204,9
216;206,9;207,4;207,9;208,4;208,7;208,9;209,1;209,4;209,7;209,5;209,4;209,2;209,0;207,4;208,0;208,6;209,3;209,6;209,9;210,2;210,5;210,9;210,7;210,6;210,4;210,1;206,8;207,6;208,3;209,0;209,5;209,9;210,3;210,8;211,3;211,1;210,9;210,7;210,5;206,3;207,1;208,0;208,8;209,3;209,9;210,5;211,1;211,7;211,5;211,3;211,1;210,8;205,7;206,7;207,6;208,5;209,2;209,9;210,6;211,3;212,1;211,9;211,6;211,4;211,1;205,2;206,3;207,3;208,3;209,1;209,9;210,7;211,5;212,3;212,1;211,8;211,5;211,2;205,0;206,0;207,1;208,1;208,9;209,7;210,5;211,3;212,1;211,8;211,5;211,2;210,8;204,8;205,8;206,8;207,8;208,7;209,5;210,3;211,1;212,0;211,6;211,2;210,8;210,3;204,6;205,6;206,6;207,6;208,4;209,3;210,1;210,9;211,8;211,3;210,9;210,4;209,9;204,7;205,6;206,5;207,5;208,2;209,0;209,8;210,6;211,4;210,9;210,4;209,9;209,4;205,2;205,9;206,7;207,4;208,1;208,7;209,4;210,0;210,7;210,2;209,7;209,2;208,7;205,7;206,2;206,8;207,4;207,9;208,4;209,0;209,5;210,0;209,5;209,0;208,5;208,0;206,2;206,6;207,0;207,4;207,8;208,2;208,5;208,9;209,3;208,8;208,3;207,8;207,3
217;208,4;209,0;209,6;210,2;210,6;211,0;211,4;211,8;212,3;212,4;212,6;212,8;213,0;209,1;209,8;210,5;211,1;211,6;212,1;212,5;213,1;213,6;213,7;213,8;214,0;214,1;208,6;209,4;210,2;210,9;211,5;212,2;212,8;213,4;214,1;214,2;214,3;214,5;214,6;208,1;209,0;209,9;210,7;211,5;212,3;213,0;213,8;214,6;214,7;214,8;214,9;215,1;207,6;208,6;209,6;210,5;211,4;212,4;213,3;214,2;215,1;215,2;215,3;215,4;215,5;207,2;208,3;209,3;210,3;211,4;212,4;213,4;214,4;215,5;215,5;215,6;215,6;215,7;207,0;208,1;209,1;210,2;211,2;212,3;213,3;214,4;215,4;215,4;215,4;215,3;215,3;206,8;207,9;208,9;210,0;211,1;212,2;213,2;214,3;215,4;215,3;215,2;215,0;214,9;206,6;207,7;208,7;209,8;210,9;212,0;213,2;214,3;215,4;215,2;214,9;214,7;214,5;206,7;207,7;208,6;209,5;210,6;211,7;212,7;213,8;214,8;214,6;214,3;214,0;213,7;207,1;207,9;208,6;209,3;210,2;211,1;212,0;212,8;213,7;213,4;213,0;212,7;212,3;207,6;208,1;208,6;209,1;209,8;210,5;211,2;211,9;212,6;212,2;211,8;211,4;211,0;208,0;208,3;208,6;208,9;209,4;209,9;210,4;210,9;211,4;211,0;210,5;210,1;209,6
218;208,3;208,7;209,2;209,6;209,9;210,2;210,5;210,8;211,1;211,2;211,3;211,4;211,4;209,0;209,6;210,1;210,7;211,0;211,4;211,8;212,2;212,6;212,7;212,7;212,8;212,9;209,1;209,7;210,3;210,9;211,4;211,9;212,4;212,9;213,4;213,5;213,6;213,7;213,8;209,1;209,8;210,5;211,1;211,7;212,3;213,0;213,6;214,2;214,3;214,4;214,5;214,6;209,1;209,9;210,6;211,3;212,1;212,8;213,5;214,3;215,0;215,1;215,2;215,3;215,4;209,3;210,0;210,8;211,6;212,4;213,2;214,0;214,8;215,6;215,7;215,8;215,9;216,0;209,6;210,3;211,0;211,7;212,5;213,4;214,2;215,0;215,8;215,8;215,9;215,9;215,9;209,9;210,6;211,2;211,9;212,7;213,5;214,3;215,1;215,9;215,9;215,9;215,9;215,9;210,2;210,8;211,5;212,0;212,9;213,7;214,5;215,3;216,1;216,0;216,0;215,9;215,8;210,7;211,3;211,8;212,3;213,0;213,8;214,5;215,2;215,9;215,8;215,6;215,5;215,4;211,4;211,8;212,2;212,6;213,2;213,7;214,2;214,8;215,3;215,1;214,9;214,6;214,4;212,1;212,4;212,7;212,9;213,3;213,6;214,0;214,3;214,7;214,4;214,1;213,8;213,4;212,8;212,9;213,1;213,3;213,4;213,6;213,7;213,9;214,1;213,7;213,3;212,9;212,4
219;208,1;208,4;208,8;209,1;209,2;209,4;209,6;209,8;210,0;210,0;210,0;209,9;209,9;209,0;209,4;209,8;210,2;210,5;210,8;211,1;211,3;211,6;211,6;211,6;211,6;211,6;209,5;210,0;210,4;210,9;211,2;211,6;212,0;212,4;212,8;212,8;212,9;212,9;213,0;210,1;210,6;211,0;211,5;212,0;212,4;212,9;213,4;213,9;214,0;214,1;214,1;214,2;210,6;211,2;211,7;212,1;212,7;213,3;213,8;214,4;214,9;215,0;215,2;215,3;215,4;211,3;211,8;212,3;212,8;213,4;214,0;214,6;215,2;215,8;215,9;216,0;216,2;216,3;212,1;212,5;212,9;213,3;213,8;214,4;215,0;215,6;216,1;216,2;216,3;216,4;216,6;213,0;213,2;213,5;213,8;214,3;214,9;215,4;215,9;216,5;216,5;216,6;216,7;216,8;213,8;214,0;214,1;214,3;214,8;215,3;215,8;216,3;216,8;216,9;217,0;217,0;217,1;214,7;214,8;214,9;215,0;215,4;215,8;216,2;216,6;216,9;217,0;217,0;217,0;217,0;215,7;215,7;215,8;215,8;216,0;216,3;216,5;216,7;216,9;216,7;216,6;216,5;216,4;216,6;216,7;216,7;216,7;216,7;216,7;216,7;216,8;216,8;216,5;216,3;216,0;215,7;217,6;217,6;217,6;217,6;217,4;217,2;217,0;216,9;216,7;216,3;215,9;215,5;215,1
220;207,9;208,1;208,3;208,5;208,6;208,6;208,7;208,8;208,8;208,8;208,7;208,6;208,4;208,9;209,2;209,5;209,8;210,0;210,1;210,3;210,5;210,7;210,6;210,6;210,5;210,4;210,0;210,3;210,6;210,8;211,1;211,3;211,6;211,9;212,1;212,2;212,2;212,2;212,2;211,0;211,3;211,6;211,9;212,2;212,5;212,9;213,2;213,5;213,6;213,7;213,8;213,9;212,1;212,4;212,7;212,9;213,3;213,7;214,1;214,5;214,9;215,0;215,1;215,2;215,4;213,3;213,5;213,7;213,9;214,4;214,8;215,2;215,5;215,9;216,1;216,2;216,4;216,6;214,6;214,7;214,7;214,8;215,1;215,5;215,8;216,1;216,4;216,6;216,8;217,0;217,2;216,0;215,9;215,7;215,6;215,9;216,2;216,4;216,7;217,0;217,1;217,3;217,5;217,7;217,3;217,1;216,8;216,5;216,7;216,9;217,1;217,3;217,5;217,7;217,9;218,1;218,3;218,6;218,3;218,0;217,6;217,7;217,8;217,8;217,9;217,9;218,1;218,2;218,3;218,5;219,9;219,6;219,3;219,0;218,9;218,7;218,6;218,5;218,4;218,3;218,3;218,2;218,2;221,1;220,9;220,6;220,4;220,1;219,7;219,4;219,1;218,8;218,5;218,3;218,1;217,9;222,3;222,2;222,0;221,8;221,3;220,7;220,2;219,7;219,2;218,8;218,4;218,0;217,6
221;210,4;210,4;210,4;210,4;210,3;210,1;210,0;209,9;209,7;209,4;209,1;208,7;208,3;211,4;211,5;211,6;211,7;211,6;211,6;211,5;211,5;211,4;211,1;210,8;210,5;210,2;212,7;212,8;212,8;212,9;212,9;213,0;213,0;213,0;213,1;212,9;212,7;212,4;212,2;213,9;214,0;214,1;214,1;214,2;214,3;214,4;214,5;214,6;214,5;214,4;214,2;214,1;215,2;215,3;215,3;215,4;215,6;215,7;215,9;216,0;216,2;216,1;216,0;215,9;215,7;216,5;216,6;216,6;216,7;216,9;217,0;217,2;217,4;217,6;217,5;217,4;217,3;217,2;218,0;218,0;217,9;217,9;218,1;218,2;218,4;218,6;218,7;218,6;218,5;218,5;218,4;219,4;219,4;219,3;219,2;219,4;219,5;219,6;219,8;219,9;219,8;219,7;219,6;219,5;220,9;220,8;220,6;220,5;220,6;220,8;220,9;221,0;221,1;221,0;220,9;220,8;220,7;222,1;222,0;221,9;221,8;221,8;221,9;221,9;222,0;222,0;221,8;221,7;221,5;221,4;223,2;223,1;223,0;222,9;222,9;222,8;222,7;222,6;222,6;222,3;222,1;221,8;221,5;224,2;224,2;224,1;224,1;223,9;223,7;223,5;223,3;223,2;222,8;222,4;222,1;221,7;225,3;225,3;225,2;225,2;224,9;224,6;224,3;224,0;223,7;223,3;222,8;222,4;221,9
222;212,9;212,7;212,5;212,3;212,0;211,6;211,3;210,9;210,6;210,1;209,5;208,9;208,3;214,1;213,9;213,7;213,6;213,3;213,0;212,7;212,4;212,1;211,6;211,1;210,5;209,9;215,5;215,3;215,1;215,0;214,8;214,6;214,4;214,2;214,0;213,6;213,1;212,7;212,2;216,9;216,8;216,6;216,4;216,3;216,2;216,0;215,9;215,8;215,4;215,0;214,7;214,2;218,4;218,2;218,1;217,9;217,8;217,8;217,7;217,6;217,5;217,2;216,8;216,5;216,1;219,9;219,7;219,6;219,5;219,4;219,4;219,3;219,2;219,2;218,9;218,5;218,2;217,8;221,4;221,3;221,2;221,2;221,1;221,1;221,1;221,0;221,0;220,6;220,3;219,9;219,6;222,9;222,9;222,9;222,9;222,9;222,9;222,9;222,8;222,8;222,5;222,1;221,7;221,3;224,4;224,5;224,5;224,6;224,6;224,7;224,7;224,7;224,7;224,3;223,9;223,5;223,0;225,6;225,7;225,8;226,0;226,0;226,0;226,0;226,1;226,1;225,6;225,2;224,7;224,2;226,5;226,6;226,7;226,9;226,9;226,8;226,8;226,8;226,8;226,3;225,9;225,4;224,9;227,3;227,5;227,6;227,7;227,7;227,7;227,6;227,6;227,6;227,1;226,6;226,1;225,6;228,2;228,3;228,5;228,6;228,6;228,5;228,4;228,4;228,3;227,8;227,3;226,8;226,3
223;215,5;215,0;214,6;214,2;213,7;213,1;212,6;212,0;211,4;210,7;209,9;209,1;208,2;216,8;216,3;215,9;215,5;214,9;214,4;213,9;213,3;212,8;212,1;211,4;210,6;209,7;218,4;217,9;217,5;217,1;216,7;216,2;215,8;215,3;214,9;214,3;213,6;212,9;212,2;220,0;219,6;219,2;218,8;218,4;218,0;217,6;217,3;216,9;216,3;215,7;215,1;214,4;221,7;221,3;220,9;220,5;220,2;219,8;219,5;219,1;218,8;218,3;217,7;217,1;216,5;223,3;223,0;222,7;222,4;222,0;221,7;221,4;221,1;220,8;220,2;219,7;219,1;218,5;224,9;224,7;224,6;224,5;224,2;224,0;223,7;223,5;223,3;222,7;222,0;221,4;220,8;226,5;226,5;226,5;226,6;226,4;226,3;226,1;225,9;225,8;225,1;224,5;223,8;223,1;228,0;228,2;228,5;228,7;228,7;228,6;228,5;228,5;228,4;227,6;226,9;226,1;225,4;229,1;229,4;229,8;230,1;230,2;230,2;230,2;230,2;230,2;229,4;228,6;227,9;227,1;229,7;230,1;230,4;230,8;230,8;230,9;230,9;231,0;231,1;230,3;229,6;228,9;228,2;230,4;230,7;231,1;231,4;231,5;231,6;231,7;231,8;231,9;231,3;230,7;230,0;229,4;231,0;231,3;231,7;232,0;232,2;232,3;232,5;232,7;232,8;232,3;231,7;231,1;230,6
224;216,9;216,6;216,4;216,1;215,6;215,2;214,7;214,2;213,7;213,1;212,5;211,8;211,0;218,2;217,9;217,6;217,4;217,0;216,6;216,1;215,7;215,3;214,7;214,1;213,4;212,7;219,5;219,3;219,2;219,0;218,7;218,4;218,1;217,8;217,5;216,9;216,3;215,7;215,1;220,9;220,8;220,7;220,6;220,4;220,2;220,0;219,7;219,5;219,0;218,5;217,9;217,3;222,2;222,2;222,2;222,2;222,1;221,9;221,8;221,7;221,5;221,0;220,4;219,9;219,3;223,6;223,7;223,8;223,9;223,8;223,7;223,7;223,6;223,5;223,0;222,4;221,8;221,2;224,9;225,2;225,5;225,7;225,8;225,8;225,8;225,8;225,8;225,2;224,7;224,1;223,5;226,2;226,7;227,2;227,6;227,7;227,8;227,9;228,0;228,1;227,5;226,9;226,3;225,7;227,5;228,2;228,8;229,5;229,7;229,8;230,0;230,2;230,4;229,8;229,2;228,6;228,0;228,5;229,2;230,0;230,7;231,0;231,3;231,6;231,8;232,1;231,5;230,9;230,3;229,7;229,2;229,9;230,7;231,4;231,7;232,1;232,4;232,7;233,0;232,5;231,9;231,4;230,8;229,8;230,5;231,3;232,1;232,5;232,8;233,2;233,6;234,0;233,5;233,0;232,5;232,0;230,4;231,2;232,0;232,7;233,2;233,6;234,0;234,5;234,9;234,5;234,1;233,7;233,3
225;218,5;218,3;218,2;218,1;217,7;217,3;216,9;216,6;216,2;215,7;215,2;214,6;214,0;219,6;219,6;219,5;219,5;219,2;218,9;218,6;218,3;217,9;217,4;216,9;216,3;215,7;220,7;220,8;220,9;221,0;220,8;220,7;220,5;220,4;220,2;219,7;219,2;218,7;218,1;221,8;222,0;222,2;222,5;222,5;222,4;222,4;222,4;222,4;221,9;221,3;220,8;220,3;222,8;223,2;223,6;224,0;224,1;224,2;224,3;224,3;224,4;223,9;223,4;222,8;222,2;223,8;224,4;224,9;225,5;225,7;225,9;226,1;226,3;226,4;225,9;225,3;224,7;224,2;225,0;225,7;226,4;227,1;227,3;227,6;227,9;228,2;228,4;227,9;227,4;226,9;226,3;226,0;226,9;227,8;228,6;229,0;229,4;229,7;230,1;230,5;230,0;229,5;229,0;228,5;227,1;228,1;229,1;230,2;230,6;231,1;231,6;232,0;232,5;232,0;231,6;231,1;230,6;227,9;229,1;230,2;231,3;231,9;232,4;232,9;233,5;234,0;233,6;233,1;232,7;232,3;228,6;229,7;230,9;232,0;232,6;233,2;233,8;234,4;235,0;234,6;234,2;233,9;233,5;229,2;230,4;231,6;232,8;233,4;234,0;234,7;235,3;236,0;235,7;235,3;235,0;234,7;229,8;231,0;232,2;233,4;234,1;234,8;235,5;236,2;236,9;236,7;236,5;236,2;236,0
226;220,1;220,2;220,2;220,2;220,0;219,7;219,4;219,1;218,8;218,4;218,0;217,5;217,0;221,2;221,4;221,6;221,8;221,6;221,4;221,2;221,0;220,8;220,3;219,9;219,4;218,9;221,9;222,3;222,7;223,1;223,1;223,1;223,1;223,1;223,1;222,7;222,2;221,7;221,2;222,6;223,3;223,9;224,5;224,6;224,8;225,0;225,2;225,4;224,9;224,4;223,9;223,4;223,4;224,2;225,0;225,8;226,1;226,5;226,8;227,2;227,5;227,0;226,4;225,9;225,3;224,1;225,1;226,1;227,1;227,6;228,1;228,6;229,0;229,5;228,9;228,4;227,8;227,2;225,0;226,1;227,3;228,4;229,0;229,5;230,1;230,7;231,2;230,7;230,3;229,8;229,3;225,8;227,1;228,4;229,7;230,3;231,0;231,6;232,3;232,9;232,5;232,1;231,7;231,4;226,7;228,1;229,5;230,9;231,6;232,4;233,1;233,9;234,6;234,3;234,0;233,7;233,4;227,4;228,9;230,4;231,9;232,7;233,5;234,3;235,1;236,0;235,7;235,5;235,2;235,0;228,0;229,5;231,1;232,7;233,5;234,4;235,2;236,1;237,0;236,8;236,6;236,4;236,2;228,6;230,2;231,8;233,4;234,3;235,2;236,1;237,0;238,0;237,8;237,7;237,6;237,4;229,2;230,8;232,5;234,2;235,1;236,0;237,0;238,0;238,9;238,9;238,8;238,7;238,7
227;220,4;220,5;220,5;220,6;220,4;220,2;220,0;219,8;219,6;219,3;219,0;218,7;218,4;221,1;221,3;221,5;221,8;221,6;221,5;221,4;221,3;221,2;220,9;220,6;220,3;219,9;221,5;221,9;222,3;222,7;222,8;222,9;222,9;223,0;223,1;222,8;222,5;222,2;221,8;221,9;222,5;223,1;223,7;223,9;224,2;224,4;224,6;224,8;224,5;224,2;223,9;223,6;222,3;223,1;223,9;224,7;225,0;225,4;225,8;226,2;226,5;226,2;225,9;225,5;225,2;222,8;223,7;224,6;225,6;226,1;226,6;227,1;227,6;228,1;227,7;227,4;227,0;226,7;223,3;224,3;225,4;226,4;227,0;227,6;228,2;228,7;229,3;229,1;228,9;228,7;228,4;223,8;224,9;226,1;227,2;227,9;228,6;229,2;229,9;230,6;230,5;230,3;230,2;230,1;224,3;225,5;226,7;228,0;228,8;229,5;230,3;231,0;231,8;231,8;231,8;231,8;231,8;224,9;226,1;227,4;228,7;229,6;230,4;231,2;232,0;232,9;232,9;233,0;233,1;233,1;225,5;226,8;228,1;229,4;230,3;231,1;232,0;232,9;233,8;233,9;234,0;234,1;234,2;226,1;227,4;228,8;230,1;231,0;231,9;232,8;233,7;234,6;234,8;234,9;235,1;235,3;226,7;228,1;229,4;230,8;231,7;232,6;233,6;234,5;235,5;235,7;235,9;236,1;236,3
228;220,6;220,7;220,8;220,9;220,8;220,7;220,6;220,5;220,4;220,3;220,1;219,9;219,8;221,0;221,3;221,5;221,8;221,7;221,7;221,7;221,7;221,7;221,5;221,4;221,2;221,0;221,2;221,6;222,0;222,4;222,5;222,6;222,8;222,9;223,0;222,9;222,8;222,6;222,5;221,3;221,9;222,4;223,0;223,3;223,5;223,8;224,1;224,3;224,2;224,1;223,9;223,8;221,4;222,1;222,9;223,6;224,0;224,4;224,8;225,2;225,5;225,4;225,3;225,1;225,0;221,5;222,4;223,3;224,2;224,6;225,1;225,6;226,1;226,6;226,5;226,4;226,3;226,2;221,7;222,6;223,6;224,5;225,1;225,7;226,3;226,9;227,5;227,5;227,5;227,5;227,5;221,9;222,9;223,9;224,9;225,6;226,2;226,9;227,6;228,3;228,4;228,6;228,7;228,9;222,1;223,1;224,2;225,3;226,0;226,8;227,5;228,3;229,1;229,4;229,6;229,9;230,1;222,5;223,6;224,6;225,7;226,6;227,4;228,2;229,0;229,9;230,2;230,5;230,9;231,2;223,1;224,2;225,3;226,4;227,2;228,0;228,9;229,8;230,6;231,0;231,4;231,8;232,2;223,8;224,8;225,9;227,0;227,8;228,7;229,6;230,5;231,4;231,8;232,2;232,6;233,1;224,4;225,4;226,5;227,6;228,5;229,4;230,3;231,2;232,1;232,6;233,0;233,5;234,0
229;220,9;221,0;221,1;221,2;221,2;221,2;221,2;221,2;221,2;221,2;221,2;221,2;221,2;221,0;221,2;221,5;221,8;221,8;221,9;222,0;222,1;222,1;222,1;222,1;222,1;222,1;220,8;221,2;221,6;222,1;222,2;222,4;222,6;222,8;223,0;223,0;223,1;223,1;223,1;220,7;221,2;221,8;222,3;222,6;222,9;223,2;223,5;223,8;223,9;223,9;223,9;224,0;220,5;221,2;221,9;222,6;223,0;223,4;223,8;224,2;224,6;224,6;224,7;224,7;224,8;220,3;221,2;222,0;222,8;223,3;223,8;224,2;224,7;225,2;225,3;225,4;225,5;225,6;220,2;221,1;221,9;222,8;223,3;223,9;224,5;225,1;225,6;225,9;226,1;226,4;226,6;220,1;221,0;221,9;222,7;223,4;224,0;224,7;225,4;226,1;226,4;226,8;227,2;227,6;220,0;220,9;221,8;222,7;223,4;224,2;224,9;225,7;226,5;226,9;227,5;228,0;228,5;220,3;221,1;222,0;222,9;223,7;224,5;225,3;226,1;227,0;227,5;228,1;228,7;229,4;220,9;221,8;222,6;223,5;224,3;225,1;225,9;226,7;227,6;228,2;228,8;229,5;230,1;221,5;222,4;223,2;224,0;224,8;225,6;226,5;227,3;228,2;228,9;229,5;230,2;230,9;222,2;223,0;223,7;224,6;225,4;226,2;227,1;227,9;228,8;229,5;230,2;230,9;231,7
230;220,5;220,6;220,8;220,9;221,0;221,0;221,0;221,0;221,1;221,1;221,1;221,1;221,1;220,6;220,8;221,1;221,4;221,5;221,6;221,7;221,8;221,9;222,0;222,0;222,1;222,2;220,4;220,8;221,2;221,6;221,8;222,1;222,3;222,5;222,8;222,9;222,9;223,0;223,1;220,2;220,7;221,3;221,8;222,2;222,5;222,8;223,2;223,6;223,7;223,8;223,9;224,0;220,0;220,7;221,4;222,0;222,5;222,9;223,4;223,8;224,3;224,4;224,5;224,6;224,7;219,9;220,7;221,4;222,2;222,7;223,3;223,8;224,4;224,9;225,1;225,2;225,3;225,5;219,9;220,7;221,4;222,2;222,8;223,4;224,0;224,7;225,3;225,5;225,8;226,0;226,3;219,9;220,7;221,5;222,3;222,9;223,6;224,3;225,0;225,7;226,0;226,3;226,7;227,0;219,9;220,7;221,5;222,3;223,0;223,8;224,5;225,2;226,0;226,4;226,8;227,3;227,7;220,2;221,0;221,8;222,6;223,4;224,1;224,9;225,7;226,5;226,9;227,4;227,9;228,4;220,9;221,6;222,4;223,2;224,0;224,7;225,5;226,3;227,1;227,6;228,1;228,6;229,1;221,5;222,3;223,0;223,8;224,6;225,3;226,1;226,9;227,7;228,2;228,7;229,2;229,8;222,2;222,9;223,7;224,4;225,2;225,9;226,7;227,5;228,3;228,8;229,3;229,9;230,4
231;220,0;220,2;220,4;220,6;220,7;220,7;220,8;220,8;220,9;220,9;221,0;221,0;221,1;220,2;220,4;220,7;221,0;221,1;221,3;221,4;221,6;221,7;221,8;222,0;222,1;222,2;220,0;220,4;220,8;221,1;221,4;221,7;222,0;222,3;222,6;222,7;222,8;223,0;223,1;219,8;220,3;220,8;221,3;221,7;222,1;222,5;222,9;223,3;223,5;223,6;223,8;224,0;219,6;220,2;220,8;221,4;221,9;222,5;223,0;223,5;224,1;224,2;224,4;224,5;224,7;219,5;220,2;220,9;221,5;222,2;222,8;223,4;224,0;224,6;224,8;225,0;225,2;225,3;219,6;220,3;221,0;221,7;222,3;223,0;223,6;224,3;225,0;225,2;225,4;225,7;225,9;219,7;220,4;221,1;221,8;222,5;223,2;223,9;224,6;225,3;225,6;225,9;226,2;226,5;219,8;220,5;221,2;221,9;222,6;223,4;224,1;224,8;225,6;225,9;226,3;226,6;227,0;220,2;220,9;221,6;222,3;223,0;223,8;224,5;225,3;226,0;226,4;226,8;227,2;227,5;220,8;221,5;222,2;222,9;223,7;224,4;225,1;225,9;226,6;227,0;227,3;227,7;228,1;221,5;222,2;222,9;223,6;224,3;225,0;225,7;226,4;227,2;227,5;227,9;228,3;228,7;222,2;222,9;223,6;224,3;224,9;225,6;226,3;227,0;227,7;228,1;228,5;228,9;229,3
232;219,6;219,8;220,1;220,3;220,4;220,5;220,5;220,6;220,7;220,8;220,9;221,0;221,0;219,7;220,0;220,3;220,6;220,8;221,0;221,1;221,3;221,5;221,7;221,9;222,0;222,2;219,5;219,9;220,3;220,7;221,0;221,3;221,7;222,0;222,4;222,5;222,7;222,9;223,1;219,3;219,8;220,3;220,8;221,2;221,7;222,1;222,6;223,1;223,3;223,5;223,7;223,9;219,1;219,7;220,3;220,8;221,4;222,0;222,6;223,2;223,8;224,0;224,2;224,4;224,6;219,0;219,7;220,3;220,9;221,6;222,3;223,0;223,7;224,4;224,6;224,8;225,0;225,2;219,3;219,9;220,5;221,1;221,8;222,5;223,2;223,9;224,6;224,9;225,1;225,3;225,6;219,5;220,1;220,7;221,3;222,0;222,7;223,5;224,2;224,9;225,2;225,4;225,7;226,0;219,7;220,3;220,9;221,5;222,2;223,0;223,7;224,4;225,2;225,4;225,7;226,0;226,3;220,1;220,7;221,3;221,9;222,7;223,4;224,1;224,8;225,6;225,8;226,1;226,4;226,7;220,8;221,4;222,1;222,7;223,4;224,1;224,7;225,4;226,1;226,4;226,7;226,9;227,2;221,5;222,1;222,8;223,4;224,1;224,7;225,4;226,0;226,7;226,9;227,2;227,4;227,7;222,2;222,8;223,5;224,1;224,7;225,4;226,0;226,6;227,2;227,5;227,7;227,9;228,2
233;218,9;219,1;219,2;219,4;219,4;219,4;219,5;219,5;219,6;219,7;219,7;219,8;219,9;219,2;219,4;219,6;219,8;219,9;220,0;220,2;220,3;220,4;220,6;220,7;220,9;221,1;219,0;219,4;219,7;220,0;220,2;220,5;220,8;221,1;221,4;221,5;221,7;221,9;222,0;218,9;219,3;219,8;220,2;220,6;221,0;221,4;221,8;222,2;222,4;222,5;222,7;222,9;218,8;219,3;219,8;220,3;220,9;221,4;221,9;222,5;223,0;223,1;223,3;223,5;223,6;218,8;219,4;220,0;220,5;221,2;221,8;222,4;223,0;223,6;223,8;223,9;224,1;224,2;219,1;219,7;220,2;220,8;221,4;222,0;222,6;223,2;223,9;224,0;224,2;224,4;224,6;219,4;220,0;220,5;221,0;221,6;222,2;222,9;223,5;224,1;224,3;224,5;224,7;225,0;219,7;220,2;220,7;221,2;221,9;222,5;223,1;223,7;224,3;224,6;224,8;225,1;225,3;220,2;220,7;221,2;221,7;222,3;222,9;223,5;224,1;224,7;224,9;225,2;225,5;225,7;220,9;221,4;221,8;222,3;222,9;223,5;224,0;224,6;225,2;225,4;225,7;225,9;226,2;221,5;222,0;222,5;223,0;223,5;224,1;224,6;225,1;225,7;225,9;226,2;226,4;226,7;222,2;222,7;223,2;223,6;224,1;224,6;225,1;225,6;226,2;226,4;226,6;226,9;227,1
234;218,2;218,3;218,3;218,4;218,4;218,4;218,4;218,4;218,4;218,5;218,6;218,7;218,8;218,6;218,7;218,8;218,9;219,0;219,1;219,2;219,3;219,3;219,5;219,6;219,8;219,9;218,5;218,8;219,0;219,2;219,4;219,7;219,9;220,1;220,4;220,5;220,6;220,8;220,9;218,5;218,9;219,2;219,6;219,9;220,2;220,6;221,0;221,3;221,4;221,6;221,7;221,8;218,5;219,0;219,4;219,9;220,3;220,8;221,3;221,7;222,2;222,3;222,4;222,5;222,6;218,6;219,1;219,7;220,2;220,7;221,2;221,8;222,3;222,9;223,0;223,0;223,1;223,2;219,0;219,5;220,0;220,4;221,0;221,5;222,0;222,5;223,1;223,2;223,3;223,5;223,6;219,4;219,8;220,3;220,7;221,2;221,7;222,3;222,8;223,3;223,4;223,6;223,8;224,0;219,7;220,1;220,6;221,0;221,5;222,0;222,5;223,0;223,5;223,7;223,9;224,1;224,3;220,2;220,6;221,0;221,4;221,9;222,4;222,8;223,3;223,8;224,0;224,2;224,5;224,7;220,9;221,3;221,6;222,0;222,4;222,9;223,3;223,8;224,2;224,4;224,7;224,9;225,2;221,6;221,9;222,2;222,6;223,0;223,4;223,8;224,2;224,6;224,9;225,1;225,4;225,6;222,2;222,5;222,8;223,2;223,5;223,9;224,3;224,7;225,0;225,3;225,5;225,8;226,1
235;217,5;217,5;217,4;217,4;217,4;217,3;217,3;217,3;217,3;217,4;217,5;217,6;217,7;217,9;218,0;218,0;218,0;218,1;218,1;218,1;218,2;218,2;218,4;218,5;218,6;218,8;218,0;218,2;218,3;218,5;218,7;218,8;219,0;219,2;219,4;219,5;219,6;219,7;219,8;218,1;218,4;218,7;218,9;219,2;219,5;219,8;220,1;220,4;220,5;220,6;220,7;220,8;218,2;218,6;219,0;219,4;219,8;220,2;220,6;221,0;221,4;221,4;221,5;221,6;221,6;218,4;218,9;219,3;219,8;220,2;220,7;221,2;221,6;222,1;222,2;222,2;222,2;222,3;218,9;219,3;219,7;220,1;220,5;221,0;221,4;221,8;222,3;222,4;222,5;222,5;222,6;219,3;219,7;220,0;220,4;220,8;221,2;221,6;222,0;222,4;222,6;222,7;222,8;223,0;219,7;220,1;220,4;220,7;221,1;221,5;221,9;222,2;222,6;222,8;223,0;223,1;223,3;220,3;220,6;220,8;221,1;221,5;221,8;222,2;222,5;222,9;223,1;223,3;223,5;223,7;220,9;221,2;221,4;221,6;221,9;222,3;222,6;222,9;223,2;223,4;223,7;223,9;224,1;221,6;221,8;222,0;222,1;222,4;222,7;223,0;223,3;223,6;223,8;224,0;224,3;224,5;222,2;222,4;222,5;222,6;222,9;223,1;223,4;223,7;223,9;224,2;224,4;224,7;225,0
236;217,8;217,7;217,6;217,5;217,4;217,3;217,1;216,9;216,8;216,8;216,8;216,8;216,9;218,3;218,2;218,2;218,2;218,1;218,0;217,9;217,8;217,8;217,8;217,8;217,9;217,9;218,4;218,5;218,6;218,6;218,7;218,8;218,8;218,9;218,9;219,0;219,0;219,1;219,1;218,6;218,8;218,9;219,1;219,3;219,5;219,7;219,8;220,0;220,1;220,1;220,2;220,2;218,7;219,0;219,3;219,6;219,9;220,2;220,4;220,7;221,0;221,1;221,1;221,1;221,1;219,0;219,4;219,7;220,0;220,4;220,8;221,1;221,5;221,9;221,9;221,9;221,9;221,9;219,6;219,9;220,3;220,6;220,9;221,3;221,6;222,0;222,3;222,4;222,4;222,5;222,5;220,2;220,5;220,8;221,1;221,4;221,8;222,1;222,5;222,8;222,9;223,0;223,0;223,1;220,8;221,1;221,4;221,6;222,0;222,3;222,6;223,0;223,3;223,4;223,5;223,5;223,6;221,5;221,7;222,0;222,2;222,5;222,9;223,2;223,5;223,8;223,9;224,0;224,1;224,2;222,3;222,5;222,7;222,9;223,2;223,5;223,8;224,0;224,3;224,4;224,5;224,6;224,7;223,1;223,3;223,5;223,6;223,9;224,1;224,4;224,6;224,9;224,9;225,0;225,1;225,2;223,9;224,0;224,2;224,3;224,5;224,8;225,0;225,2;225,4;225,5;225,6;225,6;225,7
237;218,1;218,0;217,8;217,7;217,4;217,2;216,9;216,6;216,3;216,2;216,1;216,1;216,0;218,6;218,5;218,4;218,3;218,1;217,9;217,7;217,5;217,3;217,2;217,2;217,1;217,0;218,8;218,8;218,8;218,8;218,8;218,7;218,6;218,6;218,5;218,5;218,5;218,4;218,4;219,1;219,1;219,2;219,3;219,4;219,4;219,5;219,6;219,6;219,6;219,6;219,6;219,6;219,3;219,4;219,6;219,8;219,9;220,1;220,3;220,5;220,7;220,7;220,7;220,7;220,6;219,6;219,9;220,1;220,3;220,6;220,8;221,1;221,3;221,6;221,6;221,6;221,6;221,6;220,4;220,6;220,8;221,1;221,3;221,6;221,9;222,1;222,4;222,4;222,4;222,4;222,4;221,2;221,4;221,6;221,8;222,1;222,4;222,6;222,9;223,2;223,2;223,2;223,2;223,2;221,9;222,1;222,3;222,6;222,8;223,1;223,4;223,7;224,0;224,0;224,0;224,0;224,0;222,7;222,9;223,2;223,4;223,6;223,9;224,2;224,4;224,7;224,7;224,7;224,7;224,6;223,7;223,9;224,1;224,3;224,5;224,7;225,0;225,2;225,4;225,4;225,3;225,3;225,2;224,6;224,8;225,0;225,1;225,4;225,6;225,8;226,0;226,2;226,1;226,0;225,9;225,9;225,5;225,7;225,8;226,0;226,2;226,4;226,5;226,7;226,9;226,8;226,7;226,6;226,5
238;218,4;218,2;218,0;217,8;217,4;217,1;216,7;216,2;215,8;215,6;215,5;215,3;215,1;219,0;218,8;218,6;218,5;218,1;217,8;217,5;217,1;216,7;216,6;216,5;216,3;216,1;219,3;219,2;219,1;219,0;218,8;218,6;218,4;218,2;218,0;218,0;217,9;217,8;217,7;219,5;219,5;219,5;219,5;219,4;219,4;219,3;219,3;219,2;219,2;219,1;219,1;219,0;219,8;219,9;219,9;220,0;220,0;220,1;220,2;220,2;220,3;220,3;220,2;220,2;220,2;220,3;220,4;220,5;220,6;220,7;220,9;221,0;221,2;221,3;221,3;221,3;221,2;221,2;221,2;221,3;221,4;221,6;221,7;221,9;222,1;222,3;222,5;222,4;222,4;222,3;222,3;222,1;222,3;222,4;222,5;222,8;223,0;223,2;223,4;223,6;223,5;223,4;223,4;223,3;223,0;223,2;223,3;223,5;223,7;224,0;224,2;224,4;224,7;224,6;224,5;224,4;224,3;224,0;224,2;224,3;224,5;224,7;225,0;225,2;225,4;225,7;225,5;225,4;225,3;225,1;225,1;225,2;225,4;225,6;225,8;226,0;226,2;226,4;226,6;226,4;226,2;226,0;225,8;226,1;226,3;226,5;226,7;226,8;227,0;227,2;227,3;227,5;227,3;227,0;226,8;226,5;227,1;227,3;227,5;227,7;227,8;228,0;228,1;228,3;228,4;228,1;227,8;227,5;227,2
239;219,1;218,9;218,8;218,6;218,3;218,0;217,7;217,3;217,0;216,8;216,7;216,5;216,3;219,7;219,5;219,4;219,3;219,1;218,8;218,5;218,3;218,0;217,8;217,7;217,5;217,4;220,2;220,1;220,1;220,0;219,9;219,7;219,6;219,4;219,3;219,2;219,1;218,9;218,8;220,6;220,7;220,7;220,7;220,6;220,6;220,6;220,5;220,5;220,4;220,3;220,2;220,0;221,1;221,2;221,3;221,3;221,4;221,4;221,5;221,6;221,6;221,5;221,4;221,3;221,1;221,7;221,8;221,9;222,0;222,2;222,3;222,4;222,5;222,7;222,5;222,4;222,3;222,1;222,7;222,8;223,0;223,1;223,2;223,3;223,5;223,6;223,8;223,6;223,5;223,3;223,1;223,7;223,8;224,0;224,1;224,2;224,4;224,5;224,7;224,8;224,6;224,5;224,3;224,1;224,7;224,8;224,9;225,1;225,2;225,4;225,5;225,7;225,8;225,6;225,5;225,3;225,1;225,7;225,8;226,0;226,1;226,2;226,4;226,5;226,7;226,8;226,6;226,3;226,1;225,9;226,9;227,0;227,1;227,2;227,3;227,4;227,5;227,6;227,7;227,4;227,1;226,8;226,6;228,0;228,0;228,1;228,2;228,3;228,3;228,4;228,5;228,6;228,2;227,9;227,6;227,3;229,0;229,1;229,2;229,2;229,3;229,3;229,4;229,4;229,4;229,1;228,7;228,3;228,0
240;219,8;219,6;219,5;219,4;219,2;218,9;218,7;218,4;218,2;218,0;217,9;217,8;217,6;220,4;220,3;220,3;220,2;220,0;219,8;219,6;219,4;219,2;219,1;219,0;218,8;218,6;221,1;221,1;221,1;221,1;221,0;220,9;220,8;220,7;220,6;220,4;220,3;220,1;220,0;221,8;221,8;221,9;221,9;221,9;221,9;221,9;221,8;221,8;221,7;221,5;221,3;221,1;222,4;222,5;222,6;222,7;222,8;222,8;222,9;222,9;223,0;222,8;222,6;222,4;222,1;223,2;223,3;223,5;223,6;223,7;223,8;223,9;223,9;224,0;223,8;223,6;223,3;223,1;224,3;224,4;224,5;224,6;224,7;224,8;224,9;225,0;225,1;224,8;224,6;224,3;224,0;225,4;225,5;225,6;225,7;225,7;225,8;225,9;226,0;226,1;225,8;225,5;225,2;225,0;226,4;226,5;226,6;226,7;226,7;226,8;226,9;227,0;227,1;226,8;226,5;226,2;225,9;227,5;227,6;227,6;227,7;227,8;227,8;227,9;227,9;228,0;227,6;227,3;227,0;226,6;228,7;228,7;228,8;228,8;228,8;228,8;228,8;228,8;228,8;228,5;228,1;227,7;227,3;229,9;229,8;229,8;229,8;229,8;229,7;229,7;229,7;229,7;229,3;228,9;228,4;228,0;231,0;230,9;230,9;230,8;230,7;230,7;230,6;230,6;230,5;230,1;229,6;229,2;228,7
